[{"fields": {"body": "Your order has been recieved succesfully with orderId:1", "timeOfCreate": "2015-11-16T15:01:55.753Z", "seen": 1.0, "link": "orderDetail?orderId=1", "title": "Order Recieved"}, "model": "veggex.notification", "pk": 1}, {"fields": {"body": "Your order has been recieved succesfully with orderId:2", "timeOfCreate": "2015-11-16T17:35:39.676Z", "seen": 1.0, "link": "orderDetail?orderId=2", "title": "Order Recieved"}, "model": "veggex.notification", "pk": 2}, {"fields": {"body": "Your order has been recieved succesfully with orderId:3", "timeOfCreate": "2015-11-17T18:04:55.693Z", "seen": 1.0, "link": "orderDetail?orderId=3", "title": "Order Recieved"}, "model": "veggex.notification", "pk": 3}, {"fields": {"body": "Your order has been recieved succesfully with orderId:4", "timeOfCreate": "2015-11-17T18:44:24.868Z", "seen": 1.0, "link": "orderDetail?orderId=4", "title": "Order Recieved"}, "model": "veggex.notification", "pk": 4}, {"fields": {"body": "Your order has been recieved succesfully with orderId:5", "timeOfCreate": "2015-11-17T18:57:48.521Z", "seen": 1.0, "link": "orderDetail?orderId=5", "title": "Order Recieved"}, "model": "veggex.notification", "pk": 5}, {"fields": {"body": "Your order has been recieved succesfully with orderId:7", "timeOfCreate": "2015-11-18T04:47:47.609Z", "seen": 0.0, "link": "orderDetail?orderId=7", "title": "Order Recieved"}, "model": "veggex.notification", "pk": 6}, {"fields": {"body": "Your order has been recieved succesfully with orderId:8", "timeOfCreate": "2015-11-18T05:02:04.915Z", "seen": 1.0, "link": "orderDetail?orderId=8", "title": "Order Recieved"}, "model": "veggex.notification", "pk": 7}, {"fields": {"body": "Your order has been recieved succesfully with orderId:10", "timeOfCreate": "2015-11-18T07:56:53.479Z", "seen": 0.0, "link": "orderDetail?orderId=10", "title": "Order Recieved"}, "model": "veggex.notification", "pk": 8}, {"fields": {"body": "Your order has been recieved succesfully with orderId:11", "timeOfCreate": "2015-11-18T08:38:06.582Z", "seen": 1.0, "link": "orderDetail?orderId=11", "title": "Order Recieved"}, "model": "veggex.notification", "pk": 9}, {"fields": {"body": "Your order has been recieved succesfully with orderId:12", "timeOfCreate": "2015-11-18T10:41:16.637Z", "seen": 1.0, "link": "orderDetail?orderId=12", "title": "Order Recieved"}, "model": "veggex.notification", "pk": 10}, {"fields": {"body": "Your order has been recieved succesfully with orderId:13", "timeOfCreate": "2015-11-18T10:44:53.619Z", "seen": 1.0, "link": "orderDetail?orderId=13", "title": "Order Recieved"}, "model": "veggex.notification", "pk": 11}, {"fields": {"body": "Your order has been recieved succesfully with orderId:14", "timeOfCreate": "2015-11-18T10:48:05.661Z", "seen": 1.0, "link": "orderDetail?orderId=14", "title": "Order Recieved"}, "model": "veggex.notification", "pk": 12}, {"fields": {"body": "Your order has been recieved succesfully with orderId:15", "timeOfCreate": "2015-11-18T12:34:53.004Z", "seen": 0.0, "link": "orderDetail?orderId=15", "title": "Order Recieved"}, "model": "veggex.notification", "pk": 13}, {"fields": {"body": "Your order has been recieved succesfully with orderId:16", "timeOfCreate": "2015-11-18T12:49:47.228Z", "seen": 0.0, "link": "orderDetail?orderId=16", "title": "Order Recieved"}, "model": "veggex.notification", "pk": 14}, {"fields": {"body": "Your order has been recieved succesfully with orderId:17", "timeOfCreate": "2015-11-18T16:03:06.091Z", "seen": 1.0, "link": "orderDetail?orderId=17", "title": "Order Recieved"}, "model": "veggex.notification", "pk": 15}, {"fields": {"body": "Your order has been recieved succesfully with orderId:18", "timeOfCreate": "2015-11-18T17:34:30.966Z", "seen": 1.0, "link": "orderDetail?orderId=18", "title": "Order Recieved"}, "model": "veggex.notification", "pk": 16}, {"fields": {"body": "Your order has been recieved succesfully with orderId:19", "timeOfCreate": "2015-11-18T17:36:11.229Z", "seen": 1.0, "link": "orderDetail?orderId=19", "title": "Order Recieved"}, "model": "veggex.notification", "pk": 17}, {"fields": {"body": "Your order has been recieved succesfully with orderId:20", "timeOfCreate": "2015-11-18T17:40:05.267Z", "seen": 1.0, "link": "orderDetail?orderId=20", "title": "Order Recieved"}, "model": "veggex.notification", "pk": 18}, {"fields": {"body": "Your order has been recieved succesfully with orderId:21", "timeOfCreate": "2015-11-18T19:01:04.837Z", "seen": 1.0, "link": "orderDetail?orderId=21", "title": "Order Recieved"}, "model": "veggex.notification", "pk": 19}, {"fields": {"body": "Your order has been recieved succesfully with orderId:22", "timeOfCreate": "2015-11-18T19:01:30.833Z", "seen": 1.0, "link": "orderDetail?orderId=22", "title": "Order Recieved"}, "model": "veggex.notification", "pk": 20}, {"fields": {"body": "Your order has been recieved succesfully with orderId:24", "timeOfCreate": "2015-11-19T11:31:36.178Z", "seen": 1.0, "link": "orderDetail?orderId=24", "title": "Order Recieved"}, "model": "veggex.notification", "pk": 21}, {"fields": {"body": "Your order has been recieved succesfully with orderId:25", "timeOfCreate": "2015-11-19T11:48:11.066Z", "seen": 1.0, "link": "orderDetail?orderId=25", "title": "Order Recieved"}, "model": "veggex.notification", "pk": 22}, {"fields": {"body": "Your order has been recieved succesfully with orderId:27", "timeOfCreate": "2015-11-19T12:06:45.137Z", "seen": 1.0, "link": "orderDetail?orderId=27", "title": "Order Recieved"}, "model": "veggex.notification", "pk": 23}, {"fields": {"body": "Your order has been recieved succesfully with orderId:28", "timeOfCreate": "2015-11-19T12:23:52.022Z", "seen": 1.0, "link": "orderDetail?orderId=28", "title": "Order Recieved"}, "model": "veggex.notification", "pk": 24}, {"fields": {"body": "Your order has been recieved succesfully with orderId:29", "timeOfCreate": "2015-11-19T12:38:49.009Z", "seen": 1.0, "link": "orderDetail?orderId=29", "title": "Order Recieved"}, "model": "veggex.notification", "pk": 25}, {"fields": {"body": "Your order has been recieved succesfully with orderId:31", "timeOfCreate": "2015-11-19T21:10:12.689Z", "seen": 1.0, "link": "orderDetail?orderId=31", "title": "Order Recieved"}, "model": "veggex.notification", "pk": 26}, {"fields": {"body": "Your order has been recieved succesfully with orderId:32", "timeOfCreate": "2015-11-19T21:17:54.808Z", "seen": 1.0, "link": "orderDetail?orderId=32", "title": "Order Recieved"}, "model": "veggex.notification", "pk": 27}, {"fields": {"body": "Your order has been recieved succesfully with orderId:33", "timeOfCreate": "2015-11-19T21:27:39.980Z", "seen": 1.0, "link": "orderDetail?orderId=33", "title": "Order Recieved"}, "model": "veggex.notification", "pk": 28}, {"fields": {"body": "Your order has been recieved succesfully with orderId:34", "timeOfCreate": "2015-11-20T08:13:53.217Z", "seen": 1.0, "link": "orderDetail?orderId=34", "title": "Order Recieved"}, "model": "veggex.notification", "pk": 29}, {"fields": {"body": "Your order has been recieved succesfully with orderId:35", "timeOfCreate": "2015-11-20T08:18:57.119Z", "seen": 1.0, "link": "orderDetail?orderId=35", "title": "Order Recieved"}, "model": "veggex.notification", "pk": 30}, {"fields": {"body": "Your order has been recieved succesfully with orderId:36", "timeOfCreate": "2015-11-20T08:21:29.320Z", "seen": 1.0, "link": "orderDetail?orderId=36", "title": "Order Recieved"}, "model": "veggex.notification", "pk": 31}, {"fields": {"body": "Your order has been recieved succesfully with orderId:37", "timeOfCreate": "2015-11-20T08:25:39.441Z", "seen": 1.0, "link": "orderDetail?orderId=37", "title": "Order Recieved"}, "model": "veggex.notification", "pk": 32}, {"fields": {"body": "Your order has been recieved succesfully with orderId:38", "timeOfCreate": "2015-11-20T08:27:46.236Z", "seen": 1.0, "link": "orderDetail?orderId=38", "title": "Order Recieved"}, "model": "veggex.notification", "pk": 33}, {"fields": {"body": "Your order has been recieved succesfully with orderId:40", "timeOfCreate": "2015-11-20T15:50:02.983Z", "seen": 1.0, "link": "orderDetail?orderId=40", "title": "Order Recieved"}, "model": "veggex.notification", "pk": 34}, {"fields": {"body": "Your order has been recieved succesfully with orderId:41", "timeOfCreate": "2015-11-20T15:55:08.507Z", "seen": 1.0, "link": "orderDetail?orderId=41", "title": "Order Recieved"}, "model": "veggex.notification", "pk": 35}, {"fields": {"body": "Your order has been recieved succesfully with orderId:42", "timeOfCreate": "2015-11-20T17:16:07.534Z", "seen": 1.0, "link": "orderDetail?orderId=42", "title": "Order Recieved"}, "model": "veggex.notification", "pk": 36}, {"fields": {"body": "Your order has been recieved succesfully with orderId:43", "timeOfCreate": "2015-11-20T17:23:16.393Z", "seen": 1.0, "link": "orderDetail?orderId=43", "title": "Order Recieved"}, "model": "veggex.notification", "pk": 37}, {"fields": {"body": "Your order has been recieved succesfully with orderId:44", "timeOfCreate": "2015-11-20T17:26:21.826Z", "seen": 1.0, "link": "orderDetail?orderId=44", "title": "Order Recieved"}, "model": "veggex.notification", "pk": 38}, {"fields": {"body": "Your order has been recieved succesfully with orderId:45", "timeOfCreate": "2015-11-20T17:42:26.703Z", "seen": 1.0, "link": "orderDetail?orderId=45", "title": "Order Recieved"}, "model": "veggex.notification", "pk": 39}, {"fields": {"body": "Your order has been recieved succesfully with orderId:46", "timeOfCreate": "2015-11-20T18:10:04.325Z", "seen": 1.0, "link": "orderDetail?orderId=46", "title": "Order Recieved"}, "model": "veggex.notification", "pk": 40}, {"fields": {"body": "Your order has been recieved succesfully with orderId:47", "timeOfCreate": "2015-11-20T18:11:23.715Z", "seen": 1.0, "link": "orderDetail?orderId=47", "title": "Order Recieved"}, "model": "veggex.notification", "pk": 41}, {"fields": {"body": "Your order has been received successfully with OrderId:48", "timeOfCreate": "2015-11-20T18:19:10.384Z", "seen": 1.0, "link": "orderDetail?orderId=48", "title": "Order Recieved"}, "model": "veggex.notification", "pk": 42}, {"fields": {"body": "Your order has been received successfully with OrderId:49", "timeOfCreate": "2015-11-20T18:23:31.911Z", "seen": 1.0, "link": "orderDetail?orderId=49", "title": "Order Recieved"}, "model": "veggex.notification", "pk": 43}, {"fields": {"body": "Your order has been received successfully with OrderId:51", "timeOfCreate": "2015-11-20T18:49:26.978Z", "seen": 1.0, "link": "orderDetail?orderId=51", "title": "Order Recieved"}, "model": "veggex.notification", "pk": 44}, {"fields": {"body": "Your order has been received successfully with OrderId:53", "timeOfCreate": "2015-11-20T18:58:51.579Z", "seen": 1.0, "link": "orderDetail?orderId=53", "title": "Order Recieved"}, "model": "veggex.notification", "pk": 45}, {"fields": {"body": "Your order has been received successfully with OrderId:57", "timeOfCreate": "2015-11-20T19:06:36.701Z", "seen": 1.0, "link": "orderDetail?orderId=57", "title": "Order Recieved"}, "model": "veggex.notification", "pk": 46}, {"fields": {"body": "Your order has been received successfully with OrderId:61", "timeOfCreate": "2015-11-20T19:13:54.212Z", "seen": 0.0, "link": "orderDetail?orderId=61", "title": "Order Recieved"}, "model": "veggex.notification", "pk": 47}, {"fields": {"body": "Your order with Order Id: 62 has been created.", "timeOfCreate": "2015-11-20T22:54:07.779Z", "seen": 1.0, "link": "orderDetail?orderId=62", "title": "Order Recieved"}, "model": "veggex.notification", "pk": 48}, {"fields": {"body": "Your order with Order Id: 63 has been created.", "timeOfCreate": "2015-11-20T23:19:50.816Z", "seen": 1.0, "link": "orderDetail?orderId=63", "title": "Order Recieved"}, "model": "veggex.notification", "pk": 49}, {"fields": {"body": "Your order with Order Id: 64 has been created.", "timeOfCreate": "2015-11-20T23:31:48.085Z", "seen": 1.0, "link": "orderDetail?orderId=64", "title": "Order Recieved"}, "model": "veggex.notification", "pk": 50}, {"fields": {"body": "Your order has been recieved succesfully with orderId:65", "timeOfCreate": "2015-11-21T04:39:30.996Z", "seen": 1.0, "link": "orderDetail?orderId=65", "title": "Order Recieved"}, "model": "veggex.notification", "pk": 51}, {"fields": {"body": "Your order with Order Id: 66 has been created.", "timeOfCreate": "2015-11-21T13:45:11.208Z", "seen": 1.0, "link": "orderDetail?orderId=66", "title": "Order Recieved"}, "model": "veggex.notification", "pk": 52}, {"fields": {"body": "Your order with Order Id: 67 has been created.", "timeOfCreate": "2015-11-21T18:10:29.410Z", "seen": 0.0, "link": "orderDetail?orderId=67", "title": "Order Recieved"}, "model": "veggex.notification", "pk": 53}, {"fields": {"body": "Your order has been recieved succesfully with orderId:68", "timeOfCreate": "2015-11-22T08:08:44.258Z", "seen": 0.0, "link": "orderDetail?orderId=68", "title": "Order Recieved"}, "model": "veggex.notification", "pk": 54}, {"fields": {"body": "Your order has been recieved succesfully with orderId:69", "timeOfCreate": "2015-11-22T08:14:01.029Z", "seen": 0.0, "link": "orderDetail?orderId=69", "title": "Order Recieved"}, "model": "veggex.notification", "pk": 55}, {"fields": {"body": "Your order has been recieved succesfully with orderId:70", "timeOfCreate": "2015-11-22T10:42:20.849Z", "seen": 0.0, "link": "orderDetail?orderId=70", "title": "Order Recieved"}, "model": "veggex.notification", "pk": 56}, {"fields": {"body": "Your order has been recieved succesfully with orderId:71", "timeOfCreate": "2015-11-22T10:45:24.542Z", "seen": 0.0, "link": "orderDetail?orderId=71", "title": "Order Recieved"}, "model": "veggex.notification", "pk": 57}, {"fields": {"body": "Your order has been recieved succesfully with orderId:72", "timeOfCreate": "2015-11-22T10:46:36.748Z", "seen": 0.0, "link": "orderDetail?orderId=72", "title": "Order Recieved"}, "model": "veggex.notification", "pk": 58}, {"fields": {"body": "Your order has been recieved succesfully with orderId:73", "timeOfCreate": "2015-11-22T10:48:15.687Z", "seen": 0.0, "link": "orderDetail?orderId=73", "title": "Order Recieved"}, "model": "veggex.notification", "pk": 59}, {"fields": {"body": "Your order has been recieved succesfully with orderId:74", "timeOfCreate": "2015-11-22T10:51:28.428Z", "seen": 0.0, "link": "orderDetail?orderId=74", "title": "Order Recieved"}, "model": "veggex.notification", "pk": 60}, {"fields": {"body": "Your order has been recieved succesfully with orderId:75", "timeOfCreate": "2015-11-22T13:32:49.564Z", "seen": 0.0, "link": "orderDetail?orderId=75", "title": "Order Recieved"}, "model": "veggex.notification", "pk": 61}, {"fields": {"body": "Your order with Order Id: 76 has been created.", "timeOfCreate": "2015-11-22T14:34:40.075Z", "seen": 0.0, "link": "orderDetail?orderId=76", "title": "Order Recieved"}, "model": "veggex.notification", "pk": 62}, {"fields": {"body": "Your order has been recieved succesfully with orderId:77", "timeOfCreate": "2015-11-22T17:33:50.656Z", "seen": 0.0, "link": "orderDetail?orderId=77", "title": "Order Recieved"}, "model": "veggex.notification", "pk": 63}, {"fields": {"body": "Your order has been recieved succesfully with orderId:78", "timeOfCreate": "2015-11-22T17:42:08.853Z", "seen": 0.0, "link": "orderDetail?orderId=78", "title": "Order Recieved"}, "model": "veggex.notification", "pk": 64}, {"fields": {"body": "Your order has been recieved succesfully with orderId:79", "timeOfCreate": "2015-11-23T09:24:37.598Z", "seen": 0.0, "link": "orderDetail?orderId=79", "title": "Order Recieved"}, "model": "veggex.notification", "pk": 65}, {"fields": {"body": "Your order has been recieved succesfully with orderId:80", "timeOfCreate": "2015-11-23T09:25:15.349Z", "seen": 0.0, "link": "orderDetail?orderId=80", "title": "Order Recieved"}, "model": "veggex.notification", "pk": 66}, {"fields": {"body": "Your order has been recieved succesfully with orderId:81", "timeOfCreate": "2015-11-23T09:25:28.510Z", "seen": 0.0, "link": "orderDetail?orderId=81", "title": "Order Recieved"}, "model": "veggex.notification", "pk": 67}, {"fields": {"body": "Your order has been recieved succesfully with orderId:82", "timeOfCreate": "2015-11-23T09:29:55.793Z", "seen": 0.0, "link": "orderDetail?orderId=82", "title": "Order Recieved"}, "model": "veggex.notification", "pk": 68}, {"fields": {"body": "Your order has been recieved succesfully with orderId:83", "timeOfCreate": "2015-11-23T09:44:09.031Z", "seen": 0.0, "link": "orderDetail?orderId=83", "title": "Order Recieved"}, "model": "veggex.notification", "pk": 69}, {"fields": {"body": "Your order has been recieved succesfully with orderId:84", "timeOfCreate": "2015-11-24T16:34:57.608Z", "seen": 0.0, "link": "orderDetail?orderId=84", "title": "Order Recieved"}, "model": "veggex.notification", "pk": 70}, {"fields": {"body": "Your order has been recieved succesfully with orderId:85", "timeOfCreate": "2015-11-25T04:23:14.157Z", "seen": 0.0, "link": "orderDetail?orderId=85", "title": "Order Recieved"}, "model": "veggex.notification", "pk": 71}, {"fields": {"body": "Your order has been recieved succesfully with orderId:86", "timeOfCreate": "2015-11-25T05:25:03.122Z", "seen": 0.0, "link": "orderDetail?orderId=86", "title": "Order Recieved"}, "model": "veggex.notification", "pk": 72}, {"fields": {"body": "Your order has been recieved succesfully with orderId:87", "timeOfCreate": "2015-11-25T08:09:08.108Z", "seen": 0.0, "link": "orderDetail?orderId=87", "title": "Order Recieved"}, "model": "veggex.notification", "pk": 73}, {"fields": {"body": "Your order with Vendo1 of amount 2893248284.0 has been created.", "timeOfCreate": "2015-11-26T19:17:10.449Z", "seen": 0.0, "link": "orderDetail?orderId=88", "title": "Order Recieved"}, "model": "veggex.notification", "pk": 74}, {"fields": {"body": "Your order with Meat Seller of amount 100.0 has been created.", "timeOfCreate": "2015-11-26T19:20:35.584Z", "seen": 1.0, "link": "orderDetail?orderId=89", "title": "Order Recieved"}, "model": "veggex.notification", "pk": 75}, {"fields": {"body": "Your order with Fruits & Vegetables Seller of amount 130.0 has been created.", "timeOfCreate": "2015-11-26T19:22:05.413Z", "seen": 1.0, "link": "orderDetail?orderId=90", "title": "Order Recieved"}, "model": "veggex.notification", "pk": 76}, {"fields": {"body": "Your order with Vendo1 of amount 236.0has been created.", "timeOfCreate": "2015-11-26T20:08:32.412Z", "seen": 1.0, "link": "orderDetail?orderId=91", "title": "Order Recieved"}, "model": "veggex.notification", "pk": 77}, {"fields": {"body": "Your order with Fruits & Vegetables Seller of amount 500.0 has been created.", "timeOfCreate": "2015-11-26T20:13:46.087Z", "seen": 0.0, "link": "orderDetail?orderId=92", "title": "Order Recieved"}, "model": "veggex.notification", "pk": 78}, {"fields": {"body": "Your order with Vendo1 of amount 156.0has been created.", "timeOfCreate": "2015-11-26T22:26:15.855Z", "seen": 0.0, "link": "orderDetail?orderId=93", "title": "Order Recieved"}, "model": "veggex.notification", "pk": 79}, {"fields": {"body": "Your order with 2 of amount 200.0 has been created.", "timeOfCreate": "2015-11-27T08:39:28.024Z", "seen": 0.0, "link": "orderDetail?orderId=94", "title": "Order Recieved"}, "model": "veggex.notification", "pk": 80}, {"fields": {"body": "Your order with 3 of amount 400.0 has been created.", "timeOfCreate": "2015-11-27T08:39:52.471Z", "seen": 0.0, "link": "orderDetail?orderId=95", "title": "Order Recieved"}, "model": "veggex.notification", "pk": 81}, {"fields": {"body": "Your order with 1 of amount 250.0 has been created.", "timeOfCreate": "2015-11-27T08:40:30.700Z", "seen": 0.0, "link": "orderDetail?orderId=96", "title": "Order Recieved"}, "model": "veggex.notification", "pk": 82}, {"fields": {"body": "Your order with 1 INR 1000.0 has been created.", "timeOfCreate": "2015-11-27T08:56:10.777Z", "seen": 0.0, "link": "orderDetail?orderId=97", "title": "Order Recieved"}, "model": "veggex.notification", "pk": 83}, {"fields": {"body": "Your order with 1of INR 500.0 has been created.", "timeOfCreate": "2015-11-27T09:02:14.122Z", "seen": 0.0, "link": "orderDetail?orderId=98", "title": "Order Recieved"}, "model": "veggex.notification", "pk": 84}, {"fields": {"body": "Your order with 1of INR 700.0 has been created.", "timeOfCreate": "2015-11-27T09:03:00.572Z", "seen": 0.0, "link": "orderDetail?orderId=99", "title": "Order Recieved"}, "model": "veggex.notification", "pk": 85}, {"fields": {"body": "Your order with 3 of INR 6666.0 has been created.", "timeOfCreate": "2015-11-27T09:05:37.042Z", "seen": 0.0, "link": "orderDetail?orderId=100", "title": "Order Recieved"}, "model": "veggex.notification", "pk": 86}, {"fields": {"body": "Your order with 3 of INR 6666.0 has been created.", "timeOfCreate": "2015-11-27T09:05:37.620Z", "seen": 0.0, "link": "orderDetail?orderId=101", "title": "Order Recieved"}, "model": "veggex.notification", "pk": 87}, {"fields": {"body": "Your order with 2 of INR 5656.0 has been created.", "timeOfCreate": "2015-11-27T09:06:04.375Z", "seen": 0.0, "link": "orderDetail?orderId=102", "title": "Order Recieved"}, "model": "veggex.notification", "pk": 88}, {"fields": {"body": "Your order with 2 of INR 1234.0 has been created.", "timeOfCreate": "2015-11-27T09:06:25.383Z", "seen": 0.0, "link": "orderDetail?orderId=103", "title": "Order Recieved"}, "model": "veggex.notification", "pk": 89}, {"fields": {"body": "Your order with 2 of INR 1234.0 has been created.", "timeOfCreate": "2015-11-27T09:06:26.471Z", "seen": 0.0, "link": "orderDetail?orderId=104", "title": "Order Recieved"}, "model": "veggex.notification", "pk": 90}, {"fields": {"body": "Your order with 1 of INR 9786.0 has been created.", "timeOfCreate": "2015-11-27T09:07:53.200Z", "seen": 1.0, "link": "orderDetail?orderId=105", "title": "Order Recieved"}, "model": "veggex.notification", "pk": 91}, {"fields": {"body": "Your order with 1 of INR 9786.0 has been created.", "timeOfCreate": "2015-11-27T09:07:53.212Z", "seen": 0.0, "link": "orderDetail?orderId=106", "title": "Order Recieved"}, "model": "veggex.notification", "pk": 92}, {"fields": {"body": "Your order with Fruits & Vegetables Seller of INR 2880.0 has been created.", "timeOfCreate": "2015-11-27T09:36:14.004Z", "seen": 1.0, "link": "orderDetail?orderId=107", "title": "Order Recieved"}, "model": "veggex.notification", "pk": 93}, {"fields": {"body": "Your order with Demo vendor_7 of INR 535.0 has been created.", "timeOfCreate": "2015-11-27T13:38:41.727Z", "seen": 1.0, "link": "orderDetail?orderId=108", "title": "Order Recieved"}, "model": "veggex.notification", "pk": 94}, {"fields": {"body": "Your order with Demo vendor_2 of INR 105.0has been created.", "timeOfCreate": "2015-11-27T14:07:19.667Z", "seen": 0.0, "link": "orderDetail?orderId=109", "title": "Order Recieved"}, "model": "veggex.notification", "pk": 95}, {"fields": {"body": "Your order with Demo vendor_4 of INR 1814.0 has been created.", "timeOfCreate": "2015-11-27T15:54:19.045Z", "seen": 1.0, "link": "orderDetail?orderId=110", "title": "Order Recieved"}, "model": "veggex.notification", "pk": 96}, {"fields": {"body": "Your order with Demo vendor_5 of INR 70.0 has been created.", "timeOfCreate": "2015-11-27T15:58:03.654Z", "seen": 1.0, "link": "orderDetail?orderId=111", "title": "Order Recieved"}, "model": "veggex.notification", "pk": 97}, {"fields": {"body": "Your order with Demo vendor_4 of INR 250.0 has been created.", "timeOfCreate": "2015-11-27T16:00:53.499Z", "seen": 0.0, "link": "orderDetail?orderId=112", "title": "Order Recieved"}, "model": "veggex.notification", "pk": 98}, {"fields": {"body": "Your order with Demo vendor_1 of INR 570.0has been created.", "timeOfCreate": "2015-11-27T17:06:59.234Z", "seen": 0.0, "link": "orderDetail?orderId=113", "title": "Order Recieved"}, "model": "veggex.notification", "pk": 99}, {"fields": {"body": "Your order with Demo vendor_3 of INR 625.0has been created.", "timeOfCreate": "2015-11-27T17:17:45.881Z", "seen": 0.0, "link": "orderDetail?orderId=114", "title": "Order Recieved"}, "model": "veggex.notification", "pk": 100}, {"fields": {"body": "Your order with Demo vendor_1 of INR 625.0has been created.", "timeOfCreate": "2015-11-28T05:54:25.693Z", "seen": 0.0, "link": "orderDetail?orderId=115", "title": "Order Recieved"}, "model": "veggex.notification", "pk": 101}, {"fields": {"body": "Your order with Demo vendor_1 of INR 180.0has been created.", "timeOfCreate": "2015-11-28T11:00:17.158Z", "seen": 0.0, "link": "orderDetail?orderId=116", "title": "Order Recieved"}, "model": "veggex.notification", "pk": 102}, {"fields": {"body": "Your order with Demo vendor_2 of INR 1134.0has been created.", "timeOfCreate": "2015-11-28T12:32:46.442Z", "seen": 0.0, "link": "orderDetail?orderId=117", "title": "Order Recieved"}, "model": "veggex.notification", "pk": 103}, {"fields": {"body": "Your order with Demo vendor_3 of INR 625.0has been created.", "timeOfCreate": "2015-11-28T13:08:03.331Z", "seen": 1.0, "link": "orderDetail?orderId=118", "title": "Order Recieved"}, "model": "veggex.notification", "pk": 104}, {"fields": {"body": "Your order with Demo vendor_1 of INR 560.0has been created.", "timeOfCreate": "2015-11-28T13:18:14.454Z", "seen": 1.0, "link": "orderDetail?orderId=119", "title": "Order Recieved"}, "model": "veggex.notification", "pk": 105}, {"fields": {"body": "Your order with Demo vendor_4 of INR 3875.0 has been created.", "timeOfCreate": "2015-11-29T11:29:11.676Z", "seen": 0.0, "link": "orderDetail?orderId=120", "title": "Order Recieved"}, "model": "veggex.notification", "pk": 106}, {"fields": {"body": "Your order with Demo vendor_1 of INR 750.0has been created.", "timeOfCreate": "2015-11-29T13:18:46.097Z", "seen": 0.0, "link": "orderDetail?orderId=121", "title": "Order Recieved"}, "model": "veggex.notification", "pk": 107}, {"fields": {"body": "Your order with Demo vendor_1 of INR 121.0 has been created.", "timeOfCreate": "2015-11-29T15:47:55.391Z", "seen": 0.0, "link": "orderDetail?orderId=122", "title": "Order Recieved"}, "model": "veggex.notification", "pk": 108}, {"fields": {"body": "Your order with Demo vendor_2 of INR 2000has been created.", "timeOfCreate": "2015-11-29T17:23:02.469Z", "seen": 0.0, "link": "orderDetail?orderId=123", "title": "Order Recieved"}, "model": "veggex.notification", "pk": 109}, {"fields": {"body": "Your order with Demo vendor_5 of INR 5588has been created.", "timeOfCreate": "2015-11-29T17:36:58.005Z", "seen": 1.0, "link": "orderDetail?orderId=124", "title": "Order Recieved"}, "model": "veggex.notification", "pk": 110}, {"fields": {"body": "Your order with Demo vendor_2 of INR 40.0has been created.", "timeOfCreate": "2015-11-30T16:33:01.485Z", "seen": 0.0, "link": "orderDetail?orderId=125", "title": "Order Recieved"}, "model": "veggex.notification", "pk": 111}, {"fields": {"body": "Your order with Demo vendor_1 of INR 60.0has been created.", "timeOfCreate": "2015-11-30T16:35:39.214Z", "seen": 0.0, "link": "orderDetail?orderId=126", "title": "Order Recieved"}, "model": "veggex.notification", "pk": 112}, {"fields": {"body": "Your order with Demo vendor_1 of INR 288has been created.", "timeOfCreate": "2015-11-30T16:39:05.460Z", "seen": 0.0, "link": "orderDetail?orderId=127", "title": "Order Recieved"}, "model": "veggex.notification", "pk": 113}, {"fields": {"body": "Your order with Demo vendor_2 of INR 56has been created.", "timeOfCreate": "2015-11-30T16:53:00.798Z", "seen": 0.0, "link": "orderDetail?orderId=128", "title": "Order Recieved"}, "model": "veggex.notification", "pk": 114}, {"fields": {"body": "Your order with Demo vendor_5 of INR 2.55555555556e+41 has been created.", "timeOfCreate": "2015-11-30T18:01:04.320Z", "seen": 0.0, "link": "orderDetail?orderId=129", "title": "Order Recieved"}, "model": "veggex.notification", "pk": 115}, {"fields": {"body": "Your order with Demo vendor_2 of INR 8.52973333333e+19has been created.", "timeOfCreate": "2015-12-01T06:52:17.988Z", "seen": 0.0, "link": "orderDetail?orderId=130", "title": "Order Recieved"}, "model": "veggex.notification", "pk": 116}, {"fields": {"body": "Your order with Demo vendor_1 of INR 1300.0has been created.", "timeOfCreate": "2015-12-01T09:49:24.523Z", "seen": 1.0, "link": "orderDetail?orderId=131", "title": "Order Recieved"}, "model": "veggex.notification", "pk": 117}, {"fields": {"body": "Your order with Demo vendor_1 of INR 30000has been created.", "timeOfCreate": "2015-12-02T16:36:52.464Z", "seen": 1.0, "link": "orderDetail?orderId=132", "title": "Order Recieved"}, "model": "veggex.notification", "pk": 118}, {"fields": {"city": "IIT Delhi, Hauz Khas", "state": "New Delhi", "pincode": 110016, "area": "Zanskar Hostel"}, "model": "veggex.address", "pk": 1}, {"fields": {"city": "IIT Delhi, Hauz Khas", "state": "New Delhi", "pincode": 110016, "area": "Shivalik Hostel"}, "model": "veggex.address", "pk": 2}, {"fields": {"city": "IIT Delhi, Hauz Khas", "state": "New Delhi", "pincode": 110016, "area": "Karakoram Hostel"}, "model": "veggex.address", "pk": 3}, {"fields": {"city": "", "state": "", "pincode": null, "area": ""}, "model": "veggex.address", "pk": 71}, {"fields": {"city": "", "state": "", "pincode": null, "area": ""}, "model": "veggex.address", "pk": 72}, {"fields": {"city": "", "state": "", "pincode": null, "area": ""}, "model": "veggex.address", "pk": 73}, {"fields": {"city": "", "state": "", "pincode": null, "area": ""}, "model": "veggex.address", "pk": 74}, {"fields": {"city": "New Delhi", "state": "Delhi", "pincode": 110070, "area": "Vasant Kunj"}, "model": "veggex.address", "pk": 75}, {"fields": {"city": "Delhi", "state": "", "pincode": null, "area": ""}, "model": "veggex.address", "pk": 76}, {"fields": {"city": "", "state": "", "pincode": null, "area": ""}, "model": "veggex.address", "pk": 77}, {"fields": {"city": "New Delhi", "state": "Delhi", "pincode": 110016, "area": "C1 D, Green Park"}, "model": "veggex.address", "pk": 78}, {"fields": {"city": "", "state": "", "pincode": null, "area": ""}, "model": "veggex.address", "pk": 79}, {"fields": {"city": "New Delhi", "state": "Delhi", "pincode": 110016, "area": "S14, Green Park"}, "model": "veggex.address", "pk": 80}, {"fields": {"city": "", "state": "", "pincode": null, "area": ""}, "model": "veggex.address", "pk": 81}, {"fields": {"city": "", "state": "", "pincode": null, "area": ""}, "model": "veggex.address", "pk": 82}, {"fields": {"description": "Vegetables", "name": "Vegetables", "coverphoto": ""}, "model": "veggex.category", "pk": 1}, {"fields": {"description": "Fruits", "name": "Fruits", "coverphoto": ""}, "model": "veggex.category", "pk": 2}, {"fields": {"description": "Bread, Dairy & Eggs", "name": "Bread, Dairy & Eggs", "coverphoto": ""}, "model": "veggex.category", "pk": 3}, {"fields": {"description": "Grocery", "name": "Grocery", "coverphoto": ""}, "model": "veggex.category", "pk": 4}, {"fields": {"description": "Spices", "name": "Spices", "coverphoto": ""}, "model": "veggex.category", "pk": 5}, {"fields": {"description": "Sauces & Noodles", "name": "Sauces & Noodles", "coverphoto": ""}, "model": "veggex.category", "pk": 6}, {"fields": {"description": "Pulses", "name": "Pulses", "coverphoto": ""}, "model": "veggex.category", "pk": 7}, {"fields": {"description": "Salt & Sugar", "name": "Salt & Sugar", "coverphoto": ""}, "model": "veggex.category", "pk": 8}, {"fields": {"description": "Rice & Rice Products", "name": "Rice & Rice Products", "coverphoto": ""}, "model": "veggex.category", "pk": 9}, {"fields": {"description": "Packing Material", "name": "Packing Material", "coverphoto": ""}, "model": "veggex.category", "pk": 10}, {"fields": {"description": "Canned & Frozen Foods", "name": "Canned & Frozen Foods", "coverphoto": ""}, "model": "veggex.category", "pk": 11}, {"fields": {"description": "Meat", "name": "Meat", "coverphoto": ""}, "model": "veggex.category", "pk": 12}, {"fields": {"description": "Miscellaneous", "name": "Miscellaneous", "coverphoto": ""}, "model": "veggex.category", "pk": 13}, {"fields": {"status": 1.0, "rating": 0.0, "typeOfSeller": "offline", "notifications": [], "mobileNo": 9999999999, "profilePhoto": "./No_image_available.png", "nameOfSeller": "Directory", "directory": true, "address": 1, "mailId": "no mail id", "password": "pbkdf2_sha256$20000$xcPbF0CMVCyw$eZECZo2qDkuIVr8+UxTiIosfDPdHx6mMQNhUbp3AAjM=", "categories": "all"}, "model": "veggex.seller", "pk": 1}, {"fields": {"status": 1.0, "rating": 0.0, "typeOfSeller": "offline", "notifications": [], "mobileNo": 9999999999, "profilePhoto": "./No_image_available.png", "nameOfSeller": "Demo vendor_1", "directory": false, "address": 1, "mailId": "demo@mive.in", "password": "pbkdf2_sha256$20000$xcPbF0CMVCyw$eZECZo2qDkuIVr8+UxTiIosfDPdHx6mMQNhUbp3AAjM=", "categories": "all"}, "model": "veggex.seller", "pk": 2}, {"fields": {"status": 1.0, "rating": 0.0, "typeOfSeller": "offline", "notifications": [], "mobileNo": 8888888888, "profilePhoto": "./No_image_available.png", "nameOfSeller": "Demo vendor_2", "directory": false, "address": 2, "mailId": "demo@mive.in", "password": "pbkdf2_sha256$20000$xcPbF0CMVCyw$eZECZo2qDkuIVr8+UxTiIosfDPdHx6mMQNhUbp3AAjM=", "categories": "all"}, "model": "veggex.seller", "pk": 3}, {"fields": {"status": 1.0, "rating": 0.0, "typeOfSeller": "offline", "notifications": [], "mobileNo": 9898989898, "profilePhoto": "./No_image_available.png", "nameOfSeller": "Demo vendor_3", "directory": false, "address": 3, "mailId": "demo@mive.in", "password": "pbkdf2_sha256$20000$xcPbF0CMVCyw$eZECZo2qDkuIVr8+UxTiIosfDPdHx6mMQNhUbp3AAjM=", "categories": "all"}, "model": "veggex.seller", "pk": 5}, {"fields": {"status": 1.0, "rating": 0.0, "typeOfSeller": "offline", "notifications": [], "mobileNo": 7777777777, "profilePhoto": "./No_image_available.png", "nameOfSeller": "Demo vendor_4", "directory": false, "address": 71, "mailId": "", "password": "pbkdf2_sha256$20000$xcPbF0CMVCyw$eZECZo2qDkuIVr8+UxTiIosfDPdHx6mMQNhUbp3AAjM=", "categories": "Fruits & Veggies"}, "model": "veggex.seller", "pk": 74}, {"fields": {"status": 1.0, "rating": 0.0, "typeOfSeller": "offline", "notifications": [], "mobileNo": 7878787878, "profilePhoto": "./No_image_available.png", "nameOfSeller": "Demo vendor_5", "directory": false, "address": 72, "mailId": "", "password": "pbkdf2_sha256$20000$xcPbF0CMVCyw$eZECZo2qDkuIVr8+UxTiIosfDPdHx6mMQNhUbp3AAjM=", "categories": "Dairy Products"}, "model": "veggex.seller", "pk": 75}, {"fields": {"status": 1.0, "rating": 0.0, "typeOfSeller": "offline", "notifications": [], "mobileNo": 8787878787, "profilePhoto": "./No_image_available.png", "nameOfSeller": "Demo vendor_6", "directory": false, "address": 73, "mailId": "", "password": "pbkdf2_sha256$20000$xcPbF0CMVCyw$eZECZo2qDkuIVr8+UxTiIosfDPdHx6mMQNhUbp3AAjM=", "categories": "Grocery"}, "model": "veggex.seller", "pk": 76}, {"fields": {"status": 1.0, "rating": 0.0, "typeOfSeller": "offline", "notifications": [], "mobileNo": 9250002928, "profilePhoto": "./No_image_available.png", "nameOfSeller": "Gaurav", "directory": false, "address": 76, "mailId": "", "password": "pbkdf2_sha256$20000$xcPbF0CMVCyw$eZECZo2qDkuIVr8+UxTiIosfDPdHx6mMQNhUbp3AAjM=", "categories": "All"}, "model": "veggex.seller", "pk": 78}, {"fields": {"status": 1.0, "rating": 0.0, "typeOfSeller": "offline", "notifications": [], "mobileNo": 9910422567, "profilePhoto": "./No_image_available.png", "nameOfSeller": "sai foods", "directory": false, "address": 79, "mailId": "", "password": "pbkdf2_sha256$20000$xcPbF0CMVCyw$eZECZo2qDkuIVr8+UxTiIosfDPdHx6mMQNhUbp3AAjM=", "categories": "frozen foods"}, "model": "veggex.seller", "pk": 80}, {"fields": {"status": 1.0, "rating": 0.0, "typeOfSeller": "offline", "notifications": [], "mobileNo": 978654233422323232, "profilePhoto": "./No_image_available.png", "nameOfSeller": "", "directory": false, "address": 81, "mailId": "", "password": "pbkdf2_sha256$20000$xcPbF0CMVCyw$eZECZo2qDkuIVr8+UxTiIosfDPdHx6mMQNhUbp3AAjM=", "categories": "All"}, "model": "veggex.seller", "pk": 81}, {"fields": {"status": 1.0, "rating": 0.0, "typeOfSeller": "offline", "notifications": [], "mobileNo": 6, "profilePhoto": "./No_image_available.png", "nameOfSeller": "fs", "directory": false, "address": 82, "mailId": "", "password": "pbkdf2_sha256$20000$xcPbF0CMVCyw$eZECZo2qDkuIVr8+UxTiIosfDPdHx6mMQNhUbp3AAjM=", "categories": "All"}, "model": "veggex.seller", "pk": 82}, {"fields": {"category": 1, "origin": "", "qualityRemarks": "Custom Product", "name": "Tomato (Salad)", "grade": null, "pricePerUnit": 0.0, "isPerishable": false, "related_products": [], "seller": 1, "status": 1.0, "unit": "Kg", "maxAvailableUnits": 100000.0, "popularityIndex": 1.0, "coverphoto": "./Tomato-Salad.jpg", "priceType": "custom rates", "description": "not available"}, "model": "veggex.product", "pk": 1}, {"fields": {"category": 2, "origin": "", "qualityRemarks": "Custom Product", "name": "Banana", "grade": null, "pricePerUnit": 0.0, "isPerishable": false, "related_products": [], "seller": 1, "status": 1.0, "unit": "Kg", "maxAvailableUnits": 100000.0, "popularityIndex": 1.0, "coverphoto": "./banana_lnrAn9n.jpg", "priceType": "custom rates", "description": "not available"}, "model": "veggex.product", "pk": 4}, {"fields": {"category": 1, "origin": "", "qualityRemarks": "Custom Product", "name": "Beans", "grade": null, "pricePerUnit": 0.0, "isPerishable": false, "related_products": [], "seller": 1, "status": 1.0, "unit": "Kg", "maxAvailableUnits": 100000.0, "popularityIndex": 1.0, "coverphoto": "./beans_0r4PjN1.jpg", "priceType": "custom rates", "description": "not available"}, "model": "veggex.product", "pk": 5}, {"fields": {"category": 1, "origin": "", "qualityRemarks": "Custom Product", "name": "Bottle Goard", "grade": null, "pricePerUnit": 0.0, "isPerishable": false, "related_products": [], "seller": 1, "status": 1.0, "unit": "Kg", "maxAvailableUnits": 100000.0, "popularityIndex": 1.0, "coverphoto": "./Bottle_Goard_bcoylzT.jpg", "priceType": "custom rates", "description": "not available"}, "model": "veggex.product", "pk": 6}, {"fields": {"category": 1, "origin": "", "qualityRemarks": "Custom Product", "name": "Capsicum Green", "grade": null, "pricePerUnit": 0.0, "isPerishable": false, "related_products": [], "seller": 1, "status": 1.0, "unit": "Kg", "maxAvailableUnits": 100000.0, "popularityIndex": 1.0, "coverphoto": "./capsicum_uO2Cgav.jpg", "priceType": "custom rates", "description": "not available"}, "model": "veggex.product", "pk": 8}, {"fields": {"category": 1, "origin": "", "qualityRemarks": "Custom Product", "name": "Capsicum Red", "grade": null, "pricePerUnit": 0.0, "isPerishable": false, "related_products": [], "seller": 1, "status": 1.0, "unit": "Kg", "maxAvailableUnits": 100000.0, "popularityIndex": 1.0, "coverphoto": "./capsicum_red_dC99Htc.jpg", "priceType": "custom rates", "description": "not available"}, "model": "veggex.product", "pk": 9}, {"fields": {"category": 1, "origin": "", "qualityRemarks": "Custom Product", "name": "Capsicum Yellow", "grade": null, "pricePerUnit": 0.0, "isPerishable": false, "related_products": [], "seller": 1, "status": 1.0, "unit": "Kg", "maxAvailableUnits": 100000.0, "popularityIndex": 1.0, "coverphoto": "./capsicum-yellow.jpg", "priceType": "custom rates", "description": "not available"}, "model": "veggex.product", "pk": 10}, {"fields": {"category": 1, "origin": "", "qualityRemarks": "Custom Product", "name": "Cauliflower", "grade": null, "pricePerUnit": 0.0, "isPerishable": false, "related_products": [], "seller": 1, "status": 1.0, "unit": "Kg", "maxAvailableUnits": 100000.0, "popularityIndex": 1.0, "coverphoto": "./cauliflower_lX51r0m.jpg", "priceType": "custom rates", "description": "not available"}, "model": "veggex.product", "pk": 11}, {"fields": {"category": 1, "origin": "", "qualityRemarks": "Custom Product", "name": "Coriander Green", "grade": null, "pricePerUnit": 0.0, "isPerishable": false, "related_products": [], "seller": 1, "status": 1.0, "unit": "Kg", "maxAvailableUnits": 100000.0, "popularityIndex": 1.0, "coverphoto": "./coriander_green_UIsJvBw.jpg", "priceType": "custom rates", "description": "not available"}, "model": "veggex.product", "pk": 12}, {"fields": {"category": 1, "origin": "", "qualityRemarks": "Custom Product", "name": "Cucumber", "grade": null, "pricePerUnit": 0.0, "isPerishable": false, "related_products": [], "seller": 1, "status": 1.0, "unit": "Kg", "maxAvailableUnits": 100000.0, "popularityIndex": 1.0, "coverphoto": "./cucumber_3gbJ8W6.jpg", "priceType": "custom rates", "description": "not available"}, "model": "veggex.product", "pk": 13}, {"fields": {"category": 1, "origin": "", "qualityRemarks": "Custom Product", "name": "Ginger", "grade": null, "pricePerUnit": 0.0, "isPerishable": false, "related_products": [], "seller": 1, "status": 1.0, "unit": "Kg", "maxAvailableUnits": 100000.0, "popularityIndex": 1.0, "coverphoto": "./ginger_Nxo2tXn.jpg", "priceType": "custom rates", "description": "not available"}, "model": "veggex.product", "pk": 14}, {"fields": {"category": 1, "origin": "", "qualityRemarks": "Custom Product", "name": "Green Chilli", "grade": null, "pricePerUnit": 0.0, "isPerishable": false, "related_products": [], "seller": 1, "status": 1.0, "unit": "Kg", "maxAvailableUnits": 100000.0, "popularityIndex": 1.0, "coverphoto": "./green_chilli_IwIWKtv.jpg", "priceType": "custom rates", "description": "not available"}, "model": "veggex.product", "pk": 15}, {"fields": {"category": 1, "origin": "", "qualityRemarks": "Custom Product", "name": "Ladies Finger", "grade": null, "pricePerUnit": 0.0, "isPerishable": false, "related_products": [], "seller": 1, "status": 1.0, "unit": "Kg", "maxAvailableUnits": 100000.0, "popularityIndex": 1.0, "coverphoto": "./ladies_finger_2Ktr921.jpg", "priceType": "custom rates", "description": "not available"}, "model": "veggex.product", "pk": 16}, {"fields": {"category": 1, "origin": "", "qualityRemarks": "Custom Product", "name": "Lemon", "grade": null, "pricePerUnit": 0.0, "isPerishable": false, "related_products": [], "seller": 1, "status": 1.0, "unit": "Kg", "maxAvailableUnits": 100000.0, "popularityIndex": 1.0, "coverphoto": "./lemon_JA0zO2y.jpg", "priceType": "custom rates", "description": "not available"}, "model": "veggex.product", "pk": 17}, {"fields": {"category": 2, "origin": "", "qualityRemarks": "Custom Product", "name": "Mosambi", "grade": null, "pricePerUnit": 0.0, "isPerishable": false, "related_products": [], "seller": 1, "status": 1.0, "unit": "Kg", "maxAvailableUnits": 100000.0, "popularityIndex": 1.0, "coverphoto": "./mosambi_bkV5dck.jpg", "priceType": "custom rates", "description": "not available"}, "model": "veggex.product", "pk": 18}, {"fields": {"category": 1, "origin": "", "qualityRemarks": "Custom Product", "name": "Onion", "grade": null, "pricePerUnit": 0.0, "isPerishable": false, "related_products": [], "seller": 1, "status": 1.0, "unit": "Kg", "maxAvailableUnits": 100000.0, "popularityIndex": 1.0, "coverphoto": "./onion_4IXo4WA.jpg", "priceType": "custom rates", "description": "not available"}, "model": "veggex.product", "pk": 19}, {"fields": {"category": 1, "origin": "", "qualityRemarks": "Custom Product", "name": "Palak", "grade": null, "pricePerUnit": 0.0, "isPerishable": false, "related_products": [], "seller": 1, "status": 1.0, "unit": "Kg", "maxAvailableUnits": 100000.0, "popularityIndex": 1.0, "coverphoto": "./palak_3kc4Tq0.jpg", "priceType": "custom rates", "description": "not available"}, "model": "veggex.product", "pk": 20}, {"fields": {"category": 1, "origin": "", "qualityRemarks": "Custom Product", "name": "Garlic", "grade": null, "pricePerUnit": 0.0, "isPerishable": false, "related_products": [], "seller": 1, "status": 1.0, "unit": "Kg", "maxAvailableUnits": 100000.0, "popularityIndex": 1.0, "coverphoto": "./garlic_A5zrCK8.jpg", "priceType": "custom rates", "description": "not available"}, "model": "veggex.product", "pk": 23}, {"fields": {"category": 1, "origin": "", "qualityRemarks": "Custom Product", "name": "Brinjal", "grade": null, "pricePerUnit": 0.0, "isPerishable": false, "related_products": [], "seller": 1, "status": 1.0, "unit": "Kg", "maxAvailableUnits": 100000.0, "popularityIndex": 1.0, "coverphoto": "./Brinjal_zgtIGRx.jpg", "priceType": "custom rates", "description": "not available"}, "model": "veggex.product", "pk": 24}, {"fields": {"category": 1, "origin": "", "qualityRemarks": "Custom Product", "name": "Bitter Gourd", "grade": null, "pricePerUnit": 0.0, "isPerishable": false, "related_products": [], "seller": 1, "status": 1.0, "unit": "Kg", "maxAvailableUnits": 100000.0, "popularityIndex": 1.0, "coverphoto": "./bitter-gourd_PT1cvBz.jpg", "priceType": "custom rates", "description": "not available"}, "model": "veggex.product", "pk": 25}, {"fields": {"category": 1, "origin": "", "qualityRemarks": "Custom Product", "name": "Parval", "grade": null, "pricePerUnit": 0.0, "isPerishable": false, "related_products": [], "seller": 1, "status": 1.0, "unit": "Kg", "maxAvailableUnits": 100000.0, "popularityIndex": 1.0, "coverphoto": "./parval_nBgtzvU.jpg", "priceType": "custom rates", "description": "not available"}, "model": "veggex.product", "pk": 26}, {"fields": {"category": 1, "origin": "", "qualityRemarks": "Custom Product", "name": "Beetroot", "grade": null, "pricePerUnit": 0.0, "isPerishable": false, "related_products": [], "seller": 1, "status": 1.0, "unit": "Kg", "maxAvailableUnits": 100000.0, "popularityIndex": 1.0, "coverphoto": "./Beetroot_oQW07k3.jpg", "priceType": "custom rates", "description": "not available"}, "model": "veggex.product", "pk": 27}, {"fields": {"category": 1, "origin": "", "qualityRemarks": "Custom Product", "name": "Cabbage", "grade": null, "pricePerUnit": 0.0, "isPerishable": false, "related_products": [], "seller": 1, "status": 1.0, "unit": "Kg", "maxAvailableUnits": 100000.0, "popularityIndex": 1.0, "coverphoto": "./cabbage_PHl0I9C.jpg", "priceType": "custom rates", "description": "not available"}, "model": "veggex.product", "pk": 28}, {"fields": {"category": 1, "origin": "", "qualityRemarks": "Custom Product", "name": "Chinese Cabbage", "grade": null, "pricePerUnit": 0.0, "isPerishable": false, "related_products": [], "seller": 1, "status": 1.0, "unit": "Kg", "maxAvailableUnits": 100000.0, "popularityIndex": 1.0, "coverphoto": "./chinese-cabbage_b15EqsK.jpg", "priceType": "custom rates", "description": "not available"}, "model": "veggex.product", "pk": 29}, {"fields": {"category": 1, "origin": "", "qualityRemarks": "Custom Product", "name": "Cabbage Red", "grade": null, "pricePerUnit": 0.0, "isPerishable": false, "related_products": [], "seller": 1, "status": 1.0, "unit": "Kg", "maxAvailableUnits": 100000.0, "popularityIndex": 1.0, "coverphoto": "./cabbage-red_1fIuIs1.jpg", "priceType": "custom rates", "description": "not available"}, "model": "veggex.product", "pk": 30}, {"fields": {"category": 11, "origin": "", "qualityRemarks": "Custom Product", "name": "Green Peas", "grade": null, "pricePerUnit": 0.0, "isPerishable": false, "related_products": [], "seller": 1, "status": 1.0, "unit": "Kg", "maxAvailableUnits": 100000.0, "popularityIndex": 1.0, "coverphoto": "./frozen_peas.jpg", "priceType": "custom rates", "description": "not available"}, "model": "veggex.product", "pk": 31}, {"fields": {"category": 1, "origin": "", "qualityRemarks": "Custom Product", "name": "Colocasia", "grade": null, "pricePerUnit": 0.0, "isPerishable": false, "related_products": [], "seller": 1, "status": 1.0, "unit": "Kg", "maxAvailableUnits": 100000.0, "popularityIndex": 1.0, "coverphoto": "./Colocasia.jpg", "priceType": "custom rates", "description": "not available"}, "model": "veggex.product", "pk": 32}, {"fields": {"category": 1, "origin": "", "qualityRemarks": "Custom Product", "name": "Methi Leaves", "grade": null, "pricePerUnit": 0.0, "isPerishable": false, "related_products": [], "seller": 1, "status": 1.0, "unit": "Kg", "maxAvailableUnits": 100000.0, "popularityIndex": 1.0, "coverphoto": "./methi_leaves_VhwB3T4.jpg", "priceType": "custom rates", "description": "not available"}, "model": "veggex.product", "pk": 33}, {"fields": {"category": 1, "origin": "", "qualityRemarks": "Custom Product", "name": "English Cucumber", "grade": null, "pricePerUnit": 0.0, "isPerishable": false, "related_products": [], "seller": 1, "status": 1.0, "unit": "Kg", "maxAvailableUnits": 100000.0, "popularityIndex": 1.0, "coverphoto": "./english-cucumber_bGN6osH.jpg", "priceType": "custom rates", "description": "not available"}, "model": "veggex.product", "pk": 34}, {"fields": {"category": 1, "origin": "", "qualityRemarks": "Custom Product", "name": "Broccoli", "grade": null, "pricePerUnit": 0.0, "isPerishable": false, "related_products": [], "seller": 1, "status": 1.0, "unit": "Kg", "maxAvailableUnits": 100000.0, "popularityIndex": 1.0, "coverphoto": "./Broccoli.jpg", "priceType": "custom rates", "description": "not available"}, "model": "veggex.product", "pk": 35}, {"fields": {"category": 1, "origin": "", "qualityRemarks": "Custom Product", "name": "Pumpkin", "grade": null, "pricePerUnit": 0.0, "isPerishable": false, "related_products": [], "seller": 1, "status": 1.0, "unit": "Kg", "maxAvailableUnits": 100000.0, "popularityIndex": 1.0, "coverphoto": "./Pumkin_Red_b1bAupR.jpg", "priceType": "custom rates", "description": "not available"}, "model": "veggex.product", "pk": 36}, {"fields": {"category": 1, "origin": "", "qualityRemarks": "Custom Product", "name": "Baby Potato", "grade": null, "pricePerUnit": 0.0, "isPerishable": false, "related_products": [], "seller": 1, "status": 1.0, "unit": "Kg", "maxAvailableUnits": 100000.0, "popularityIndex": 1.0, "coverphoto": "./baby_potato_kpQLaXY.jpg", "priceType": "custom rates", "description": "not available"}, "model": "veggex.product", "pk": 37}, {"fields": {"category": 1, "origin": "", "qualityRemarks": "Custom Product", "name": "Sweet Corn", "grade": null, "pricePerUnit": 0.0, "isPerishable": false, "related_products": [], "seller": 1, "status": 1.0, "unit": "Kg", "maxAvailableUnits": 100000.0, "popularityIndex": 1.0, "coverphoto": "./sweet_corn_Y3tRMMM.jpg", "priceType": "custom rates", "description": "not available"}, "model": "veggex.product", "pk": 38}, {"fields": {"category": 1, "origin": "", "qualityRemarks": "Custom Product", "name": "Curry Leaves", "grade": null, "pricePerUnit": 0.0, "isPerishable": false, "related_products": [], "seller": 1, "status": 1.0, "unit": "Kg", "maxAvailableUnits": 100000.0, "popularityIndex": 1.0, "coverphoto": "./curry_leaves_JXXJMIN.jpg", "priceType": "custom rates", "description": "not available"}, "model": "veggex.product", "pk": 39}, {"fields": {"category": 1, "origin": "", "qualityRemarks": "Custom Product", "name": "Coccinia", "grade": null, "pricePerUnit": 0.0, "isPerishable": false, "related_products": [], "seller": 1, "status": 1.0, "unit": "Kg", "maxAvailableUnits": 100000.0, "popularityIndex": 1.0, "coverphoto": "./Coccinia_vGZBiiV.jpg", "priceType": "custom rates", "description": "not available"}, "model": "veggex.product", "pk": 40}, {"fields": {"category": 2, "origin": "", "qualityRemarks": "Custom Product", "name": "Raw Banana", "grade": null, "pricePerUnit": 0.0, "isPerishable": false, "related_products": [], "seller": 1, "status": 1.0, "unit": "Kg", "maxAvailableUnits": 100000.0, "popularityIndex": 1.0, "coverphoto": "./Raw_Banana_ipEUwhK.jpg", "priceType": "custom rates", "description": "not available"}, "model": "veggex.product", "pk": 41}, {"fields": {"category": 1, "origin": "", "qualityRemarks": "Custom Product", "name": "Pumpkin Red", "grade": null, "pricePerUnit": 0.0, "isPerishable": false, "related_products": [], "seller": 1, "status": 1.0, "unit": "Kg", "maxAvailableUnits": 100000.0, "popularityIndex": 1.0, "coverphoto": "./pumpkin_8nAFF08.jpg", "priceType": "custom rates", "description": "not available"}, "model": "veggex.product", "pk": 42}, {"fields": {"category": 1, "origin": "", "qualityRemarks": "Custom Product", "name": "Capsicum Green", "grade": null, "pricePerUnit": 5.0, "isPerishable": false, "related_products": [], "seller": 2, "status": 1.0, "unit": "Kg", "maxAvailableUnits": 100000.0, "popularityIndex": 1.0, "coverphoto": "./capsicum.jpg", "priceType": "custom rates", "description": "not available"}, "model": "veggex.product", "pk": 49}, {"fields": {"category": 1, "origin": "", "qualityRemarks": "Custom Product", "name": "Capsicum Red", "grade": null, "pricePerUnit": 0.0, "isPerishable": false, "related_products": [], "seller": 2, "status": 1.0, "unit": "Kg", "maxAvailableUnits": 100000.0, "popularityIndex": 1.0, "coverphoto": "./capsicum_red.jpg", "priceType": "custom rates", "description": "not available"}, "model": "veggex.product", "pk": 50}, {"fields": {"category": 1, "origin": "", "qualityRemarks": "Custom Product", "name": "Pumpkin Red", "grade": null, "pricePerUnit": 0.0, "isPerishable": false, "related_products": [], "seller": 3, "status": 1.0, "unit": "Kg", "maxAvailableUnits": 100000.0, "popularityIndex": 1.0, "coverphoto": "./Pumkin_Red.jpg", "priceType": "custom rates", "description": "not available"}, "model": "veggex.product", "pk": 52}, {"fields": {"category": 1, "origin": "", "qualityRemarks": "Custom Product", "name": "Sweet Corn", "grade": null, "pricePerUnit": 0.0, "isPerishable": false, "related_products": [], "seller": 3, "status": 1.0, "unit": "Kg", "maxAvailableUnits": 100000.0, "popularityIndex": 1.0, "coverphoto": "./sweet_corn.jpg", "priceType": "custom rates", "description": "not available"}, "model": "veggex.product", "pk": 54}, {"fields": {"category": 1, "origin": "", "qualityRemarks": "Custom Product", "name": "Curry Leaves", "grade": null, "pricePerUnit": 0.0, "isPerishable": false, "related_products": [], "seller": 3, "status": 1.0, "unit": "Kg", "maxAvailableUnits": 100000.0, "popularityIndex": 1.0, "coverphoto": "./curry_leaves.jpg", "priceType": "custom rates", "description": "not available"}, "model": "veggex.product", "pk": 55}, {"fields": {"category": 1, "origin": "", "qualityRemarks": "Custom Product", "name": "Coccinia", "grade": null, "pricePerUnit": 0.0, "isPerishable": false, "related_products": [], "seller": 3, "status": 1.0, "unit": "Kg", "maxAvailableUnits": 100000.0, "popularityIndex": 1.0, "coverphoto": "./Coccinia.jpg", "priceType": "custom rates", "description": "not available"}, "model": "veggex.product", "pk": 56}, {"fields": {"category": 1, "origin": "", "qualityRemarks": "Custom Product", "name": "Baby Potato", "grade": null, "pricePerUnit": 0.0, "isPerishable": false, "related_products": [], "seller": 3, "status": 1.0, "unit": "Kg", "maxAvailableUnits": 100000.0, "popularityIndex": 1.0, "coverphoto": "./baby_potato.jpg", "priceType": "custom rates", "description": "not available"}, "model": "veggex.product", "pk": 57}, {"fields": {"category": 1, "origin": "", "qualityRemarks": "Custom Product", "name": "Pumpkin", "grade": null, "pricePerUnit": 0.0, "isPerishable": false, "related_products": [], "seller": 3, "status": 1.0, "unit": "Kg", "maxAvailableUnits": 100000.0, "popularityIndex": 1.0, "coverphoto": "./pumpkin.jpg", "priceType": "custom rates", "description": "not available"}, "model": "veggex.product", "pk": 58}, {"fields": {"category": 1, "origin": "", "qualityRemarks": "Custom Product", "name": "Broccoli", "grade": null, "pricePerUnit": 0.0, "isPerishable": false, "related_products": [], "seller": 3, "status": 1.0, "unit": "Kg", "maxAvailableUnits": 100000.0, "popularityIndex": 1.0, "coverphoto": "./10000062_18-fresho-broccoli.jpg", "priceType": "custom rates", "description": "not available"}, "model": "veggex.product", "pk": 59}, {"fields": {"category": 1, "origin": "", "qualityRemarks": "Custom Product", "name": "Colocasia", "grade": null, "pricePerUnit": 0.0, "isPerishable": false, "related_products": [], "seller": 3, "status": 1.0, "unit": "Kg", "maxAvailableUnits": 100000.0, "popularityIndex": 1.0, "coverphoto": "./10000095_15-fresho-colocasia-grade-a.jpg", "priceType": "custom rates", "description": "not available"}, "model": "veggex.product", "pk": 60}, {"fields": {"category": 3, "origin": "", "qualityRemarks": "Custom Product", "name": "Eggs Brown", "grade": null, "pricePerUnit": 0.0, "isPerishable": false, "related_products": [], "seller": 1, "status": 1.0, "unit": "Unit", "maxAvailableUnits": 100000.0, "popularityIndex": 1.0, "coverphoto": "./Eggs_brown_nA0g86B.jpg", "priceType": "custom rates", "description": "not available"}, "model": "veggex.product", "pk": 62}, {"fields": {"category": 3, "origin": "", "qualityRemarks": "Custom Product", "name": "Eggs White", "grade": null, "pricePerUnit": 0.0, "isPerishable": false, "related_products": [], "seller": 1, "status": 1.0, "unit": "Unit", "maxAvailableUnits": 100000.0, "popularityIndex": 1.0, "coverphoto": "./Eggs_white_sLJzasN.jpg", "priceType": "custom rates", "description": "not available"}, "model": "veggex.product", "pk": 63}, {"fields": {"category": 7, "origin": "", "qualityRemarks": "Custom Product", "name": "Masoor Dal Sabut", "grade": null, "pricePerUnit": 0.0, "isPerishable": false, "related_products": [], "seller": 1, "status": 1.0, "unit": "Kg", "maxAvailableUnits": 100000.0, "popularityIndex": 1.0, "coverphoto": "./Masoor-Dal_EmfvU8p.jpg", "priceType": "custom rates", "description": "not available"}, "model": "veggex.product", "pk": 66}, {"fields": {"category": 7, "origin": "", "qualityRemarks": "Custom Product", "name": "Moong Dal", "grade": null, "pricePerUnit": 0.0, "isPerishable": false, "related_products": [], "seller": 1, "status": 1.0, "unit": "Kg", "maxAvailableUnits": 100000.0, "popularityIndex": 1.0, "coverphoto": "./Moong-dal_zqCzryf.jpg", "priceType": "custom rates", "description": "not available"}, "model": "veggex.product", "pk": 68}, {"fields": {"category": 4, "origin": "", "qualityRemarks": "Custom Product", "name": "Rajma", "grade": null, "pricePerUnit": 0.0, "isPerishable": false, "related_products": [], "seller": 1, "status": 1.0, "unit": "Kg", "maxAvailableUnits": 100000.0, "popularityIndex": 1.0, "coverphoto": "./Rajma_2Qx0wl7.jpg", "priceType": "custom rates", "description": "not available"}, "model": "veggex.product", "pk": 69}, {"fields": {"category": 7, "origin": "", "qualityRemarks": "Custom Product", "name": "Chana Dal", "grade": null, "pricePerUnit": 0.0, "isPerishable": false, "related_products": [], "seller": 1, "status": 1.0, "unit": "Kg", "maxAvailableUnits": 100000.0, "popularityIndex": 1.0, "coverphoto": "./chana-dal_2ZwlJjS.jpg", "priceType": "custom rates", "description": "not available"}, "model": "veggex.product", "pk": 70}, {"fields": {"category": 4, "origin": "", "qualityRemarks": "Custom Product", "name": "Channa White", "grade": null, "pricePerUnit": 0.0, "isPerishable": false, "related_products": [], "seller": 1, "status": 1.0, "unit": "Kg", "maxAvailableUnits": 100000.0, "popularityIndex": 1.0, "coverphoto": "./Channa_White_Hja9Zdo.jpg", "priceType": "custom rates", "description": "not available"}, "model": "veggex.product", "pk": 71}, {"fields": {"category": 7, "origin": "", "qualityRemarks": "Custom Product", "name": "Urad Black Sabut", "grade": null, "pricePerUnit": 0.0, "isPerishable": false, "related_products": [], "seller": 1, "status": 1.0, "unit": "Kg", "maxAvailableUnits": 100000.0, "popularityIndex": 1.0, "coverphoto": "./Urad_Dal_Black_Whole_KqnyFEB.jpg", "priceType": "custom rates", "description": "not available"}, "model": "veggex.product", "pk": 72}, {"fields": {"category": 7, "origin": "", "qualityRemarks": "Custom Product", "name": "Arhar Dal", "grade": null, "pricePerUnit": 0.0, "isPerishable": false, "related_products": [], "seller": 1, "status": 1.0, "unit": "Kg", "maxAvailableUnits": 100000.0, "popularityIndex": 1.0, "coverphoto": "./Arhar_Dal_ZWdEOiD.jpg", "priceType": "custom rates", "description": "not available"}, "model": "veggex.product", "pk": 73}, {"fields": {"category": 7, "origin": "", "qualityRemarks": "Custom Product", "name": "Green Moong Chilka", "grade": null, "pricePerUnit": 0.0, "isPerishable": false, "related_products": [], "seller": 1, "status": 1.0, "unit": "Kg", "maxAvailableUnits": 100000.0, "popularityIndex": 1.0, "coverphoto": "./green-moong-dal_koxuqBl.jpg", "priceType": "custom rates", "description": "not available"}, "model": "veggex.product", "pk": 74}, {"fields": {"category": 7, "origin": "", "qualityRemarks": "Custom Product", "name": "Masoor Black Sabut", "grade": null, "pricePerUnit": 0.0, "isPerishable": false, "related_products": [], "seller": 1, "status": 1.0, "unit": "Kg", "maxAvailableUnits": 100000.0, "popularityIndex": 1.0, "coverphoto": "./Masoor_Dal_Sabut_vuOMbAY.JPG", "priceType": "custom rates", "description": "not available"}, "model": "veggex.product", "pk": 75}, {"fields": {"category": 4, "origin": "", "qualityRemarks": "Custom Product", "name": "Channa Brown", "grade": null, "pricePerUnit": 0.0, "isPerishable": false, "related_products": [], "seller": 1, "status": 1.0, "unit": "Kg", "maxAvailableUnits": 100000.0, "popularityIndex": 1.0, "coverphoto": "./Channa_Brown_1EzXJyh.jpg", "priceType": "custom rates", "description": "not available"}, "model": "veggex.product", "pk": 76}, {"fields": {"category": 4, "origin": "", "qualityRemarks": "Custom Product", "name": "Raw Peanuts", "grade": null, "pricePerUnit": 0.0, "isPerishable": false, "related_products": [], "seller": 1, "status": 1.0, "unit": "Kg", "maxAvailableUnits": 100000.0, "popularityIndex": 1.0, "coverphoto": "./Raw_Peanuts_d4egie6.jpg", "priceType": "custom rates", "description": "not available"}, "model": "veggex.product", "pk": 77}, {"fields": {"category": 7, "origin": "", "qualityRemarks": "Custom Product", "name": "Green Moong Sabut", "grade": null, "pricePerUnit": 0.0, "isPerishable": false, "related_products": [], "seller": 1, "status": 1.0, "unit": "Kg", "maxAvailableUnits": 100000.0, "popularityIndex": 1.0, "coverphoto": "./Green_Moong_Sabut_HdbhzPc.jpg", "priceType": "custom rates", "description": "not available"}, "model": "veggex.product", "pk": 78}, {"fields": {"category": 7, "origin": "", "qualityRemarks": "Custom Product", "name": "Urad Dal Chilka", "grade": null, "pricePerUnit": 0.0, "isPerishable": false, "related_products": [], "seller": 1, "status": 1.0, "unit": "Kg", "maxAvailableUnits": 100000.0, "popularityIndex": 1.0, "coverphoto": "./Urad_Dal_Chilka_j2Mtret.jpg", "priceType": "custom rates", "description": "not available"}, "model": "veggex.product", "pk": 79}, {"fields": {"category": 7, "origin": "", "qualityRemarks": "Custom Product", "name": "Moong Dal Unpolished", "grade": null, "pricePerUnit": 0.0, "isPerishable": false, "related_products": [], "seller": 1, "status": 1.0, "unit": "Kg", "maxAvailableUnits": 100000.0, "popularityIndex": 1.0, "coverphoto": "./Moong-dal_QPoPr89.jpg", "priceType": "custom rates", "description": "not available"}, "model": "veggex.product", "pk": 80}, {"fields": {"category": 7, "origin": "", "qualityRemarks": "Custom Product", "name": "Channa Dal Unpolished", "grade": null, "pricePerUnit": 0.0, "isPerishable": false, "related_products": [], "seller": 1, "status": 1.0, "unit": "Kg", "maxAvailableUnits": 100000.0, "popularityIndex": 1.0, "coverphoto": "./chana-dal_uOJmehJ.jpg", "priceType": "custom rates", "description": "not available"}, "model": "veggex.product", "pk": 81}, {"fields": {"category": 4, "origin": "", "qualityRemarks": "Custom Product", "name": "Soya Bean", "grade": null, "pricePerUnit": 0.0, "isPerishable": false, "related_products": [], "seller": 1, "status": 1.0, "unit": "Kg", "maxAvailableUnits": 100000.0, "popularityIndex": 1.0, "coverphoto": "./soya-bean_H0nmTso.jpg", "priceType": "custom rates", "description": "not available"}, "model": "veggex.product", "pk": 83}, {"fields": {"category": 7, "origin": "", "qualityRemarks": "Custom Product", "name": "Soya Chunks", "grade": null, "pricePerUnit": 0.0, "isPerishable": false, "related_products": [], "seller": 5, "status": 1.0, "unit": "Kg", "maxAvailableUnits": 100000.0, "popularityIndex": 1.0, "coverphoto": "./soya_chunks.jpg", "priceType": "custom rates", "description": "not available"}, "model": "veggex.product", "pk": 85}, {"fields": {"category": 4, "origin": "", "qualityRemarks": "Custom Product", "name": "Red Lobia", "grade": null, "pricePerUnit": 0.0, "isPerishable": false, "related_products": [], "seller": 1, "status": 1.0, "unit": "Kg", "maxAvailableUnits": 100000.0, "popularityIndex": 1.0, "coverphoto": "./Red_Lobia_fkJQOsv.jpg", "priceType": "custom rates", "description": "not available"}, "model": "veggex.product", "pk": 90}, {"fields": {"category": 4, "origin": "", "qualityRemarks": "Custom Product", "name": "Rajma Red", "grade": null, "pricePerUnit": 0.0, "isPerishable": false, "related_products": [], "seller": 1, "status": 1.0, "unit": "Kg", "maxAvailableUnits": 100000.0, "popularityIndex": 1.0, "coverphoto": "./Rajma_Red_w6i5n1J.jpg", "priceType": "custom rates", "description": "not available"}, "model": "veggex.product", "pk": 91}, {"fields": {"category": 4, "origin": "", "qualityRemarks": "Custom Product", "name": "Lobia White", "grade": null, "pricePerUnit": 0.0, "isPerishable": false, "related_products": [], "seller": 1, "status": 1.0, "unit": "Kg", "maxAvailableUnits": 100000.0, "popularityIndex": 1.0, "coverphoto": "./Lobia_White_KvtlpxJ.jpg", "priceType": "custom rates", "description": "not available"}, "model": "veggex.product", "pk": 92}, {"fields": {"category": 7, "origin": "", "qualityRemarks": "Custom Product", "name": "Moth Dal", "grade": null, "pricePerUnit": 0.0, "isPerishable": false, "related_products": [], "seller": 1, "status": 1.0, "unit": "Kg", "maxAvailableUnits": 100000.0, "popularityIndex": 1.0, "coverphoto": "./Moth_Dal_qReL70M.jpg", "priceType": "custom rates", "description": "not available"}, "model": "veggex.product", "pk": 93}, {"fields": {"category": 4, "origin": "", "qualityRemarks": "Custom Product", "name": "Makka Atta", "grade": null, "pricePerUnit": 0.0, "isPerishable": false, "related_products": [], "seller": 1, "status": 1.0, "unit": "Kg", "maxAvailableUnits": 100000.0, "popularityIndex": 1.0, "coverphoto": "./Makka-atta_888ZmYS.jpg", "priceType": "custom rates", "description": "not available"}, "model": "veggex.product", "pk": 96}, {"fields": {"category": 4, "origin": "", "qualityRemarks": "Custom Product", "name": "Bajra Atta", "grade": null, "pricePerUnit": 0.0, "isPerishable": false, "related_products": [], "seller": 1, "status": 1.0, "unit": "Kg", "maxAvailableUnits": 100000.0, "popularityIndex": 1.0, "coverphoto": "./Bajra-flour_uXow8Ht.jpg", "priceType": "custom rates", "description": "not available"}, "model": "veggex.product", "pk": 97}, {"fields": {"category": 4, "origin": "", "qualityRemarks": "Custom Product", "name": "Ragi Atta", "grade": null, "pricePerUnit": 0.0, "isPerishable": false, "related_products": [], "seller": 1, "status": 1.0, "unit": "Kg", "maxAvailableUnits": 100000.0, "popularityIndex": 1.0, "coverphoto": "./Ragi_Atta_73v1w22.jpg", "priceType": "custom rates", "description": "not available"}, "model": "veggex.product", "pk": 98}, {"fields": {"category": 4, "origin": "", "qualityRemarks": "Custom Product", "name": "Sattu Atta", "grade": null, "pricePerUnit": 0.0, "isPerishable": false, "related_products": [], "seller": 1, "status": 1.0, "unit": "Kg", "maxAvailableUnits": 100000.0, "popularityIndex": 1.0, "coverphoto": "./Sattu-atta_OgoN7U1.jpg", "priceType": "custom rates", "description": "not available"}, "model": "veggex.product", "pk": 99}, {"fields": {"category": 4, "origin": "", "qualityRemarks": "Custom Product", "name": "Soya Atta", "grade": null, "pricePerUnit": 0.0, "isPerishable": false, "related_products": [], "seller": 1, "status": 1.0, "unit": "Kg", "maxAvailableUnits": 100000.0, "popularityIndex": 1.0, "coverphoto": "./Soya-flour_VEX6nxg.jpg", "priceType": "custom rates", "description": "not available"}, "model": "veggex.product", "pk": 100}, {"fields": {"category": 4, "origin": "", "qualityRemarks": "Custom Product", "name": "Besan Atta", "grade": null, "pricePerUnit": 0.0, "isPerishable": false, "related_products": [], "seller": 1, "status": 1.0, "unit": "Kg", "maxAvailableUnits": 100000.0, "popularityIndex": 1.0, "coverphoto": "./besan_atta_KGhWrde.jpg", "priceType": "custom rates", "description": "not available"}, "model": "veggex.product", "pk": 101}, {"fields": {"category": 4, "origin": "", "qualityRemarks": "Custom Product", "name": "Dalia", "grade": null, "pricePerUnit": 0.0, "isPerishable": false, "related_products": [], "seller": 1, "status": 1.0, "unit": "Kg", "maxAvailableUnits": 100000.0, "popularityIndex": 1.0, "coverphoto": "./Dalia_AqF16X5.jpg", "priceType": "custom rates", "description": "not available"}, "model": "veggex.product", "pk": 102}, {"fields": {"category": 4, "origin": "", "qualityRemarks": "Custom Product", "name": "Maida", "grade": null, "pricePerUnit": 0.0, "isPerishable": false, "related_products": [], "seller": 1, "status": 1.0, "unit": "Kg", "maxAvailableUnits": 100000.0, "popularityIndex": 1.0, "coverphoto": "./maida_AnuwKKN.jpg", "priceType": "custom rates", "description": "not available"}, "model": "veggex.product", "pk": 103}, {"fields": {"category": 4, "origin": "", "qualityRemarks": "Custom Product", "name": "Sooji", "grade": null, "pricePerUnit": 0.0, "isPerishable": false, "related_products": [], "seller": 1, "status": 1.0, "unit": "Kg", "maxAvailableUnits": 100000.0, "popularityIndex": 1.0, "coverphoto": "./Sooji_wJ63u6A.jpg", "priceType": "custom rates", "description": "not available"}, "model": "veggex.product", "pk": 104}, {"fields": {"category": 4, "origin": "", "qualityRemarks": "Custom Product", "name": "Atta - Wheat", "grade": null, "pricePerUnit": 0.0, "isPerishable": false, "related_products": [], "seller": 1, "status": 1.0, "unit": "Kg", "maxAvailableUnits": 100000.0, "popularityIndex": 1.0, "coverphoto": "./wheat-flour_UXGGPrK.jpg", "priceType": "custom rates", "description": "not available"}, "model": "veggex.product", "pk": 105}, {"fields": {"category": 8, "origin": "", "qualityRemarks": "Custom Product", "name": "Sugar", "grade": null, "pricePerUnit": 0.0, "isPerishable": false, "related_products": [], "seller": 1, "status": 1.0, "unit": "Kg", "maxAvailableUnits": 100000.0, "popularityIndex": 1.0, "coverphoto": "./Sugar_OqCBYYi.jpg", "priceType": "custom rates", "description": "not available"}, "model": "veggex.product", "pk": 106}, {"fields": {"category": 8, "origin": "", "qualityRemarks": "Custom Product", "name": "Brown Sugar", "grade": null, "pricePerUnit": 0.0, "isPerishable": false, "related_products": [], "seller": 1, "status": 1.0, "unit": "Kg", "maxAvailableUnits": 100000.0, "popularityIndex": 1.0, "coverphoto": "./Brown-sugar_rquKEUT.jpg", "priceType": "custom rates", "description": "not available"}, "model": "veggex.product", "pk": 107}, {"fields": {"category": 8, "origin": "", "qualityRemarks": "Custom Product", "name": "Powder Sugar (Bura)", "grade": null, "pricePerUnit": 0.0, "isPerishable": false, "related_products": [], "seller": 1, "status": 1.0, "unit": "Kg", "maxAvailableUnits": 100000.0, "popularityIndex": 1.0, "coverphoto": "./Bura_1hPGARl.jpg", "priceType": "custom rates", "description": "not available"}, "model": "veggex.product", "pk": 108}, {"fields": {"category": 8, "origin": "", "qualityRemarks": "Custom Product", "name": "Sugar Refined", "grade": null, "pricePerUnit": 0.0, "isPerishable": false, "related_products": [], "seller": 1, "status": 1.0, "unit": "Kg", "maxAvailableUnits": 100000.0, "popularityIndex": 1.0, "coverphoto": "./Sugar-refined_sVmAfHG.jpg", "priceType": "custom rates", "description": "not available"}, "model": "veggex.product", "pk": 109}, {"fields": {"category": 8, "origin": "", "qualityRemarks": "Custom Product", "name": "Diamond Sugar (Misri)", "grade": null, "pricePerUnit": 0.0, "isPerishable": false, "related_products": [], "seller": 1, "status": 1.0, "unit": "Kg", "maxAvailableUnits": 100000.0, "popularityIndex": 1.0, "coverphoto": "./Sugar_-_Misri_JCNmPh8.jpeg", "priceType": "custom rates", "description": "not available"}, "model": "veggex.product", "pk": 110}, {"fields": {"category": 8, "origin": "", "qualityRemarks": "Custom Product", "name": "Jaggery (Gur)", "grade": null, "pricePerUnit": 0.0, "isPerishable": false, "related_products": [], "seller": 1, "status": 1.0, "unit": "Kg", "maxAvailableUnits": 100000.0, "popularityIndex": 1.0, "coverphoto": "./Gur_w4KnHBy.jpg", "priceType": "custom rates", "description": "not available"}, "model": "veggex.product", "pk": 111}, {"fields": {"category": 8, "origin": "", "qualityRemarks": "Custom Product", "name": "Sugar Cubes", "grade": null, "pricePerUnit": 0.0, "isPerishable": false, "related_products": [], "seller": 1, "status": 1.0, "unit": "Kg", "maxAvailableUnits": 100000.0, "popularityIndex": 1.0, "coverphoto": "./sugar-cube_HShl75T.jpg", "priceType": "custom rates", "description": "not available"}, "model": "veggex.product", "pk": 112}, {"fields": {"category": 8, "origin": "", "qualityRemarks": "Custom Product", "name": "Brown Sugar Cubes", "grade": null, "pricePerUnit": 0.0, "isPerishable": false, "related_products": [], "seller": 1, "status": 1.0, "unit": "Kg", "maxAvailableUnits": 100000.0, "popularityIndex": 1.0, "coverphoto": "./Brown-sugar_cubes_oKbuH43.jpg", "priceType": "custom rates", "description": "not available"}, "model": "veggex.product", "pk": 113}, {"fields": {"category": 8, "origin": "", "qualityRemarks": "Custom Product", "name": "Salt", "grade": null, "pricePerUnit": 0.0, "isPerishable": false, "related_products": [], "seller": 1, "status": 1.0, "unit": "Kg", "maxAvailableUnits": 100000.0, "popularityIndex": 1.0, "coverphoto": "./iodized-salt_yrIX55N.jpg", "priceType": "custom rates", "description": "not available"}, "model": "veggex.product", "pk": 114}, {"fields": {"category": 9, "origin": "", "qualityRemarks": "Custom Product", "name": "Sabudana", "grade": null, "pricePerUnit": 0.0, "isPerishable": false, "related_products": [], "seller": 1, "status": 1.0, "unit": "Kg", "maxAvailableUnits": 100000.0, "popularityIndex": 1.0, "coverphoto": "./Sabudana_fFNzd1B.jpg", "priceType": "custom rates", "description": "not available"}, "model": "veggex.product", "pk": 115}, {"fields": {"category": 9, "origin": "", "qualityRemarks": "Custom Product", "name": "Poha Thin", "grade": null, "pricePerUnit": 0.0, "isPerishable": false, "related_products": [], "seller": 1, "status": 1.0, "unit": "Kg", "maxAvailableUnits": 100000.0, "popularityIndex": 1.0, "coverphoto": "./Poha_Thin_T1BaJV0.jpg", "priceType": "custom rates", "description": "not available"}, "model": "veggex.product", "pk": 116}, {"fields": {"category": 9, "origin": "", "qualityRemarks": "Custom Product", "name": "Poha Thick", "grade": null, "pricePerUnit": 0.0, "isPerishable": false, "related_products": [], "seller": 1, "status": 1.0, "unit": "Kg", "maxAvailableUnits": 100000.0, "popularityIndex": 1.0, "coverphoto": "./Poha_Thick_HK4Wfl2.jpg", "priceType": "custom rates", "description": "not available"}, "model": "veggex.product", "pk": 117}, {"fields": {"category": 9, "origin": "", "qualityRemarks": "Custom Product", "name": "Basmati Rice", "grade": null, "pricePerUnit": 0.0, "isPerishable": false, "related_products": [], "seller": 1, "status": 1.0, "unit": "Kg", "maxAvailableUnits": 100000.0, "popularityIndex": 1.0, "coverphoto": "./Basmati_Rice_sz25AmG.jpg", "priceType": "custom rates", "description": "not available"}, "model": "veggex.product", "pk": 118}, {"fields": {"category": 9, "origin": "", "qualityRemarks": "Custom Product", "name": "Salted Puffed Rice", "grade": null, "pricePerUnit": 0.0, "isPerishable": false, "related_products": [], "seller": 1, "status": 1.0, "unit": "Kg", "maxAvailableUnits": 100000.0, "popularityIndex": 1.0, "coverphoto": "./Salted_puffed_rice_tpHiwhR.jpg", "priceType": "custom rates", "description": "not available"}, "model": "veggex.product", "pk": 119}, {"fields": {"category": 9, "origin": "", "qualityRemarks": "Custom Product", "name": "Idli Rice", "grade": null, "pricePerUnit": 0.0, "isPerishable": false, "related_products": [], "seller": 1, "status": 1.0, "unit": "Kg", "maxAvailableUnits": 100000.0, "popularityIndex": 1.0, "coverphoto": "./Idli_Rice_DuDMom7.jpg", "priceType": "custom rates", "description": "not available"}, "model": "veggex.product", "pk": 120}, {"fields": {"category": 9, "origin": "", "qualityRemarks": "Custom Product", "name": "Bajra", "grade": null, "pricePerUnit": 0.0, "isPerishable": false, "related_products": [], "seller": 1, "status": 1.0, "unit": "Kg", "maxAvailableUnits": 100000.0, "popularityIndex": 1.0, "coverphoto": "./bajra_GkVioxE.jpg", "priceType": "custom rates", "description": "not available"}, "model": "veggex.product", "pk": 121}, {"fields": {"category": 9, "origin": "", "qualityRemarks": "Custom Product", "name": "Barley (Jau)", "grade": null, "pricePerUnit": 0.0, "isPerishable": false, "related_products": [], "seller": 1, "status": 1.0, "unit": "Kg", "maxAvailableUnits": 100000.0, "popularityIndex": 1.0, "coverphoto": "./Barley_IMWhoZP.jpg", "priceType": "custom rates", "description": "not available"}, "model": "veggex.product", "pk": 122}, {"fields": {"category": 9, "origin": "", "qualityRemarks": "Custom Product", "name": "Popcorn Seeds", "grade": null, "pricePerUnit": 0.0, "isPerishable": false, "related_products": [], "seller": 1, "status": 1.0, "unit": "Kg", "maxAvailableUnits": 100000.0, "popularityIndex": 1.0, "coverphoto": "./Popcorn_Seeds_t63YMbX.jpg", "priceType": "custom rates", "description": "not available"}, "model": "veggex.product", "pk": 123}, {"fields": {"category": 9, "origin": "", "qualityRemarks": "Custom Product", "name": "Wheat Whole", "grade": null, "pricePerUnit": 0.0, "isPerishable": false, "related_products": [], "seller": 1, "status": 1.0, "unit": "Kg", "maxAvailableUnits": 100000.0, "popularityIndex": 1.0, "coverphoto": "./Wheat_eJLFfeW.jpg", "priceType": "custom rates", "description": "not available"}, "model": "veggex.product", "pk": 124}, {"fields": {"category": 9, "origin": "", "qualityRemarks": "Custom Product", "name": "Jowar", "grade": null, "pricePerUnit": 0.0, "isPerishable": false, "related_products": [], "seller": 1, "status": 1.0, "unit": "Kg", "maxAvailableUnits": 100000.0, "popularityIndex": 1.0, "coverphoto": "./Jowar_Tpvnjrj.jpg", "priceType": "custom rates", "description": "not available"}, "model": "veggex.product", "pk": 125}, {"fields": {"category": 5, "origin": "", "qualityRemarks": "Custom Product", "name": "Cumin Seeds", "grade": null, "pricePerUnit": 0.0, "isPerishable": false, "related_products": [], "seller": 1, "status": 1.0, "unit": "Kg", "maxAvailableUnits": 100000.0, "popularityIndex": 1.0, "coverphoto": "./Jeera_Whole_ZNHayaQ.jpg", "priceType": "custom rates", "description": "not available"}, "model": "veggex.product", "pk": 126}, {"fields": {"category": 5, "origin": "", "qualityRemarks": "Custom Product", "name": "Cardamom (Elaichi)", "grade": null, "pricePerUnit": 0.0, "isPerishable": false, "related_products": [], "seller": 1, "status": 1.0, "unit": "Kg", "maxAvailableUnits": 100000.0, "popularityIndex": 1.0, "coverphoto": "./Cardamom-seeds_OB6TQBB.jpg", "priceType": "custom rates", "description": "not available"}, "model": "veggex.product", "pk": 127}, {"fields": {"category": 5, "origin": "", "qualityRemarks": "Custom Product", "name": "Coriander seeds", "grade": null, "pricePerUnit": 0.0, "isPerishable": false, "related_products": [], "seller": 1, "status": 1.0, "unit": "Kg", "maxAvailableUnits": 100000.0, "popularityIndex": 1.0, "coverphoto": "./coriander-seeds_9Om68vZ.jpg", "priceType": "custom rates", "description": "not available"}, "model": "veggex.product", "pk": 128}, {"fields": {"category": 5, "origin": "", "qualityRemarks": "Custom Product", "name": "Turmeric Powder", "grade": null, "pricePerUnit": 0.0, "isPerishable": false, "related_products": [], "seller": 1, "status": 1.0, "unit": "Kg", "maxAvailableUnits": 100000.0, "popularityIndex": 1.0, "coverphoto": "./turmeric-powder_tdQQUj9.jpg", "priceType": "custom rates", "description": "not available"}, "model": "veggex.product", "pk": 129}, {"fields": {"category": 5, "origin": "", "qualityRemarks": "Custom Product", "name": "Hing Powder", "grade": null, "pricePerUnit": 0.0, "isPerishable": false, "related_products": [], "seller": 1, "status": 1.0, "unit": "Kg", "maxAvailableUnits": 100000.0, "popularityIndex": 1.0, "coverphoto": "./Hing_Powder_2BWAXT1.jpg", "priceType": "custom rates", "description": "not available"}, "model": "veggex.product", "pk": 130}, {"fields": {"category": 5, "origin": "", "qualityRemarks": "Custom Product", "name": "Tej patta", "grade": null, "pricePerUnit": 0.0, "isPerishable": false, "related_products": [], "seller": 1, "status": 1.0, "unit": "Kg", "maxAvailableUnits": 100000.0, "popularityIndex": 1.0, "coverphoto": "./Tej_patta_AE4Xfgs.jpg", "priceType": "custom rates", "description": "not available"}, "model": "veggex.product", "pk": 131}, {"fields": {"category": 5, "origin": "", "qualityRemarks": "Custom Product", "name": "Mustard (Rye) Small", "grade": null, "pricePerUnit": 0.0, "isPerishable": false, "related_products": [], "seller": 1, "status": 1.0, "unit": "Kg", "maxAvailableUnits": 100000.0, "popularityIndex": 1.0, "coverphoto": "./Rye_small_8BUvK5K.jpg", "priceType": "custom rates", "description": "not available"}, "model": "veggex.product", "pk": 132}, {"fields": {"category": 5, "origin": "", "qualityRemarks": "Custom Product", "name": "Sounf Green", "grade": null, "pricePerUnit": 0.0, "isPerishable": false, "related_products": [], "seller": 1, "status": 1.0, "unit": "Kg", "maxAvailableUnits": 100000.0, "popularityIndex": 1.0, "coverphoto": "./Sounf_Green_FosxiT8.jpg", "priceType": "custom rates", "description": "not available"}, "model": "veggex.product", "pk": 133}, {"fields": {"category": 5, "origin": "", "qualityRemarks": "Custom Product", "name": "Cardamom (Elaichi) Black", "grade": null, "pricePerUnit": 0.0, "isPerishable": false, "related_products": [], "seller": 1, "status": 1.0, "unit": "Kg", "maxAvailableUnits": 100000.0, "popularityIndex": 1.0, "coverphoto": "./Cardamom_Black_fnuMHFk.jpg", "priceType": "custom rates", "description": "not available"}, "model": "veggex.product", "pk": 134}, {"fields": {"category": 5, "origin": "", "qualityRemarks": "Custom Product", "name": "Meat Masala", "grade": null, "pricePerUnit": 0.0, "isPerishable": false, "related_products": [], "seller": 1, "status": 1.0, "unit": "Kg", "maxAvailableUnits": 100000.0, "popularityIndex": 1.0, "coverphoto": "./meat-masala.jpg", "priceType": "custom rates", "description": "not available"}, "model": "veggex.product", "pk": 135}, {"fields": {"category": 5, "origin": "", "qualityRemarks": "Custom Product", "name": "Sambhar Masala", "grade": null, "pricePerUnit": 0.0, "isPerishable": false, "related_products": [], "seller": 1, "status": 1.0, "unit": "Kg", "maxAvailableUnits": 100000.0, "popularityIndex": 1.0, "coverphoto": "./sambhar_masala.jpg", "priceType": "custom rates", "description": "not available"}, "model": "veggex.product", "pk": 136}, {"fields": {"category": 5, "origin": "", "qualityRemarks": "Custom Product", "name": "Sabji Masala", "grade": null, "pricePerUnit": 0.0, "isPerishable": false, "related_products": [], "seller": 1, "status": 1.0, "unit": "Kg", "maxAvailableUnits": 100000.0, "popularityIndex": 1.0, "coverphoto": "./sabji_masala.jpg", "priceType": "custom rates", "description": "not available"}, "model": "veggex.product", "pk": 137}, {"fields": {"category": 5, "origin": "", "qualityRemarks": "Custom Product", "name": "Kitchen King Masala", "grade": null, "pricePerUnit": 0.0, "isPerishable": false, "related_products": [], "seller": 1, "status": 1.0, "unit": "Kg", "maxAvailableUnits": 100000.0, "popularityIndex": 1.0, "coverphoto": "./masala.jpg", "priceType": "custom rates", "description": "not available"}, "model": "veggex.product", "pk": 138}, {"fields": {"category": 5, "origin": "", "qualityRemarks": "Custom Product", "name": "Pav Bhaji Masala", "grade": null, "pricePerUnit": 0.0, "isPerishable": false, "related_products": [], "seller": 1, "status": 1.0, "unit": "Kg", "maxAvailableUnits": 100000.0, "popularityIndex": 1.0, "coverphoto": "./Pav_Bhaji_masala_powder.jpg", "priceType": "custom rates", "description": "not available"}, "model": "veggex.product", "pk": 139}, {"fields": {"category": 5, "origin": "", "qualityRemarks": "Custom Product", "name": "Chaat Masala", "grade": null, "pricePerUnit": 0.0, "isPerishable": false, "related_products": [], "seller": 1, "status": 1.0, "unit": "Kg", "maxAvailableUnits": 100000.0, "popularityIndex": 1.0, "coverphoto": "./chaat_masala.jpg", "priceType": "custom rates", "description": "not available"}, "model": "veggex.product", "pk": 140}, {"fields": {"category": 5, "origin": "", "qualityRemarks": "Custom Product", "name": "Tea Masala", "grade": null, "pricePerUnit": 0.0, "isPerishable": false, "related_products": [], "seller": 1, "status": 1.0, "unit": "Kg", "maxAvailableUnits": 100000.0, "popularityIndex": 1.0, "coverphoto": "./tea_masala.JPG", "priceType": "custom rates", "description": "not available"}, "model": "veggex.product", "pk": 141}, {"fields": {"category": 5, "origin": "", "qualityRemarks": "Custom Product", "name": "Chhole Masala", "grade": null, "pricePerUnit": 0.0, "isPerishable": false, "related_products": [], "seller": 1, "status": 1.0, "unit": "Kg", "maxAvailableUnits": 100000.0, "popularityIndex": 1.0, "coverphoto": "./Chhole_Masala.jpg", "priceType": "custom rates", "description": "not available"}, "model": "veggex.product", "pk": 142}, {"fields": {"category": 5, "origin": "", "qualityRemarks": "Custom Product", "name": "Garam Masala", "grade": null, "pricePerUnit": 0.0, "isPerishable": false, "related_products": [], "seller": 1, "status": 1.0, "unit": "Kg", "maxAvailableUnits": 100000.0, "popularityIndex": 1.0, "coverphoto": "./Garam_Masala.jpg", "priceType": "custom rates", "description": "not available"}, "model": "veggex.product", "pk": 143}, {"fields": {"category": 5, "origin": "", "qualityRemarks": "Custom Product", "name": "Shahi Biryani Masala", "grade": null, "pricePerUnit": 0.0, "isPerishable": false, "related_products": [], "seller": 1, "status": 1.0, "unit": "Kg", "maxAvailableUnits": 100000.0, "popularityIndex": 1.0, "coverphoto": "./shahi_biryani-masala.jpg", "priceType": "custom rates", "description": "not available"}, "model": "veggex.product", "pk": 144}, {"fields": {"category": 5, "origin": "", "qualityRemarks": "Custom Product", "name": "Chicken Masala", "grade": null, "pricePerUnit": 0.0, "isPerishable": false, "related_products": [], "seller": 1, "status": 1.0, "unit": "Kg", "maxAvailableUnits": 100000.0, "popularityIndex": 1.0, "coverphoto": "./chicken_masala.jpg", "priceType": "custom rates", "description": "not available"}, "model": "veggex.product", "pk": 145}, {"fields": {"category": 5, "origin": "", "qualityRemarks": "Custom Product", "name": "Pani Puri Masala", "grade": null, "pricePerUnit": 0.0, "isPerishable": false, "related_products": [], "seller": 1, "status": 1.0, "unit": "Kg", "maxAvailableUnits": 100000.0, "popularityIndex": 1.0, "coverphoto": "./Pani-Puri-Masala.jpg", "priceType": "custom rates", "description": "not available"}, "model": "veggex.product", "pk": 146}, {"fields": {"category": 5, "origin": "", "qualityRemarks": "Custom Product", "name": "Tandoori Chicken Masala", "grade": null, "pricePerUnit": 0.0, "isPerishable": false, "related_products": [], "seller": 1, "status": 1.0, "unit": "Kg", "maxAvailableUnits": 100000.0, "popularityIndex": 1.0, "coverphoto": "./tandoori_chicken_masala.jpg", "priceType": "custom rates", "description": "not available"}, "model": "veggex.product", "pk": 147}, {"fields": {"category": 5, "origin": "", "qualityRemarks": "Custom Product", "name": "Rajma Masala", "grade": null, "pricePerUnit": 0.0, "isPerishable": false, "related_products": [], "seller": 1, "status": 1.0, "unit": "Kg", "maxAvailableUnits": 100000.0, "popularityIndex": 1.0, "coverphoto": "./Rajma_masala.jpg", "priceType": "custom rates", "description": "not available"}, "model": "veggex.product", "pk": 148}, {"fields": {"category": 5, "origin": "", "qualityRemarks": "Custom Product", "name": "Shahi Paneer Masala", "grade": null, "pricePerUnit": 0.0, "isPerishable": false, "related_products": [], "seller": 1, "status": 1.0, "unit": "Kg", "maxAvailableUnits": 100000.0, "popularityIndex": 1.0, "coverphoto": "./shahi-paneer-masala.jpg", "priceType": "custom rates", "description": "not available"}, "model": "veggex.product", "pk": 149}, {"fields": {"category": 5, "origin": "", "qualityRemarks": "Custom Product", "name": "Dal Makhni Masala", "grade": null, "pricePerUnit": 0.0, "isPerishable": false, "related_products": [], "seller": 1, "status": 1.0, "unit": "Kg", "maxAvailableUnits": 100000.0, "popularityIndex": 1.0, "coverphoto": "./dal_makhni_masala.jpg", "priceType": "custom rates", "description": "not available"}, "model": "veggex.product", "pk": 150}, {"fields": {"category": 5, "origin": "", "qualityRemarks": "Custom Product", "name": "Curry Masala", "grade": null, "pricePerUnit": 0.0, "isPerishable": false, "related_products": [], "seller": 1, "status": 1.0, "unit": "Kg", "maxAvailableUnits": 100000.0, "popularityIndex": 1.0, "coverphoto": "./curry_masala.jpg", "priceType": "custom rates", "description": "not available"}, "model": "veggex.product", "pk": 151}, {"fields": {"category": 5, "origin": "", "qualityRemarks": "Custom Product", "name": "Deggi Mirch Powder", "grade": null, "pricePerUnit": 0.0, "isPerishable": false, "related_products": [], "seller": 1, "status": 1.0, "unit": "Kg", "maxAvailableUnits": 100000.0, "popularityIndex": 1.0, "coverphoto": "./deggi_mirch-powder.jpg", "priceType": "custom rates", "description": "not available"}, "model": "veggex.product", "pk": 152}, {"fields": {"category": 5, "origin": "", "qualityRemarks": "Custom Product", "name": "Lal Mirch Powder", "grade": null, "pricePerUnit": 0.0, "isPerishable": false, "related_products": [], "seller": 1, "status": 1.0, "unit": "Kg", "maxAvailableUnits": 100000.0, "popularityIndex": 1.0, "coverphoto": "./Lal-Mirch-Powder.jpg", "priceType": "custom rates", "description": "not available"}, "model": "veggex.product", "pk": 153}, {"fields": {"category": 5, "origin": "", "qualityRemarks": "Custom Product", "name": "Amchoor Powder", "grade": null, "pricePerUnit": 0.0, "isPerishable": false, "related_products": [], "seller": 1, "status": 1.0, "unit": "Kg", "maxAvailableUnits": 100000.0, "popularityIndex": 1.0, "coverphoto": "./amchoor-powder.jpg", "priceType": "custom rates", "description": "not available"}, "model": "veggex.product", "pk": 154}, {"fields": {"category": 5, "origin": "", "qualityRemarks": "Custom Product", "name": "Coriander Powder", "grade": null, "pricePerUnit": 0.0, "isPerishable": false, "related_products": [], "seller": 1, "status": 1.0, "unit": "Kg", "maxAvailableUnits": 100000.0, "popularityIndex": 1.0, "coverphoto": "./dhania_powder.jpg", "priceType": "custom rates", "description": "not available"}, "model": "veggex.product", "pk": 155}, {"fields": {"category": 5, "origin": "", "qualityRemarks": "Custom Product", "name": "Jeera Powder", "grade": null, "pricePerUnit": 0.0, "isPerishable": false, "related_products": [], "seller": 1, "status": 1.0, "unit": "Kg", "maxAvailableUnits": 100000.0, "popularityIndex": 1.0, "coverphoto": "./jeera_powder.jpg", "priceType": "custom rates", "description": "not available"}, "model": "veggex.product", "pk": 156}, {"fields": {"category": 5, "origin": "", "qualityRemarks": "Custom Product", "name": "Kashmiri Chilli Powder", "grade": null, "pricePerUnit": 0.0, "isPerishable": false, "related_products": [], "seller": 1, "status": 1.0, "unit": "Kg", "maxAvailableUnits": 100000.0, "popularityIndex": 1.0, "coverphoto": "./kashmiri_chilli_powder.jpg", "priceType": "custom rates", "description": "not available"}, "model": "veggex.product", "pk": 157}, {"fields": {"category": 5, "origin": "", "qualityRemarks": "Custom Product", "name": "Pepper Powder", "grade": null, "pricePerUnit": 0.0, "isPerishable": false, "related_products": [], "seller": 1, "status": 1.0, "unit": "Kg", "maxAvailableUnits": 100000.0, "popularityIndex": 1.0, "coverphoto": "./pepper_powder.jpg", "priceType": "custom rates", "description": "not available"}, "model": "veggex.product", "pk": 158}, {"fields": {"category": 5, "origin": "", "qualityRemarks": "Custom Product", "name": "Cardamom (Elaichi) Black", "grade": null, "pricePerUnit": 0.0, "isPerishable": false, "related_products": [], "seller": 2, "status": 1.0, "unit": "Grams", "maxAvailableUnits": 100000.0, "popularityIndex": 1.0, "coverphoto": "./Cardamom_Black.jpg", "priceType": "custom rates", "description": "not available"}, "model": "veggex.product", "pk": 159}, {"fields": {"category": 1, "origin": "", "qualityRemarks": "Custom Product", "name": "Lemon", "grade": null, "pricePerUnit": 0.0, "isPerishable": false, "related_products": [], "seller": 2, "status": 1.0, "unit": "Kg", "maxAvailableUnits": 100000.0, "popularityIndex": 1.0, "coverphoto": "./lemon.jpg", "priceType": "custom rates", "description": "not available"}, "model": "veggex.product", "pk": 177}, {"fields": {"category": 7, "origin": "", "qualityRemarks": "Custom Product", "name": "Urad Black Sabut", "grade": null, "pricePerUnit": 0.0, "isPerishable": false, "related_products": [], "seller": 2, "status": 1.0, "unit": "Kg", "maxAvailableUnits": 100000.0, "popularityIndex": 1.0, "coverphoto": "./Urad_Dal_Black_Whole_KqnyFEB.jpg", "priceType": "custom rates", "description": "not available"}, "model": "veggex.product", "pk": 306}, {"fields": {"category": 7, "origin": "", "qualityRemarks": "Custom Product", "name": "Lobia White", "grade": null, "pricePerUnit": 0.0, "isPerishable": false, "related_products": [], "seller": 2, "status": 1.0, "unit": "Kg", "maxAvailableUnits": 100000.0, "popularityIndex": 1.0, "coverphoto": "./Lobia_White_KvtlpxJ.jpg", "priceType": "custom rates", "description": "not available"}, "model": "veggex.product", "pk": 366}, {"fields": {"category": 1, "origin": "", "qualityRemarks": "Custom Product", "name": "Potato", "grade": null, "pricePerUnit": 0.0, "isPerishable": false, "related_products": [], "seller": 1, "status": 1.0, "unit": "Kg", "maxAvailableUnits": 100000.0, "popularityIndex": 1.0, "coverphoto": "./potato_TOIb7RM.jpg", "priceType": "custom rates", "description": "not available"}, "model": "veggex.product", "pk": 378}, {"fields": {"category": 2, "origin": "", "qualityRemarks": "Custom Product", "name": "Pomegranate", "grade": null, "pricePerUnit": 0.0, "isPerishable": false, "related_products": [], "seller": 1, "status": 1.0, "unit": "Kg", "maxAvailableUnits": 100000.0, "popularityIndex": 1.0, "coverphoto": "./pomegranate_rduAhZi.jpg", "priceType": "custom rates", "description": "not available"}, "model": "veggex.product", "pk": 379}, {"fields": {"category": 1, "origin": "", "qualityRemarks": "Custom Product", "name": "Tomato", "grade": null, "pricePerUnit": 0.0, "isPerishable": false, "related_products": [], "seller": 78, "status": 1.0, "unit": "Kg", "maxAvailableUnits": 100000.0, "popularityIndex": 1.0, "coverphoto": "./Tomato.jpg", "priceType": "custom rates", "description": "not available"}, "model": "veggex.product", "pk": 385}, {"fields": {"category": 2, "origin": "", "qualityRemarks": "Custom Product", "name": "Banana", "grade": null, "pricePerUnit": 0.0, "isPerishable": false, "related_products": [], "seller": 78, "status": 1.0, "unit": "Kg", "maxAvailableUnits": 100000.0, "popularityIndex": 1.0, "coverphoto": "./banana_lnrAn9n.jpg", "priceType": "custom rates", "description": "not available"}, "model": "veggex.product", "pk": 386}, {"fields": {"category": 1, "origin": "", "qualityRemarks": "Custom Product", "name": "Beans", "grade": null, "pricePerUnit": 0.0, "isPerishable": false, "related_products": [], "seller": 78, "status": 1.0, "unit": "Kg", "maxAvailableUnits": 100000.0, "popularityIndex": 1.0, "coverphoto": "./beans_0r4PjN1.jpg", "priceType": "custom rates", "description": "not available"}, "model": "veggex.product", "pk": 387}, {"fields": {"category": 1, "origin": "", "qualityRemarks": "Custom Product", "name": "Capsicum Green", "grade": null, "pricePerUnit": 0.0, "isPerishable": false, "related_products": [], "seller": 78, "status": 1.0, "unit": "Kg", "maxAvailableUnits": 100000.0, "popularityIndex": 1.0, "coverphoto": "./capsicum_uO2Cgav.jpg", "priceType": "custom rates", "description": "not available"}, "model": "veggex.product", "pk": 388}, {"fields": {"category": 1, "origin": "", "qualityRemarks": "Custom Product", "name": "Capsicum Red", "grade": null, "pricePerUnit": 0.0, "isPerishable": false, "related_products": [], "seller": 78, "status": 1.0, "unit": "Kg", "maxAvailableUnits": 100000.0, "popularityIndex": 1.0, "coverphoto": "./capsicum_red_dC99Htc.jpg", "priceType": "custom rates", "description": "not available"}, "model": "veggex.product", "pk": 389}, {"fields": {"category": 1, "origin": "", "qualityRemarks": "Custom Product", "name": "Capsicum Yellow", "grade": null, "pricePerUnit": 0.0, "isPerishable": false, "related_products": [], "seller": 78, "status": 1.0, "unit": "Kg", "maxAvailableUnits": 100000.0, "popularityIndex": 1.0, "coverphoto": "./capsicum-yellow.jpg", "priceType": "custom rates", "description": "not available"}, "model": "veggex.product", "pk": 390}, {"fields": {"category": 1, "origin": "", "qualityRemarks": "Custom Product", "name": "Cauliflower", "grade": null, "pricePerUnit": 0.0, "isPerishable": false, "related_products": [], "seller": 78, "status": 1.0, "unit": "Kg", "maxAvailableUnits": 100000.0, "popularityIndex": 1.0, "coverphoto": "./cauliflower_lX51r0m.jpg", "priceType": "custom rates", "description": "not available"}, "model": "veggex.product", "pk": 391}, {"fields": {"category": 1, "origin": "", "qualityRemarks": "Custom Product", "name": "Coriander Green", "grade": null, "pricePerUnit": 0.0, "isPerishable": false, "related_products": [], "seller": 78, "status": 1.0, "unit": "Kg", "maxAvailableUnits": 100000.0, "popularityIndex": 1.0, "coverphoto": "./coriander_green_UIsJvBw.jpg", "priceType": "custom rates", "description": "not available"}, "model": "veggex.product", "pk": 392}, {"fields": {"category": 1, "origin": "", "qualityRemarks": "Custom Product", "name": "Ginger", "grade": null, "pricePerUnit": 0.0, "isPerishable": false, "related_products": [], "seller": 78, "status": 1.0, "unit": "Kg", "maxAvailableUnits": 100000.0, "popularityIndex": 1.0, "coverphoto": "./ginger_Nxo2tXn.jpg", "priceType": "custom rates", "description": "not available"}, "model": "veggex.product", "pk": 393}, {"fields": {"category": 1, "origin": "", "qualityRemarks": "Custom Product", "name": "Chilli Green", "grade": null, "pricePerUnit": 0.0, "isPerishable": false, "related_products": [], "seller": 78, "status": 1.0, "unit": "Kg", "maxAvailableUnits": 100000.0, "popularityIndex": 1.0, "coverphoto": "./green_chilli_IwIWKtv.jpg", "priceType": "custom rates", "description": "not available"}, "model": "veggex.product", "pk": 394}, {"fields": {"category": 1, "origin": "", "qualityRemarks": "Custom Product", "name": "Lemon", "grade": null, "pricePerUnit": 0.0, "isPerishable": false, "related_products": [], "seller": 78, "status": 1.0, "unit": "Kg", "maxAvailableUnits": 100000.0, "popularityIndex": 1.0, "coverphoto": "./lemon_JA0zO2y.jpg", "priceType": "custom rates", "description": "not available"}, "model": "veggex.product", "pk": 395}, {"fields": {"category": 1, "origin": "", "qualityRemarks": "Custom Product", "name": "Onion", "grade": null, "pricePerUnit": 0.0, "isPerishable": false, "related_products": [], "seller": 78, "status": 1.0, "unit": "Kg", "maxAvailableUnits": 100000.0, "popularityIndex": 1.0, "coverphoto": "./onion_4IXo4WA.jpg", "priceType": "custom rates", "description": "not available"}, "model": "veggex.product", "pk": 396}, {"fields": {"category": 1, "origin": "", "qualityRemarks": "Custom Product", "name": "Palak", "grade": null, "pricePerUnit": 0.0, "isPerishable": false, "related_products": [], "seller": 78, "status": 1.0, "unit": "Kg", "maxAvailableUnits": 100000.0, "popularityIndex": 1.0, "coverphoto": "./palak_3kc4Tq0.jpg", "priceType": "custom rates", "description": "not available"}, "model": "veggex.product", "pk": 397}, {"fields": {"category": 1, "origin": "", "qualityRemarks": "Custom Product", "name": "Garlic", "grade": null, "pricePerUnit": 0.0, "isPerishable": false, "related_products": [], "seller": 78, "status": 1.0, "unit": "Kg", "maxAvailableUnits": 100000.0, "popularityIndex": 1.0, "coverphoto": "./garlic_A5zrCK8.jpg", "priceType": "custom rates", "description": "not available"}, "model": "veggex.product", "pk": 398}, {"fields": {"category": 1, "origin": "", "qualityRemarks": "Custom Product", "name": "Brinjal", "grade": null, "pricePerUnit": 0.0, "isPerishable": false, "related_products": [], "seller": 78, "status": 1.0, "unit": "Kg", "maxAvailableUnits": 100000.0, "popularityIndex": 1.0, "coverphoto": "./Brinjal_zgtIGRx.jpg", "priceType": "custom rates", "description": "not available"}, "model": "veggex.product", "pk": 399}, {"fields": {"category": 1, "origin": "", "qualityRemarks": "Custom Product", "name": "Cabbage", "grade": null, "pricePerUnit": 0.0, "isPerishable": false, "related_products": [], "seller": 78, "status": 1.0, "unit": "Kg", "maxAvailableUnits": 100000.0, "popularityIndex": 1.0, "coverphoto": "./cabbage_PHl0I9C.jpg", "priceType": "custom rates", "description": "not available"}, "model": "veggex.product", "pk": 400}, {"fields": {"category": 1, "origin": "", "qualityRemarks": "Custom Product", "name": "Broccoli", "grade": null, "pricePerUnit": 0.0, "isPerishable": false, "related_products": [], "seller": 78, "status": 1.0, "unit": "Kg", "maxAvailableUnits": 100000.0, "popularityIndex": 1.0, "coverphoto": "./Broccoli.jpg", "priceType": "custom rates", "description": "not available"}, "model": "veggex.product", "pk": 401}, {"fields": {"category": 1, "origin": "", "qualityRemarks": "Custom Product", "name": "Pumpkin", "grade": null, "pricePerUnit": 0.0, "isPerishable": false, "related_products": [], "seller": 78, "status": 1.0, "unit": "Kg", "maxAvailableUnits": 100000.0, "popularityIndex": 1.0, "coverphoto": "./Pumkin_Red_b1bAupR.jpg", "priceType": "custom rates", "description": "not available"}, "model": "veggex.product", "pk": 402}, {"fields": {"category": 1, "origin": "", "qualityRemarks": "Custom Product", "name": "Baby Potato", "grade": null, "pricePerUnit": 0.0, "isPerishable": false, "related_products": [], "seller": 78, "status": 1.0, "unit": "Kg", "maxAvailableUnits": 100000.0, "popularityIndex": 1.0, "coverphoto": "./baby_potato_kpQLaXY.jpg", "priceType": "custom rates", "description": "not available"}, "model": "veggex.product", "pk": 403}, {"fields": {"category": 1, "origin": "", "qualityRemarks": "Custom Product", "name": "Sweet Corn", "grade": null, "pricePerUnit": 0.0, "isPerishable": false, "related_products": [], "seller": 78, "status": 1.0, "unit": "Kg", "maxAvailableUnits": 100000.0, "popularityIndex": 1.0, "coverphoto": "./sweet_corn_Y3tRMMM.jpg", "priceType": "custom rates", "description": "not available"}, "model": "veggex.product", "pk": 404}, {"fields": {"category": 1, "origin": "", "qualityRemarks": "Custom Product", "name": "Pumpkin Red", "grade": null, "pricePerUnit": 0.0, "isPerishable": false, "related_products": [], "seller": 78, "status": 1.0, "unit": "Kg", "maxAvailableUnits": 100000.0, "popularityIndex": 1.0, "coverphoto": "./pumpkin_8nAFF08.jpg", "priceType": "custom rates", "description": "not available"}, "model": "veggex.product", "pk": 405}, {"fields": {"category": 1, "origin": "", "qualityRemarks": "Custom Product", "name": "Potato", "grade": null, "pricePerUnit": 0.0, "isPerishable": false, "related_products": [], "seller": 78, "status": 1.0, "unit": "Kg", "maxAvailableUnits": 100000.0, "popularityIndex": 1.0, "coverphoto": "./potato_TOIb7RM.jpg", "priceType": "custom rates", "description": "not available"}, "model": "veggex.product", "pk": 406}, {"fields": {"category": 1, "origin": "", "qualityRemarks": "Custom Product", "name": "Tomato", "grade": null, "pricePerUnit": 50.0, "isPerishable": false, "related_products": [], "seller": 74, "status": 1.0, "unit": "Kg", "maxAvailableUnits": 100000.0, "popularityIndex": 1.0, "coverphoto": "./Tomato.jpg", "priceType": "custom rates", "description": "not available"}, "model": "veggex.product", "pk": 407}, {"fields": {"category": 2, "origin": "", "qualityRemarks": "Custom Product", "name": "Banana", "grade": null, "pricePerUnit": 25.0, "isPerishable": false, "related_products": [], "seller": 74, "status": 1.0, "unit": "Kg", "maxAvailableUnits": 100000.0, "popularityIndex": 1.0, "coverphoto": "./banana_lnrAn9n.jpg", "priceType": "custom rates", "description": "not available"}, "model": "veggex.product", "pk": 408}, {"fields": {"category": 1, "origin": "", "qualityRemarks": "Custom Product", "name": "Beans", "grade": null, "pricePerUnit": 0.0, "isPerishable": false, "related_products": [], "seller": 74, "status": 1.0, "unit": "Kg", "maxAvailableUnits": 100000.0, "popularityIndex": 1.0, "coverphoto": "./beans_0r4PjN1.jpg", "priceType": "custom rates", "description": "not available"}, "model": "veggex.product", "pk": 409}, {"fields": {"category": 1, "origin": "", "qualityRemarks": "Custom Product", "name": "Capsicum Red", "grade": null, "pricePerUnit": 0.0, "isPerishable": false, "related_products": [], "seller": 74, "status": 1.0, "unit": "Kg", "maxAvailableUnits": 100000.0, "popularityIndex": 1.0, "coverphoto": "./capsicum_red_dC99Htc.jpg", "priceType": "custom rates", "description": "not available"}, "model": "veggex.product", "pk": 410}, {"fields": {"category": 1, "origin": "", "qualityRemarks": "Custom Product", "name": "Capsicum Green", "grade": null, "pricePerUnit": 25.0, "isPerishable": false, "related_products": [], "seller": 74, "status": 1.0, "unit": "Kg", "maxAvailableUnits": 100000.0, "popularityIndex": 1.0, "coverphoto": "./capsicum_uO2Cgav.jpg", "priceType": "custom rates", "description": "not available"}, "model": "veggex.product", "pk": 411}, {"fields": {"category": 1, "origin": "", "qualityRemarks": "Custom Product", "name": "Capsicum Yellow", "grade": null, "pricePerUnit": 0.0, "isPerishable": false, "related_products": [], "seller": 74, "status": 1.0, "unit": "Kg", "maxAvailableUnits": 100000.0, "popularityIndex": 1.0, "coverphoto": "./capsicum-yellow.jpg", "priceType": "custom rates", "description": "not available"}, "model": "veggex.product", "pk": 413}, {"fields": {"category": 1, "origin": "", "qualityRemarks": "Custom Product", "name": "Cauliflower", "grade": null, "pricePerUnit": 0.0, "isPerishable": false, "related_products": [], "seller": 74, "status": 1.0, "unit": "Kg", "maxAvailableUnits": 100000.0, "popularityIndex": 1.0, "coverphoto": "./cauliflower_lX51r0m.jpg", "priceType": "custom rates", "description": "not available"}, "model": "veggex.product", "pk": 414}, {"fields": {"category": 1, "origin": "", "qualityRemarks": "Custom Product", "name": "Coriander Green", "grade": null, "pricePerUnit": 0.0, "isPerishable": false, "related_products": [], "seller": 74, "status": 1.0, "unit": "Kg", "maxAvailableUnits": 100000.0, "popularityIndex": 1.0, "coverphoto": "./coriander_green_UIsJvBw.jpg", "priceType": "custom rates", "description": "not available"}, "model": "veggex.product", "pk": 415}, {"fields": {"category": 1, "origin": "", "qualityRemarks": "Custom Product", "name": "Chilli Green", "grade": null, "pricePerUnit": 0.0, "isPerishable": false, "related_products": [], "seller": 74, "status": 1.0, "unit": "Kg", "maxAvailableUnits": 100000.0, "popularityIndex": 1.0, "coverphoto": "./green_chilli_IwIWKtv.jpg", "priceType": "custom rates", "description": "not available"}, "model": "veggex.product", "pk": 416}, {"fields": {"category": 1, "origin": "", "qualityRemarks": "Custom Product", "name": "Ginger", "grade": null, "pricePerUnit": 0.0, "isPerishable": false, "related_products": [], "seller": 74, "status": 1.0, "unit": "Kg", "maxAvailableUnits": 100000.0, "popularityIndex": 1.0, "coverphoto": "./ginger_Nxo2tXn.jpg", "priceType": "custom rates", "description": "not available"}, "model": "veggex.product", "pk": 417}, {"fields": {"category": 1, "origin": "", "qualityRemarks": "Custom Product", "name": "Cucumber", "grade": null, "pricePerUnit": 0.0, "isPerishable": false, "related_products": [], "seller": 74, "status": 1.0, "unit": "Kg", "maxAvailableUnits": 100000.0, "popularityIndex": 1.0, "coverphoto": "./cucumber_3gbJ8W6.jpg", "priceType": "custom rates", "description": "not available"}, "model": "veggex.product", "pk": 418}, {"fields": {"category": 2, "origin": "", "qualityRemarks": "Custom Product", "name": "Mosambi", "grade": null, "pricePerUnit": 0.0, "isPerishable": false, "related_products": [], "seller": 74, "status": 1.0, "unit": "Kg", "maxAvailableUnits": 100000.0, "popularityIndex": 1.0, "coverphoto": "./mosambi_bkV5dck.jpg", "priceType": "custom rates", "description": "not available"}, "model": "veggex.product", "pk": 419}, {"fields": {"category": 2, "origin": "", "qualityRemarks": "Custom Product", "name": "Pomegranate", "grade": null, "pricePerUnit": 0.0, "isPerishable": false, "related_products": [], "seller": 74, "status": 1.0, "unit": "Kg", "maxAvailableUnits": 100000.0, "popularityIndex": 1.0, "coverphoto": "./pomegranate_rduAhZi.jpg", "priceType": "custom rates", "description": "not available"}, "model": "veggex.product", "pk": 421}, {"fields": {"category": 1, "origin": "", "qualityRemarks": "Custom Product", "name": "Ladies Finger", "grade": null, "pricePerUnit": 0.0, "isPerishable": false, "related_products": [], "seller": 74, "status": 1.0, "unit": "Kg", "maxAvailableUnits": 100000.0, "popularityIndex": 1.0, "coverphoto": "./ladies_finger_2Ktr921.jpg", "priceType": "custom rates", "description": "not available"}, "model": "veggex.product", "pk": 422}, {"fields": {"category": 1, "origin": "", "qualityRemarks": "Custom Product", "name": "Coriander Green", "grade": null, "pricePerUnit": 0.0, "isPerishable": false, "related_products": [], "seller": 2, "status": 1.0, "unit": "Kg", "maxAvailableUnits": 100000.0, "popularityIndex": 1.0, "coverphoto": "./coriander_green_UIsJvBw.jpg", "priceType": "custom rates", "description": "not available"}, "model": "veggex.product", "pk": 431}, {"fields": {"category": 1, "origin": "", "qualityRemarks": "Custom Product", "name": "Cucumber", "grade": null, "pricePerUnit": 0.0, "isPerishable": false, "related_products": [], "seller": 2, "status": 1.0, "unit": "Kg", "maxAvailableUnits": 100000.0, "popularityIndex": 1.0, "coverphoto": "./cucumber_3gbJ8W6.jpg", "priceType": "custom rates", "description": "not available"}, "model": "veggex.product", "pk": 432}, {"fields": {"category": 1, "origin": "", "qualityRemarks": "Custom Product", "name": "Ginger", "grade": null, "pricePerUnit": 0.0, "isPerishable": false, "related_products": [], "seller": 2, "status": 1.0, "unit": "Kg", "maxAvailableUnits": 100000.0, "popularityIndex": 1.0, "coverphoto": "./ginger_Nxo2tXn.jpg", "priceType": "custom rates", "description": "not available"}, "model": "veggex.product", "pk": 433}, {"fields": {"category": 1, "origin": "", "qualityRemarks": "Custom Product", "name": "Chilli Green", "grade": null, "pricePerUnit": 0.0, "isPerishable": false, "related_products": [], "seller": 2, "status": 1.0, "unit": "Kg", "maxAvailableUnits": 100000.0, "popularityIndex": 1.0, "coverphoto": "./green_chilli_IwIWKtv.jpg", "priceType": "custom rates", "description": "not available"}, "model": "veggex.product", "pk": 434}, {"fields": {"category": 1, "origin": "", "qualityRemarks": "Custom Product", "name": "Ladies Finger", "grade": null, "pricePerUnit": 0.0, "isPerishable": false, "related_products": [], "seller": 2, "status": 1.0, "unit": "Kg", "maxAvailableUnits": 100000.0, "popularityIndex": 1.0, "coverphoto": "./ladies_finger_2Ktr921.jpg", "priceType": "custom rates", "description": "not available"}, "model": "veggex.product", "pk": 435}, {"fields": {"category": 1, "origin": "", "qualityRemarks": "Custom Product", "name": "Palak", "grade": null, "pricePerUnit": 0.0, "isPerishable": false, "related_products": [], "seller": 2, "status": 1.0, "unit": "Kg", "maxAvailableUnits": 100000.0, "popularityIndex": 1.0, "coverphoto": "./palak_3kc4Tq0.jpg", "priceType": "custom rates", "description": "not available"}, "model": "veggex.product", "pk": 436}, {"fields": {"category": 1, "origin": "", "qualityRemarks": "Custom Product", "name": "Garlic", "grade": null, "pricePerUnit": 0.0, "isPerishable": false, "related_products": [], "seller": 2, "status": 1.0, "unit": "Kg", "maxAvailableUnits": 100000.0, "popularityIndex": 1.0, "coverphoto": "./garlic_A5zrCK8.jpg", "priceType": "custom rates", "description": "not available"}, "model": "veggex.product", "pk": 437}, {"fields": {"category": 1, "origin": "", "qualityRemarks": "Custom Product", "name": "Brinjal", "grade": null, "pricePerUnit": 0.0, "isPerishable": false, "related_products": [], "seller": 2, "status": 1.0, "unit": "Kg", "maxAvailableUnits": 100000.0, "popularityIndex": 1.0, "coverphoto": "./Brinjal_zgtIGRx.jpg", "priceType": "custom rates", "description": "not available"}, "model": "veggex.product", "pk": 438}, {"fields": {"category": 1, "origin": "", "qualityRemarks": "Custom Product", "name": "Bitter Gourd", "grade": null, "pricePerUnit": 0.0, "isPerishable": false, "related_products": [], "seller": 2, "status": 1.0, "unit": "Kg", "maxAvailableUnits": 100000.0, "popularityIndex": 1.0, "coverphoto": "./bitter-gourd_PT1cvBz.jpg", "priceType": "custom rates", "description": "not available"}, "model": "veggex.product", "pk": 439}, {"fields": {"category": 1, "origin": "", "qualityRemarks": "Custom Product", "name": "Parval", "grade": null, "pricePerUnit": 0.0, "isPerishable": false, "related_products": [], "seller": 2, "status": 1.0, "unit": "Kg", "maxAvailableUnits": 100000.0, "popularityIndex": 1.0, "coverphoto": "./parval_nBgtzvU.jpg", "priceType": "custom rates", "description": "not available"}, "model": "veggex.product", "pk": 440}, {"fields": {"category": 1, "origin": "", "qualityRemarks": "Custom Product", "name": "Beetroot", "grade": null, "pricePerUnit": 0.0, "isPerishable": false, "related_products": [], "seller": 2, "status": 1.0, "unit": "Kg", "maxAvailableUnits": 100000.0, "popularityIndex": 1.0, "coverphoto": "./Beetroot_oQW07k3.jpg", "priceType": "custom rates", "description": "not available"}, "model": "veggex.product", "pk": 441}, {"fields": {"category": 1, "origin": "", "qualityRemarks": "Custom Product", "name": "Cabbage", "grade": null, "pricePerUnit": 0.0, "isPerishable": false, "related_products": [], "seller": 2, "status": 1.0, "unit": "Kg", "maxAvailableUnits": 100000.0, "popularityIndex": 1.0, "coverphoto": "./cabbage_PHl0I9C.jpg", "priceType": "custom rates", "description": "not available"}, "model": "veggex.product", "pk": 442}, {"fields": {"category": 1, "origin": "", "qualityRemarks": "Custom Product", "name": "Chinese Cabbage", "grade": null, "pricePerUnit": 0.0, "isPerishable": false, "related_products": [], "seller": 2, "status": 1.0, "unit": "Kg", "maxAvailableUnits": 100000.0, "popularityIndex": 1.0, "coverphoto": "./chinese-cabbage_b15EqsK.jpg", "priceType": "custom rates", "description": "not available"}, "model": "veggex.product", "pk": 443}, {"fields": {"category": 1, "origin": "", "qualityRemarks": "Custom Product", "name": "Cabbage Red", "grade": null, "pricePerUnit": 0.0, "isPerishable": false, "related_products": [], "seller": 2, "status": 1.0, "unit": "Kg", "maxAvailableUnits": 100000.0, "popularityIndex": 1.0, "coverphoto": "./cabbage-red_1fIuIs1.jpg", "priceType": "custom rates", "description": "not available"}, "model": "veggex.product", "pk": 444}, {"fields": {"category": 1, "origin": "", "qualityRemarks": "Custom Product", "name": "Green Peas", "grade": null, "pricePerUnit": 0.0, "isPerishable": false, "related_products": [], "seller": 2, "status": 1.0, "unit": "Kg", "maxAvailableUnits": 100000.0, "popularityIndex": 1.0, "coverphoto": "./green-peas.jpg", "priceType": "custom rates", "description": "not available"}, "model": "veggex.product", "pk": 445}, {"fields": {"category": 1, "origin": "", "qualityRemarks": "Custom Product", "name": "Colocasia", "grade": null, "pricePerUnit": 0.0, "isPerishable": false, "related_products": [], "seller": 2, "status": 1.0, "unit": "Kg", "maxAvailableUnits": 100000.0, "popularityIndex": 1.0, "coverphoto": "./Colocasia.jpg", "priceType": "custom rates", "description": "not available"}, "model": "veggex.product", "pk": 446}, {"fields": {"category": 1, "origin": "", "qualityRemarks": "Custom Product", "name": "Methi Leaves", "grade": null, "pricePerUnit": 0.0, "isPerishable": false, "related_products": [], "seller": 2, "status": 1.0, "unit": "Kg", "maxAvailableUnits": 100000.0, "popularityIndex": 1.0, "coverphoto": "./methi_leaves_VhwB3T4.jpg", "priceType": "custom rates", "description": "not available"}, "model": "veggex.product", "pk": 447}, {"fields": {"category": 1, "origin": "", "qualityRemarks": "Custom Product", "name": "English Cucumber", "grade": null, "pricePerUnit": 0.0, "isPerishable": false, "related_products": [], "seller": 2, "status": 1.0, "unit": "Kg", "maxAvailableUnits": 100000.0, "popularityIndex": 1.0, "coverphoto": "./english-cucumber_bGN6osH.jpg", "priceType": "custom rates", "description": "not available"}, "model": "veggex.product", "pk": 448}, {"fields": {"category": 1, "origin": "", "qualityRemarks": "Custom Product", "name": "Baby Potato", "grade": null, "pricePerUnit": 0.0, "isPerishable": false, "related_products": [], "seller": 2, "status": 1.0, "unit": "Kg", "maxAvailableUnits": 100000.0, "popularityIndex": 1.0, "coverphoto": "./baby_potato_kpQLaXY.jpg", "priceType": "custom rates", "description": "not available"}, "model": "veggex.product", "pk": 451}, {"fields": {"category": 1, "origin": "", "qualityRemarks": "Custom Product", "name": "Curry Leaves", "grade": null, "pricePerUnit": 0.0, "isPerishable": false, "related_products": [], "seller": 2, "status": 1.0, "unit": "Kg", "maxAvailableUnits": 100000.0, "popularityIndex": 1.0, "coverphoto": "./curry_leaves_JXXJMIN.jpg", "priceType": "custom rates", "description": "not available"}, "model": "veggex.product", "pk": 453}, {"fields": {"category": 1, "origin": "", "qualityRemarks": "Custom Product", "name": "Coccinia", "grade": null, "pricePerUnit": 0.0, "isPerishable": false, "related_products": [], "seller": 2, "status": 1.0, "unit": "Kg", "maxAvailableUnits": 100000.0, "popularityIndex": 1.0, "coverphoto": "./Coccinia_vGZBiiV.jpg", "priceType": "custom rates", "description": "not available"}, "model": "veggex.product", "pk": 454}, {"fields": {"category": 1, "origin": "", "qualityRemarks": "Custom Product", "name": "Pumpkin Red", "grade": null, "pricePerUnit": 0.0, "isPerishable": false, "related_products": [], "seller": 2, "status": 1.0, "unit": "Kg", "maxAvailableUnits": 100000.0, "popularityIndex": 1.0, "coverphoto": "./pumpkin_8nAFF08.jpg", "priceType": "custom rates", "description": "not available"}, "model": "veggex.product", "pk": 456}, {"fields": {"category": 3, "origin": "", "qualityRemarks": "Custom Product", "name": "Amul Butter - 100 gm", "grade": null, "pricePerUnit": 0.0, "isPerishable": false, "related_products": [], "seller": 2, "status": 1.0, "unit": "Unit", "maxAvailableUnits": 100000.0, "popularityIndex": 1.0, "coverphoto": "./Amul_butter.jpg", "priceType": "custom rates", "description": "not available"}, "model": "veggex.product", "pk": 457}, {"fields": {"category": 7, "origin": "", "qualityRemarks": "Custom Product", "name": "Masoor Dal Sabut", "grade": null, "pricePerUnit": 0.0, "isPerishable": false, "related_products": [], "seller": 2, "status": 1.0, "unit": "Kg", "maxAvailableUnits": 100000.0, "popularityIndex": 1.0, "coverphoto": "./Masoor-Dal_EmfvU8p.jpg", "priceType": "custom rates", "description": "not available"}, "model": "veggex.product", "pk": 459}, {"fields": {"category": 1, "origin": "", "qualityRemarks": "Custom Product", "name": "Cauliflower", "grade": null, "pricePerUnit": 0.0, "isPerishable": false, "related_products": [], "seller": 2, "status": 1.0, "unit": "Kg", "maxAvailableUnits": 100000.0, "popularityIndex": 1.0, "coverphoto": "./cauliflower_lX51r0m.jpg", "priceType": "custom rates", "description": "not available"}, "model": "veggex.product", "pk": 460}, {"fields": {"category": 7, "origin": "", "qualityRemarks": "Custom Product", "name": "Arhar Dal", "grade": null, "pricePerUnit": 0.0, "isPerishable": false, "related_products": [], "seller": 2, "status": 1.0, "unit": "Kg", "maxAvailableUnits": 100000.0, "popularityIndex": 1.0, "coverphoto": "./Arhar_Dal_ZWdEOiD.jpg", "priceType": "custom rates", "description": "not available"}, "model": "veggex.product", "pk": 462}, {"fields": {"category": 1, "origin": "", "qualityRemarks": "Custom Product", "name": "Capsicum Yellow", "grade": null, "pricePerUnit": 0.0, "isPerishable": false, "related_products": [], "seller": 2, "status": 1.0, "unit": "Kg", "maxAvailableUnits": 100000.0, "popularityIndex": 1.0, "coverphoto": "./capsicum-yellow.jpg", "priceType": "custom rates", "description": "not available"}, "model": "veggex.product", "pk": 463}, {"fields": {"category": 2, "origin": "", "qualityRemarks": "Custom Product", "name": "Apple", "grade": null, "pricePerUnit": 0.0, "isPerishable": false, "related_products": [], "seller": 1, "status": 1.0, "unit": "Kg", "maxAvailableUnits": 100000.0, "popularityIndex": 1.0, "coverphoto": "./apple_DWs5tsr.jpg", "priceType": "custom rates", "description": "not available"}, "model": "veggex.product", "pk": 464}, {"fields": {"category": 1, "origin": "", "qualityRemarks": "Custom Product", "name": "Onion", "grade": null, "pricePerUnit": 0.0, "isPerishable": false, "related_products": [], "seller": 74, "status": 1.0, "unit": "Kg", "maxAvailableUnits": 100000.0, "popularityIndex": 1.0, "coverphoto": "./onion_4IXo4WA.jpg", "priceType": "custom rates", "description": "not available"}, "model": "veggex.product", "pk": 465}, {"fields": {"category": 1, "origin": "", "qualityRemarks": "Custom Product", "name": "Lemon", "grade": null, "pricePerUnit": 0.0, "isPerishable": false, "related_products": [], "seller": 74, "status": 1.0, "unit": "Kg", "maxAvailableUnits": 100000.0, "popularityIndex": 1.0, "coverphoto": "./lemon_JA0zO2y.jpg", "priceType": "custom rates", "description": "not available"}, "model": "veggex.product", "pk": 466}, {"fields": {"category": 4, "origin": "", "qualityRemarks": "Custom Product", "name": "Soya Chunks", "grade": null, "pricePerUnit": 0.0, "isPerishable": false, "related_products": [], "seller": 1, "status": 1.0, "unit": "Kg", "maxAvailableUnits": 100000.0, "popularityIndex": 1.0, "coverphoto": "./soya_chunks_tD65g1U.jpg", "priceType": "custom rates", "description": "not available"}, "model": "veggex.product", "pk": 468}, {"fields": {"category": 1, "origin": "", "qualityRemarks": "Custom Product", "name": "Tomato (Gravy)", "grade": null, "pricePerUnit": 0.0, "isPerishable": false, "related_products": [], "seller": 1, "status": 1.0, "unit": "Kg", "maxAvailableUnits": 100000.0, "popularityIndex": 1.0, "coverphoto": "./Tomato_Gravy.jpg", "priceType": "custom rates", "description": "not available"}, "model": "veggex.product", "pk": 469}, {"fields": {"category": 1, "origin": "", "qualityRemarks": "Custom Product", "name": "Onion (Sirka)", "grade": null, "pricePerUnit": 0.0, "isPerishable": false, "related_products": [], "seller": 1, "status": 1.0, "unit": "Kg", "maxAvailableUnits": 100000.0, "popularityIndex": 1.0, "coverphoto": "./Onion_sirka.jpg", "priceType": "custom rates", "description": "not available"}, "model": "veggex.product", "pk": 470}, {"fields": {"category": 1, "origin": "", "qualityRemarks": "Custom Product", "name": "Carrot", "grade": null, "pricePerUnit": 0.0, "isPerishable": false, "related_products": [], "seller": 1, "status": 1.0, "unit": "Kg", "maxAvailableUnits": 100000.0, "popularityIndex": 1.0, "coverphoto": "./Carrot.jpg", "priceType": "custom rates", "description": "not available"}, "model": "veggex.product", "pk": 471}, {"fields": {"category": 1, "origin": "", "qualityRemarks": "Custom Product", "name": "Pudina", "grade": null, "pricePerUnit": 0.0, "isPerishable": false, "related_products": [], "seller": 1, "status": 1.0, "unit": "Kg", "maxAvailableUnits": 100000.0, "popularityIndex": 1.0, "coverphoto": "./Pudina.jpg", "priceType": "custom rates", "description": "not available"}, "model": "veggex.product", "pk": 472}, {"fields": {"category": 1, "origin": "", "qualityRemarks": "Custom Product", "name": "Amla", "grade": null, "pricePerUnit": 0.0, "isPerishable": false, "related_products": [], "seller": 1, "status": 1.0, "unit": "Kg", "maxAvailableUnits": 100000.0, "popularityIndex": 1.0, "coverphoto": "./Amla.jpg", "priceType": "custom rates", "description": "not available"}, "model": "veggex.product", "pk": 473}, {"fields": {"category": 1, "origin": "", "qualityRemarks": "Custom Product", "name": "Brinjal Long", "grade": null, "pricePerUnit": 0.0, "isPerishable": false, "related_products": [], "seller": 1, "status": 1.0, "unit": "Kg", "maxAvailableUnits": 100000.0, "popularityIndex": 1.0, "coverphoto": "./brinjal-long.jpg", "priceType": "custom rates", "description": "not available"}, "model": "veggex.product", "pk": 474}, {"fields": {"category": 1, "origin": "", "qualityRemarks": "Custom Product", "name": "Lettuce - Iceberg", "grade": null, "pricePerUnit": 0.0, "isPerishable": false, "related_products": [], "seller": 1, "status": 1.0, "unit": "Kg", "maxAvailableUnits": 100000.0, "popularityIndex": 1.0, "coverphoto": "./lettuce.jpg", "priceType": "custom rates", "description": "not available"}, "model": "veggex.product", "pk": 475}, {"fields": {"category": 1, "origin": "", "qualityRemarks": "Custom Product", "name": "Sweet Potato", "grade": null, "pricePerUnit": 0.0, "isPerishable": false, "related_products": [], "seller": 1, "status": 1.0, "unit": "Kg", "maxAvailableUnits": 100000.0, "popularityIndex": 1.0, "coverphoto": "./Sweet-potato.jpg", "priceType": "custom rates", "description": "not available"}, "model": "veggex.product", "pk": 476}, {"fields": {"category": 1, "origin": "", "qualityRemarks": "Custom Product", "name": "Onion - White", "grade": null, "pricePerUnit": 0.0, "isPerishable": false, "related_products": [], "seller": 1, "status": 1.0, "unit": "Kg", "maxAvailableUnits": 100000.0, "popularityIndex": 1.0, "coverphoto": "./Onion-white.jpg", "priceType": "custom rates", "description": "not available"}, "model": "veggex.product", "pk": 477}, {"fields": {"category": 1, "origin": "", "qualityRemarks": "Custom Product", "name": "Turnip", "grade": null, "pricePerUnit": 0.0, "isPerishable": false, "related_products": [], "seller": 1, "status": 1.0, "unit": "Kg", "maxAvailableUnits": 100000.0, "popularityIndex": 1.0, "coverphoto": "./Turnip.jpg", "priceType": "custom rates", "description": "not available"}, "model": "veggex.product", "pk": 478}, {"fields": {"category": 1, "origin": "", "qualityRemarks": "Custom Product", "name": "Celery", "grade": null, "pricePerUnit": 0.0, "isPerishable": false, "related_products": [], "seller": 1, "status": 1.0, "unit": "Kg", "maxAvailableUnits": 100000.0, "popularityIndex": 1.0, "coverphoto": "./Celery.jpg", "priceType": "custom rates", "description": "not available"}, "model": "veggex.product", "pk": 479}, {"fields": {"category": 1, "origin": "", "qualityRemarks": "Custom Product", "name": "Mushroom", "grade": null, "pricePerUnit": 0.0, "isPerishable": false, "related_products": [], "seller": 1, "status": 1.0, "unit": "Kg", "maxAvailableUnits": 100000.0, "popularityIndex": 1.0, "coverphoto": "./Mushroom.jpg", "priceType": "custom rates", "description": "not available"}, "model": "veggex.product", "pk": 480}, {"fields": {"category": 1, "origin": "", "qualityRemarks": "Custom Product", "name": "Mushroom - Oyster", "grade": null, "pricePerUnit": 0.0, "isPerishable": false, "related_products": [], "seller": 1, "status": 1.0, "unit": "Kg", "maxAvailableUnits": 100000.0, "popularityIndex": 1.0, "coverphoto": "./Mushroom-oyster.jpg", "priceType": "custom rates", "description": "not available"}, "model": "veggex.product", "pk": 481}, {"fields": {"category": 1, "origin": "", "qualityRemarks": "Custom Product", "name": "Radish - White", "grade": null, "pricePerUnit": 0.0, "isPerishable": false, "related_products": [], "seller": 1, "status": 1.0, "unit": "Kg", "maxAvailableUnits": 100000.0, "popularityIndex": 1.0, "coverphoto": "./Radish_white.jpg", "priceType": "custom rates", "description": "not available"}, "model": "veggex.product", "pk": 482}, {"fields": {"category": 2, "origin": "", "qualityRemarks": "Custom Product", "name": "Custard Apple", "grade": null, "pricePerUnit": 0.0, "isPerishable": false, "related_products": [], "seller": 1, "status": 1.0, "unit": "Kg", "maxAvailableUnits": 100000.0, "popularityIndex": 1.0, "coverphoto": "./Custard-apple.jpg", "priceType": "custom rates", "description": "not available"}, "model": "veggex.product", "pk": 483}, {"fields": {"category": 1, "origin": "", "qualityRemarks": "Custom Product", "name": "Green Onion", "grade": null, "pricePerUnit": 0.0, "isPerishable": false, "related_products": [], "seller": 1, "status": 1.0, "unit": "Kg", "maxAvailableUnits": 100000.0, "popularityIndex": 1.0, "coverphoto": "./Onion_green.jpg", "priceType": "custom rates", "description": "not available"}, "model": "veggex.product", "pk": 484}, {"fields": {"category": 1, "origin": "", "qualityRemarks": "Custom Product", "name": "Kamal Kakdi", "grade": null, "pricePerUnit": 0.0, "isPerishable": false, "related_products": [], "seller": 1, "status": 1.0, "unit": "Kg", "maxAvailableUnits": 100000.0, "popularityIndex": 1.0, "coverphoto": "./Kamal_Kakdi.png", "priceType": "custom rates", "description": "not available"}, "model": "veggex.product", "pk": 485}, {"fields": {"category": 2, "origin": "", "qualityRemarks": "Custom Product", "name": "Coconut", "grade": null, "pricePerUnit": 0.0, "isPerishable": false, "related_products": [], "seller": 1, "status": 1.0, "unit": "Unit", "maxAvailableUnits": 100000.0, "popularityIndex": 1.0, "coverphoto": "./Coconut.jpg", "priceType": "custom rates", "description": "not available"}, "model": "veggex.product", "pk": 486}, {"fields": {"category": 1, "origin": "", "qualityRemarks": "Custom Product", "name": "Drumstick", "grade": null, "pricePerUnit": 0.0, "isPerishable": false, "related_products": [], "seller": 1, "status": 1.0, "unit": "Kg", "maxAvailableUnits": 100000.0, "popularityIndex": 1.0, "coverphoto": "./Drumstick.jpg", "priceType": "custom rates", "description": "not available"}, "model": "veggex.product", "pk": 487}, {"fields": {"category": 1, "origin": "", "qualityRemarks": "Custom Product", "name": "Lettuce - Green", "grade": null, "pricePerUnit": 0.0, "isPerishable": false, "related_products": [], "seller": 1, "status": 1.0, "unit": "Kg", "maxAvailableUnits": 100000.0, "popularityIndex": 1.0, "coverphoto": "./Lettuce-green.jpg", "priceType": "custom rates", "description": "not available"}, "model": "veggex.product", "pk": 488}, {"fields": {"category": 1, "origin": "", "qualityRemarks": "Custom Product", "name": "Lettuce - Red", "grade": null, "pricePerUnit": 0.0, "isPerishable": false, "related_products": [], "seller": 1, "status": 1.0, "unit": "Kg", "maxAvailableUnits": 100000.0, "popularityIndex": 1.0, "coverphoto": "./lettuce_red_leaf.jpg", "priceType": "custom rates", "description": "not available"}, "model": "veggex.product", "pk": 489}, {"fields": {"category": 1, "origin": "", "qualityRemarks": "Custom Product", "name": "Baby Corn", "grade": null, "pricePerUnit": 0.0, "isPerishable": false, "related_products": [], "seller": 1, "status": 1.0, "unit": "Kg", "maxAvailableUnits": 100000.0, "popularityIndex": 1.0, "coverphoto": "./baby_corn.jpg", "priceType": "custom rates", "description": "not available"}, "model": "veggex.product", "pk": 490}, {"fields": {"category": 1, "origin": "", "qualityRemarks": "Custom Product", "name": "Basil Leaf", "grade": null, "pricePerUnit": 0.0, "isPerishable": false, "related_products": [], "seller": 1, "status": 1.0, "unit": "Kg", "maxAvailableUnits": 100000.0, "popularityIndex": 1.0, "coverphoto": "./basil-leaf.png", "priceType": "custom rates", "description": "not available"}, "model": "veggex.product", "pk": 491}, {"fields": {"category": 1, "origin": "", "qualityRemarks": "Custom Product", "name": "Bok Choy", "grade": null, "pricePerUnit": 0.0, "isPerishable": false, "related_products": [], "seller": 1, "status": 1.0, "unit": "Kg", "maxAvailableUnits": 100000.0, "popularityIndex": 1.0, "coverphoto": "./Bok_choy.jpg", "priceType": "custom rates", "description": "not available"}, "model": "veggex.product", "pk": 492}, {"fields": {"category": 1, "origin": "", "qualityRemarks": "Custom Product", "name": "Bamboo Shoots", "grade": null, "pricePerUnit": 0.0, "isPerishable": false, "related_products": [], "seller": 1, "status": 1.0, "unit": "Kg", "maxAvailableUnits": 100000.0, "popularityIndex": 1.0, "coverphoto": "./Bamboo-Shoots.jpg", "priceType": "custom rates", "description": "not available"}, "model": "veggex.product", "pk": 493}, {"fields": {"category": 1, "origin": "", "qualityRemarks": "Custom Product", "name": "Cherry Tomato", "grade": null, "pricePerUnit": 0.0, "isPerishable": false, "related_products": [], "seller": 1, "status": 1.0, "unit": "Kg", "maxAvailableUnits": 100000.0, "popularityIndex": 1.0, "coverphoto": "./Cherry_tomato.jpg", "priceType": "custom rates", "description": "not available"}, "model": "veggex.product", "pk": 494}, {"fields": {"category": 1, "origin": "", "qualityRemarks": "Custom Product", "name": "Thyme Leaves", "grade": null, "pricePerUnit": 0.0, "isPerishable": false, "related_products": [], "seller": 1, "status": 1.0, "unit": "Kg", "maxAvailableUnits": 100000.0, "popularityIndex": 1.0, "coverphoto": "./Thyme-leaves.jpg", "priceType": "custom rates", "description": "not available"}, "model": "veggex.product", "pk": 495}, {"fields": {"category": 1, "origin": "", "qualityRemarks": "Custom Product", "name": "Leek", "grade": null, "pricePerUnit": 0.0, "isPerishable": false, "related_products": [], "seller": 1, "status": 1.0, "unit": "Kg", "maxAvailableUnits": 100000.0, "popularityIndex": 1.0, "coverphoto": "./Leek.jpg", "priceType": "custom rates", "description": "not available"}, "model": "veggex.product", "pk": 496}, {"fields": {"category": 2, "origin": "", "qualityRemarks": "Custom Product", "name": "Orange", "grade": null, "pricePerUnit": 0.0, "isPerishable": false, "related_products": [], "seller": 1, "status": 1.0, "unit": "Kg", "maxAvailableUnits": 100000.0, "popularityIndex": 1.0, "coverphoto": "./Orange.jpg", "priceType": "custom rates", "description": "not available"}, "model": "veggex.product", "pk": 497}, {"fields": {"category": 2, "origin": "", "qualityRemarks": "Custom Product", "name": "Watermelon", "grade": null, "pricePerUnit": 0.0, "isPerishable": false, "related_products": [], "seller": 1, "status": 1.0, "unit": "Kg", "maxAvailableUnits": 100000.0, "popularityIndex": 1.0, "coverphoto": "./Watermelon.jpg", "priceType": "custom rates", "description": "not available"}, "model": "veggex.product", "pk": 498}, {"fields": {"category": 2, "origin": "", "qualityRemarks": "Custom Product", "name": "Guava", "grade": null, "pricePerUnit": 0.0, "isPerishable": false, "related_products": [], "seller": 1, "status": 1.0, "unit": "Kg", "maxAvailableUnits": 100000.0, "popularityIndex": 1.0, "coverphoto": "./Guava.jpg", "priceType": "custom rates", "description": "not available"}, "model": "veggex.product", "pk": 499}, {"fields": {"category": 2, "origin": "", "qualityRemarks": "Custom Product", "name": "Pear - Green", "grade": null, "pricePerUnit": 0.0, "isPerishable": false, "related_products": [], "seller": 1, "status": 1.0, "unit": "Kg", "maxAvailableUnits": 100000.0, "popularityIndex": 1.0, "coverphoto": "./pear-green.jpg", "priceType": "custom rates", "description": "not available"}, "model": "veggex.product", "pk": 500}, {"fields": {"category": 2, "origin": "", "qualityRemarks": "Custom Product", "name": "Musk Melon", "grade": null, "pricePerUnit": 0.0, "isPerishable": false, "related_products": [], "seller": 1, "status": 1.0, "unit": "Kg", "maxAvailableUnits": 100000.0, "popularityIndex": 1.0, "coverphoto": "./musk-melon.jpg", "priceType": "custom rates", "description": "not available"}, "model": "veggex.product", "pk": 501}, {"fields": {"category": 2, "origin": "", "qualityRemarks": "Custom Product", "name": "Avocado", "grade": null, "pricePerUnit": 0.0, "isPerishable": false, "related_products": [], "seller": 1, "status": 1.0, "unit": "Kg", "maxAvailableUnits": 100000.0, "popularityIndex": 1.0, "coverphoto": "./avocado.jpg", "priceType": "custom rates", "description": "not available"}, "model": "veggex.product", "pk": 502}, {"fields": {"category": 2, "origin": "", "qualityRemarks": "Custom Product", "name": "Pineapple", "grade": null, "pricePerUnit": 0.0, "isPerishable": false, "related_products": [], "seller": 1, "status": 1.0, "unit": "Kg", "maxAvailableUnits": 100000.0, "popularityIndex": 1.0, "coverphoto": "./pineapple.jpg", "priceType": "custom rates", "description": "not available"}, "model": "veggex.product", "pk": 503}, {"fields": {"category": 2, "origin": "", "qualityRemarks": "Custom Product", "name": "Plums", "grade": null, "pricePerUnit": 0.0, "isPerishable": false, "related_products": [], "seller": 1, "status": 1.0, "unit": "Kg", "maxAvailableUnits": 100000.0, "popularityIndex": 1.0, "coverphoto": "./plums.jpg", "priceType": "custom rates", "description": "not available"}, "model": "veggex.product", "pk": 504}, {"fields": {"category": 2, "origin": "", "qualityRemarks": "Custom Product", "name": "Mango - Raw", "grade": null, "pricePerUnit": 0.0, "isPerishable": false, "related_products": [], "seller": 1, "status": 1.0, "unit": "Kg", "maxAvailableUnits": 100000.0, "popularityIndex": 1.0, "coverphoto": "./mango-raw.jpg", "priceType": "custom rates", "description": "not available"}, "model": "veggex.product", "pk": 505}, {"fields": {"category": 2, "origin": "", "qualityRemarks": "Custom Product", "name": "Grapes - Red", "grade": null, "pricePerUnit": 0.0, "isPerishable": false, "related_products": [], "seller": 1, "status": 1.0, "unit": "Kg", "maxAvailableUnits": 100000.0, "popularityIndex": 1.0, "coverphoto": "./grapes-red-globe.jpg", "priceType": "custom rates", "description": "not available"}, "model": "veggex.product", "pk": 506}, {"fields": {"category": 2, "origin": "", "qualityRemarks": "Custom Product", "name": "Dragon Fruit", "grade": null, "pricePerUnit": 0.0, "isPerishable": false, "related_products": [], "seller": 1, "status": 1.0, "unit": "Kg", "maxAvailableUnits": 100000.0, "popularityIndex": 1.0, "coverphoto": "./dragon-fruit.jpg", "priceType": "custom rates", "description": "not available"}, "model": "veggex.product", "pk": 507}, {"fields": {"category": 2, "origin": "", "qualityRemarks": "Custom Product", "name": "Baby Orange", "grade": null, "pricePerUnit": 0.0, "isPerishable": false, "related_products": [], "seller": 1, "status": 1.0, "unit": "Kg", "maxAvailableUnits": 100000.0, "popularityIndex": 1.0, "coverphoto": "./baby-orange.jpg", "priceType": "custom rates", "description": "not available"}, "model": "veggex.product", "pk": 508}, {"fields": {"category": 2, "origin": "", "qualityRemarks": "Custom Product", "name": "Banana - Red", "grade": null, "pricePerUnit": 0.0, "isPerishable": false, "related_products": [], "seller": 1, "status": 1.0, "unit": "Kg", "maxAvailableUnits": 100000.0, "popularityIndex": 1.0, "coverphoto": "./banana-red.jpg", "priceType": "custom rates", "description": "not available"}, "model": "veggex.product", "pk": 509}, {"fields": {"category": 2, "origin": "", "qualityRemarks": "Custom Product", "name": "Apricot", "grade": null, "pricePerUnit": 0.0, "isPerishable": false, "related_products": [], "seller": 1, "status": 1.0, "unit": "Kg", "maxAvailableUnits": 100000.0, "popularityIndex": 1.0, "coverphoto": "./apricot.jpg", "priceType": "custom rates", "description": "not available"}, "model": "veggex.product", "pk": 510}, {"fields": {"category": 2, "origin": "", "qualityRemarks": "Custom Product", "name": "Pear - Golden", "grade": null, "pricePerUnit": 0.0, "isPerishable": false, "related_products": [], "seller": 1, "status": 1.0, "unit": "Kg", "maxAvailableUnits": 100000.0, "popularityIndex": 1.0, "coverphoto": "./golden-pear.jpg", "priceType": "custom rates", "description": "not available"}, "model": "veggex.product", "pk": 511}, {"fields": {"category": 2, "origin": "", "qualityRemarks": "Custom Product", "name": "Pear - Red", "grade": null, "pricePerUnit": 0.0, "isPerishable": false, "related_products": [], "seller": 1, "status": 1.0, "unit": "Kg", "maxAvailableUnits": 100000.0, "popularityIndex": 1.0, "coverphoto": "./pears-red_pCtwopd.jpg", "priceType": "custom rates", "description": "not available"}, "model": "veggex.product", "pk": 512}, {"fields": {"category": 2, "origin": "", "qualityRemarks": "Custom Product", "name": "Tamarind", "grade": null, "pricePerUnit": 0.0, "isPerishable": false, "related_products": [], "seller": 1, "status": 1.0, "unit": "Kg", "maxAvailableUnits": 100000.0, "popularityIndex": 1.0, "coverphoto": "./tamarind-sweet.jpg", "priceType": "custom rates", "description": "not available"}, "model": "veggex.product", "pk": 513}, {"fields": {"category": 2, "origin": "", "qualityRemarks": "Custom Product", "name": "Apple - Green", "grade": null, "pricePerUnit": 0.0, "isPerishable": false, "related_products": [], "seller": 1, "status": 1.0, "unit": "Kg", "maxAvailableUnits": 100000.0, "popularityIndex": 1.0, "coverphoto": "./apple-green.jpg", "priceType": "custom rates", "description": "not available"}, "model": "veggex.product", "pk": 514}, {"fields": {"category": 2, "origin": "", "qualityRemarks": "Custom Product", "name": "Blueberry", "grade": null, "pricePerUnit": 0.0, "isPerishable": false, "related_products": [], "seller": 1, "status": 1.0, "unit": "Kg", "maxAvailableUnits": 100000.0, "popularityIndex": 1.0, "coverphoto": "./blueberry.jpg", "priceType": "custom rates", "description": "not available"}, "model": "veggex.product", "pk": 515}, {"fields": {"category": 2, "origin": "", "qualityRemarks": "Custom Product", "name": "Grapefruit", "grade": null, "pricePerUnit": 0.0, "isPerishable": false, "related_products": [], "seller": 1, "status": 1.0, "unit": "Kg", "maxAvailableUnits": 100000.0, "popularityIndex": 1.0, "coverphoto": "./grapefruit.jpg", "priceType": "custom rates", "description": "not available"}, "model": "veggex.product", "pk": 516}, {"fields": {"category": 2, "origin": "", "qualityRemarks": "Custom Product", "name": "Sun Melon (Sharda)", "grade": null, "pricePerUnit": 0.0, "isPerishable": false, "related_products": [], "seller": 1, "status": 1.0, "unit": "Kg", "maxAvailableUnits": 100000.0, "popularityIndex": 1.0, "coverphoto": "./sun-melon.jpg", "priceType": "custom rates", "description": "not available"}, "model": "veggex.product", "pk": 517}, {"fields": {"category": 2, "origin": "", "qualityRemarks": "Custom Product", "name": "Kiwi Dried", "grade": null, "pricePerUnit": 0.0, "isPerishable": false, "related_products": [], "seller": 1, "status": 1.0, "unit": "Kg", "maxAvailableUnits": 100000.0, "popularityIndex": 1.0, "coverphoto": "./kiwi-dried.jpg", "priceType": "custom rates", "description": "not available"}, "model": "veggex.product", "pk": 518}, {"fields": {"category": 2, "origin": "", "qualityRemarks": "Custom Product", "name": "Mangosteen", "grade": null, "pricePerUnit": 0.0, "isPerishable": false, "related_products": [], "seller": 1, "status": 1.0, "unit": "Kg", "maxAvailableUnits": 100000.0, "popularityIndex": 1.0, "coverphoto": "./mangosteens.jpg", "priceType": "custom rates", "description": "not available"}, "model": "veggex.product", "pk": 519}, {"fields": {"category": 2, "origin": "", "qualityRemarks": "Custom Product", "name": "Mango - Totapuri", "grade": null, "pricePerUnit": 0.0, "isPerishable": false, "related_products": [], "seller": 1, "status": 1.0, "unit": "Kg", "maxAvailableUnits": 100000.0, "popularityIndex": 1.0, "coverphoto": "./mango-totapuri.jpg", "priceType": "custom rates", "description": "not available"}, "model": "veggex.product", "pk": 520}, {"fields": {"category": 2, "origin": "", "qualityRemarks": "Custom Product", "name": "Rambutan", "grade": null, "pricePerUnit": 0.0, "isPerishable": false, "related_products": [], "seller": 1, "status": 1.0, "unit": "Kg", "maxAvailableUnits": 100000.0, "popularityIndex": 1.0, "coverphoto": "./rambutan.jpg", "priceType": "custom rates", "description": "not available"}, "model": "veggex.product", "pk": 521}, {"fields": {"category": 2, "origin": "", "qualityRemarks": "Custom Product", "name": "Papaya", "grade": null, "pricePerUnit": 0.0, "isPerishable": false, "related_products": [], "seller": 1, "status": 1.0, "unit": "Kg", "maxAvailableUnits": 100000.0, "popularityIndex": 1.0, "coverphoto": "./papaya.jpg", "priceType": "custom rates", "description": "not available"}, "model": "veggex.product", "pk": 522}, {"fields": {"category": 2, "origin": "", "qualityRemarks": "Custom Product", "name": "Chikoo", "grade": null, "pricePerUnit": 0.0, "isPerishable": false, "related_products": [], "seller": 1, "status": 1.0, "unit": "Kg", "maxAvailableUnits": 100000.0, "popularityIndex": 1.0, "coverphoto": "./chikoo.jpg", "priceType": "custom rates", "description": "not available"}, "model": "veggex.product", "pk": 523}, {"fields": {"category": 2, "origin": "", "qualityRemarks": "Custom Product", "name": "Ber", "grade": null, "pricePerUnit": 0.0, "isPerishable": false, "related_products": [], "seller": 1, "status": 1.0, "unit": "Kg", "maxAvailableUnits": 100000.0, "popularityIndex": 1.0, "coverphoto": "./ber.jpg", "priceType": "custom rates", "description": "not available"}, "model": "veggex.product", "pk": 524}, {"fields": {"category": 2, "origin": "", "qualityRemarks": "Custom Product", "name": "Anjeer", "grade": null, "pricePerUnit": 0.0, "isPerishable": false, "related_products": [], "seller": 1, "status": 1.0, "unit": "Kg", "maxAvailableUnits": 100000.0, "popularityIndex": 1.0, "coverphoto": "./Anjeer.jpg", "priceType": "custom rates", "description": "not available"}, "model": "veggex.product", "pk": 525}, {"fields": {"category": 2, "origin": "", "qualityRemarks": "Custom Product", "name": "Grapes - Black", "grade": null, "pricePerUnit": 0.0, "isPerishable": false, "related_products": [], "seller": 1, "status": 1.0, "unit": "Kg", "maxAvailableUnits": 100000.0, "popularityIndex": 1.0, "coverphoto": "./black_grapes_gQGB8aL.jpg", "priceType": "custom rates", "description": "not available"}, "model": "veggex.product", "pk": 526}, {"fields": {"category": 2, "origin": "", "qualityRemarks": "Custom Product", "name": "Longan", "grade": null, "pricePerUnit": 0.0, "isPerishable": false, "related_products": [], "seller": 1, "status": 1.0, "unit": "Kg", "maxAvailableUnits": 100000.0, "popularityIndex": 1.0, "coverphoto": "./longan.jpg", "priceType": "custom rates", "description": "not available"}, "model": "veggex.product", "pk": 527}, {"fields": {"category": 2, "origin": "", "qualityRemarks": "Custom Product", "name": "Cherry", "grade": null, "pricePerUnit": 0.0, "isPerishable": false, "related_products": [], "seller": 1, "status": 1.0, "unit": "Kg", "maxAvailableUnits": 100000.0, "popularityIndex": 1.0, "coverphoto": "./cherry_k5c3ME2.jpg", "priceType": "custom rates", "description": "not available"}, "model": "veggex.product", "pk": 528}, {"fields": {"category": 2, "origin": "", "qualityRemarks": "Custom Product", "name": "Lychee", "grade": null, "pricePerUnit": 0.0, "isPerishable": false, "related_products": [], "seller": 1, "status": 1.0, "unit": "Kg", "maxAvailableUnits": 100000.0, "popularityIndex": 1.0, "coverphoto": "./lychee.jpg", "priceType": "custom rates", "description": "not available"}, "model": "veggex.product", "pk": 529}, {"fields": {"category": 2, "origin": "", "qualityRemarks": "Custom Product", "name": "Grapes - Green", "grade": null, "pricePerUnit": 0.0, "isPerishable": false, "related_products": [], "seller": 1, "status": 1.0, "unit": "Kg", "maxAvailableUnits": 100000.0, "popularityIndex": 1.0, "coverphoto": "./green-grapes.jpg", "priceType": "custom rates", "description": "not available"}, "model": "veggex.product", "pk": 530}, {"fields": {"category": 2, "origin": "", "qualityRemarks": "Custom Product", "name": "Babugosha", "grade": null, "pricePerUnit": 0.0, "isPerishable": false, "related_products": [], "seller": 1, "status": 1.0, "unit": "Kg", "maxAvailableUnits": 100000.0, "popularityIndex": 1.0, "coverphoto": "./babugosha.jpg", "priceType": "custom rates", "description": "not available"}, "model": "veggex.product", "pk": 531}, {"fields": {"category": 2, "origin": "", "qualityRemarks": "Custom Product", "name": "Kinnow", "grade": null, "pricePerUnit": 0.0, "isPerishable": false, "related_products": [], "seller": 1, "status": 1.0, "unit": "Kg", "maxAvailableUnits": 100000.0, "popularityIndex": 1.0, "coverphoto": "./Kinnow.jpg", "priceType": "custom rates", "description": "not available"}, "model": "veggex.product", "pk": 532}, {"fields": {"category": 12, "origin": "", "qualityRemarks": "Custom Product", "name": "Chicken Thai", "grade": null, "pricePerUnit": 0.0, "isPerishable": false, "related_products": [], "seller": 1, "status": 1.0, "unit": "Kg", "maxAvailableUnits": 100000.0, "popularityIndex": 1.0, "coverphoto": "./chicken.jpg", "priceType": "custom rates", "description": "not available"}, "model": "veggex.product", "pk": 533}, {"fields": {"category": 12, "origin": "", "qualityRemarks": "Custom Product", "name": "Chicken Breast", "grade": null, "pricePerUnit": 0.0, "isPerishable": false, "related_products": [], "seller": 1, "status": 1.0, "unit": "Kg", "maxAvailableUnits": 100000.0, "popularityIndex": 1.0, "coverphoto": "./chicken_breast.jpg", "priceType": "custom rates", "description": "not available"}, "model": "veggex.product", "pk": 534}, {"fields": {"category": 12, "origin": "", "qualityRemarks": "Custom Product", "name": "Chicken Wings", "grade": null, "pricePerUnit": 0.0, "isPerishable": false, "related_products": [], "seller": 1, "status": 1.0, "unit": "Kg", "maxAvailableUnits": 100000.0, "popularityIndex": 1.0, "coverphoto": "./chicken_wings.jpg", "priceType": "custom rates", "description": "not available"}, "model": "veggex.product", "pk": 535}, {"fields": {"category": 12, "origin": "", "qualityRemarks": "Custom Product", "name": "Mutton Mix", "grade": null, "pricePerUnit": 0.0, "isPerishable": false, "related_products": [], "seller": 1, "status": 1.0, "unit": "Kg", "maxAvailableUnits": 100000.0, "popularityIndex": 1.0, "coverphoto": "./Mutton_Mix.jpg", "priceType": "custom rates", "description": "not available"}, "model": "veggex.product", "pk": 536}, {"fields": {"category": 12, "origin": "", "qualityRemarks": "Custom Product", "name": "Chicken Bone", "grade": null, "pricePerUnit": 0.0, "isPerishable": false, "related_products": [], "seller": 1, "status": 1.0, "unit": "Kg", "maxAvailableUnits": 100000.0, "popularityIndex": 1.0, "coverphoto": "./chicken-bone.jpg", "priceType": "custom rates", "description": "not available"}, "model": "veggex.product", "pk": 537}, {"fields": {"category": 12, "origin": "", "qualityRemarks": "Custom Product", "name": "Fish Fillet", "grade": null, "pricePerUnit": 0.0, "isPerishable": false, "related_products": [], "seller": 1, "status": 1.0, "unit": "Kg", "maxAvailableUnits": 100000.0, "popularityIndex": 1.0, "coverphoto": "./fish_Fillet.png", "priceType": "custom rates", "description": "not available"}, "model": "veggex.product", "pk": 538}, {"fields": {"category": 12, "origin": "", "qualityRemarks": "Custom Product", "name": "Fish - Raw", "grade": null, "pricePerUnit": 0.0, "isPerishable": false, "related_products": [], "seller": 1, "status": 1.0, "unit": "Kg", "maxAvailableUnits": 100000.0, "popularityIndex": 1.0, "coverphoto": "./Fish_Raw.jpg", "priceType": "custom rates", "description": "not available"}, "model": "veggex.product", "pk": 539}, {"fields": {"category": 13, "origin": "", "qualityRemarks": "Custom Product", "name": "Billing Roll", "grade": null, "pricePerUnit": 0.0, "isPerishable": false, "related_products": [], "seller": 1, "status": 1.0, "unit": "Unit", "maxAvailableUnits": 100000.0, "popularityIndex": 1.0, "coverphoto": "./billing-rolls.jpg", "priceType": "custom rates", "description": "not available"}, "model": "veggex.product", "pk": 540}, {"fields": {"category": 13, "origin": "", "qualityRemarks": "Custom Product", "name": "Notepad", "grade": null, "pricePerUnit": 0.0, "isPerishable": false, "related_products": [], "seller": 1, "status": 1.0, "unit": "Unit", "maxAvailableUnits": 100000.0, "popularityIndex": 1.0, "coverphoto": "./Note-Pad.jpg", "priceType": "custom rates", "description": "not available"}, "model": "veggex.product", "pk": 541}, {"fields": {"category": 13, "origin": "", "qualityRemarks": "Custom Product", "name": "Pen", "grade": null, "pricePerUnit": 0.0, "isPerishable": false, "related_products": [], "seller": 1, "status": 1.0, "unit": "Unit", "maxAvailableUnits": 100000.0, "popularityIndex": 1.0, "coverphoto": "./pen.jpg", "priceType": "custom rates", "description": "not available"}, "model": "veggex.product", "pk": 542}, {"fields": {"category": 13, "origin": "", "qualityRemarks": "Custom Product", "name": "Notepad Mini", "grade": null, "pricePerUnit": 0.0, "isPerishable": false, "related_products": [], "seller": 1, "status": 1.0, "unit": "Unit", "maxAvailableUnits": 100000.0, "popularityIndex": 1.0, "coverphoto": "./Notepad_mini.jpg", "priceType": "custom rates", "description": "not available"}, "model": "veggex.product", "pk": 543}, {"fields": {"category": 13, "origin": "", "qualityRemarks": "Custom Product", "name": "Attendance Register", "grade": null, "pricePerUnit": 0.0, "isPerishable": false, "related_products": [], "seller": 1, "status": 1.0, "unit": "Unit", "maxAvailableUnits": 100000.0, "popularityIndex": 1.0, "coverphoto": "./attendance-clipart-clipart-attendance-register-512x512-046d.png", "priceType": "custom rates", "description": "not available"}, "model": "veggex.product", "pk": 544}, {"fields": {"category": 13, "origin": "", "qualityRemarks": "Custom Product", "name": "Carbon Paper", "grade": null, "pricePerUnit": 0.0, "isPerishable": false, "related_products": [], "seller": 1, "status": 1.0, "unit": "Unit", "maxAvailableUnits": 100000.0, "popularityIndex": 1.0, "coverphoto": "./carbon-paper.jpg", "priceType": "custom rates", "description": "not available"}, "model": "veggex.product", "pk": 545}, {"fields": {"category": 13, "origin": "", "qualityRemarks": "Custom Product", "name": "Stapler Pin", "grade": null, "pricePerUnit": 0.0, "isPerishable": false, "related_products": [], "seller": 1, "status": 1.0, "unit": "Unit", "maxAvailableUnits": 100000.0, "popularityIndex": 1.0, "coverphoto": "./stapler-pins.jpeg", "priceType": "custom rates", "description": "not available"}, "model": "veggex.product", "pk": 546}, {"fields": {"category": 4, "origin": "", "qualityRemarks": "Custom Product", "name": "Refined Oil", "grade": null, "pricePerUnit": 0.0, "isPerishable": false, "related_products": [], "seller": 1, "status": 1.0, "unit": "ltr", "maxAvailableUnits": 100000.0, "popularityIndex": 1.0, "coverphoto": "./refined-oil.jpg", "priceType": "custom rates", "description": "not available"}, "model": "veggex.product", "pk": 547}, {"fields": {"category": 5, "origin": "", "qualityRemarks": "Custom Product", "name": "Kasturi Methi", "grade": null, "pricePerUnit": 0.0, "isPerishable": false, "related_products": [], "seller": 1, "status": 1.0, "unit": "Kg", "maxAvailableUnits": 100000.0, "popularityIndex": 1.0, "coverphoto": "./kasturi-methi.jpeg", "priceType": "custom rates", "description": "not available"}, "model": "veggex.product", "pk": 548}, {"fields": {"category": 4, "origin": "", "qualityRemarks": "Custom Product", "name": "Cashew", "grade": null, "pricePerUnit": 0.0, "isPerishable": false, "related_products": [], "seller": 1, "status": 1.0, "unit": "Kg", "maxAvailableUnits": 100000.0, "popularityIndex": 1.0, "coverphoto": "./cashew.jpg", "priceType": "custom rates", "description": "not available"}, "model": "veggex.product", "pk": 549}, {"fields": {"category": 4, "origin": "", "qualityRemarks": "Custom Product", "name": "Almond", "grade": null, "pricePerUnit": 0.0, "isPerishable": false, "related_products": [], "seller": 1, "status": 1.0, "unit": "Kg", "maxAvailableUnits": 100000.0, "popularityIndex": 1.0, "coverphoto": "./almond.png", "priceType": "custom rates", "description": "not available"}, "model": "veggex.product", "pk": 550}, {"fields": {"category": 4, "origin": "", "qualityRemarks": "Custom Product", "name": "Raisin", "grade": null, "pricePerUnit": 0.0, "isPerishable": false, "related_products": [], "seller": 1, "status": 1.0, "unit": "Kg", "maxAvailableUnits": 100000.0, "popularityIndex": 1.0, "coverphoto": "./raisin.jpg", "priceType": "custom rates", "description": "not available"}, "model": "veggex.product", "pk": 551}, {"fields": {"category": 4, "origin": "", "qualityRemarks": "Custom Product", "name": "Black Raisin", "grade": null, "pricePerUnit": 0.0, "isPerishable": false, "related_products": [], "seller": 1, "status": 1.0, "unit": "Kg", "maxAvailableUnits": 100000.0, "popularityIndex": 1.0, "coverphoto": "./Black_raisin.jpg", "priceType": "custom rates", "description": "not available"}, "model": "veggex.product", "pk": 552}, {"fields": {"category": 5, "origin": "", "qualityRemarks": "Custom Product", "name": "Magaz Seeds", "grade": null, "pricePerUnit": 0.0, "isPerishable": false, "related_products": [], "seller": 1, "status": 1.0, "unit": "Kg", "maxAvailableUnits": 100000.0, "popularityIndex": 1.0, "coverphoto": "./magaz.jpg", "priceType": "custom rates", "description": "not available"}, "model": "veggex.product", "pk": 553}, {"fields": {"category": 5, "origin": "", "qualityRemarks": "Custom Product", "name": "Kewra Water", "grade": null, "pricePerUnit": 0.0, "isPerishable": false, "related_products": [], "seller": 1, "status": 1.0, "unit": "ltr", "maxAvailableUnits": 100000.0, "popularityIndex": 1.0, "coverphoto": "./Kewra_water_uF37Fum.jpg", "priceType": "custom rates", "description": "not available"}, "model": "veggex.product", "pk": 554}, {"fields": {"category": 5, "origin": "", "qualityRemarks": "Custom Product", "name": "Cardamom Powder", "grade": null, "pricePerUnit": 0.0, "isPerishable": false, "related_products": [], "seller": 1, "status": 1.0, "unit": "Kg", "maxAvailableUnits": 100000.0, "popularityIndex": 1.0, "coverphoto": "./Cardamom_powder.jpeg", "priceType": "custom rates", "description": "not available"}, "model": "veggex.product", "pk": 555}, {"fields": {"category": 5, "origin": "", "qualityRemarks": "Custom Product", "name": "Red Chilli", "grade": null, "pricePerUnit": 0.0, "isPerishable": false, "related_products": [], "seller": 1, "status": 1.0, "unit": "Kg", "maxAvailableUnits": 100000.0, "popularityIndex": 1.0, "coverphoto": "./red_chilli.jpg", "priceType": "custom rates", "description": "not available"}, "model": "veggex.product", "pk": 556}, {"fields": {"category": 5, "origin": "", "qualityRemarks": "Custom Product", "name": "White Pepper", "grade": null, "pricePerUnit": 0.0, "isPerishable": false, "related_products": [], "seller": 1, "status": 1.0, "unit": "Kg", "maxAvailableUnits": 100000.0, "popularityIndex": 1.0, "coverphoto": "./white-pepper.jpg", "priceType": "custom rates", "description": "not available"}, "model": "veggex.product", "pk": 557}, {"fields": {"category": 3, "origin": "", "qualityRemarks": "Custom Product", "name": "White Bread", "grade": null, "pricePerUnit": 0.0, "isPerishable": false, "related_products": [], "seller": 1, "status": 1.0, "unit": "Kg", "maxAvailableUnits": 100000.0, "popularityIndex": 1.0, "coverphoto": "./White_bread.jpg", "priceType": "custom rates", "description": "not available"}, "model": "veggex.product", "pk": 558}, {"fields": {"category": 3, "origin": "", "qualityRemarks": "Custom Product", "name": "Brown Bread", "grade": null, "pricePerUnit": 0.0, "isPerishable": false, "related_products": [], "seller": 1, "status": 1.0, "unit": "Kg", "maxAvailableUnits": 100000.0, "popularityIndex": 1.0, "coverphoto": "./brown-bread.jpg", "priceType": "custom rates", "description": "not available"}, "model": "veggex.product", "pk": 559}, {"fields": {"category": 3, "origin": "", "qualityRemarks": "Custom Product", "name": "Rusk", "grade": null, "pricePerUnit": 0.0, "isPerishable": false, "related_products": [], "seller": 1, "status": 1.0, "unit": "Kg", "maxAvailableUnits": 100000.0, "popularityIndex": 1.0, "coverphoto": "./rusk.jpg", "priceType": "custom rates", "description": "not available"}, "model": "veggex.product", "pk": 560}, {"fields": {"category": 3, "origin": "", "qualityRemarks": "Custom Product", "name": "Multigrain Bread", "grade": null, "pricePerUnit": 0.0, "isPerishable": false, "related_products": [], "seller": 1, "status": 1.0, "unit": "Kg", "maxAvailableUnits": 100000.0, "popularityIndex": 1.0, "coverphoto": "./multigrain_bread.jpg", "priceType": "custom rates", "description": "not available"}, "model": "veggex.product", "pk": 561}, {"fields": {"category": 3, "origin": "", "qualityRemarks": "Custom Product", "name": "Pizza Base", "grade": null, "pricePerUnit": 0.0, "isPerishable": false, "related_products": [], "seller": 1, "status": 1.0, "unit": "Kg", "maxAvailableUnits": 100000.0, "popularityIndex": 1.0, "coverphoto": "./pizza-base.jpg", "priceType": "custom rates", "description": "not available"}, "model": "veggex.product", "pk": 562}, {"fields": {"category": 3, "origin": "", "qualityRemarks": "Custom Product", "name": "Pav", "grade": null, "pricePerUnit": 0.0, "isPerishable": false, "related_products": [], "seller": 1, "status": 1.0, "unit": "Kg", "maxAvailableUnits": 100000.0, "popularityIndex": 1.0, "coverphoto": "./Pav.jpg", "priceType": "custom rates", "description": "not available"}, "model": "veggex.product", "pk": 563}, {"fields": {"category": 4, "origin": "", "qualityRemarks": "Custom Product", "name": "Roasted Chana", "grade": null, "pricePerUnit": 0.0, "isPerishable": false, "related_products": [], "seller": 1, "status": 1.0, "unit": "Kg", "maxAvailableUnits": 100000.0, "popularityIndex": 1.0, "coverphoto": "./roasted_chana.jpg", "priceType": "custom rates", "description": "not available"}, "model": "veggex.product", "pk": 564}, {"fields": {"category": 10, "origin": "", "qualityRemarks": "Custom Product", "name": "Aluminium Foil", "grade": null, "pricePerUnit": 0.0, "isPerishable": false, "related_products": [], "seller": 1, "status": 1.0, "unit": "mtr", "maxAvailableUnits": 100000.0, "popularityIndex": 1.0, "coverphoto": "./aluminum-foil.jpg", "priceType": "custom rates", "description": "not available"}, "model": "veggex.product", "pk": 565}, {"fields": {"category": 13, "origin": "", "qualityRemarks": "Custom Product", "name": "Tissue Paper", "grade": null, "pricePerUnit": 0.0, "isPerishable": false, "related_products": [], "seller": 1, "status": 1.0, "unit": "pcs", "maxAvailableUnits": 100000.0, "popularityIndex": 1.0, "coverphoto": "./tissue_paper.jpg", "priceType": "custom rates", "description": "not available"}, "model": "veggex.product", "pk": 566}, {"fields": {"category": 13, "origin": "", "qualityRemarks": "Custom Product", "name": "Toilet Paper Roll", "grade": null, "pricePerUnit": 0.0, "isPerishable": false, "related_products": [], "seller": 1, "status": 1.0, "unit": "pcs", "maxAvailableUnits": 100000.0, "popularityIndex": 1.0, "coverphoto": "./tissue-paper-roll.png", "priceType": "custom rates", "description": "not available"}, "model": "veggex.product", "pk": 567}, {"fields": {"category": 4, "origin": "", "qualityRemarks": "Custom Product", "name": "Mustard Oil", "grade": null, "pricePerUnit": 0.0, "isPerishable": false, "related_products": [], "seller": 1, "status": 1.0, "unit": "ltr", "maxAvailableUnits": 100000.0, "popularityIndex": 1.0, "coverphoto": "./Mustard-Oil.jpg", "priceType": "custom rates", "description": "not available"}, "model": "veggex.product", "pk": 568}, {"fields": {"category": 4, "origin": "", "qualityRemarks": "Custom Product", "name": "Anjeer", "grade": null, "pricePerUnit": 0.0, "isPerishable": false, "related_products": [], "seller": 1, "status": 1.0, "unit": "Kg", "maxAvailableUnits": 100000.0, "popularityIndex": 1.0, "coverphoto": "./anjeer.png", "priceType": "custom rates", "description": "not available"}, "model": "veggex.product", "pk": 569}, {"fields": {"category": 4, "origin": "", "qualityRemarks": "Custom Product", "name": "Pista", "grade": null, "pricePerUnit": 0.0, "isPerishable": false, "related_products": [], "seller": 1, "status": 1.0, "unit": "Kg", "maxAvailableUnits": 100000.0, "popularityIndex": 1.0, "coverphoto": "./pista.jpg", "priceType": "custom rates", "description": "not available"}, "model": "veggex.product", "pk": 570}, {"fields": {"category": 4, "origin": "", "qualityRemarks": "Custom Product", "name": "Mixed Dry Fruits", "grade": null, "pricePerUnit": 0.0, "isPerishable": false, "related_products": [], "seller": 1, "status": 1.0, "unit": "Kg", "maxAvailableUnits": 100000.0, "popularityIndex": 1.0, "coverphoto": "./mixed-dry-fruits-nuts.jpg", "priceType": "custom rates", "description": "not available"}, "model": "veggex.product", "pk": 571}, {"fields": {"category": 4, "origin": "", "qualityRemarks": "Custom Product", "name": "Walnut", "grade": null, "pricePerUnit": 0.0, "isPerishable": false, "related_products": [], "seller": 1, "status": 1.0, "unit": "Kg", "maxAvailableUnits": 100000.0, "popularityIndex": 1.0, "coverphoto": "./walnut.png", "priceType": "custom rates", "description": "not available"}, "model": "veggex.product", "pk": 572}, {"fields": {"category": 4, "origin": "", "qualityRemarks": "Custom Product", "name": "Pumpkin Seeds", "grade": null, "pricePerUnit": 0.0, "isPerishable": false, "related_products": [], "seller": 1, "status": 1.0, "unit": "Kg", "maxAvailableUnits": 100000.0, "popularityIndex": 1.0, "coverphoto": "./pumpkin_seeds.jpg", "priceType": "custom rates", "description": "not available"}, "model": "veggex.product", "pk": 573}, {"fields": {"category": 4, "origin": "", "qualityRemarks": "Custom Product", "name": "Dry Dates", "grade": null, "pricePerUnit": 0.0, "isPerishable": false, "related_products": [], "seller": 1, "status": 1.0, "unit": "Kg", "maxAvailableUnits": 100000.0, "popularityIndex": 1.0, "coverphoto": "./dry_dates.jpg", "priceType": "custom rates", "description": "not available"}, "model": "veggex.product", "pk": 574}, {"fields": {"category": 4, "origin": "", "qualityRemarks": "Custom Product", "name": "Dry Apricot", "grade": null, "pricePerUnit": 0.0, "isPerishable": false, "related_products": [], "seller": 1, "status": 1.0, "unit": "Kg", "maxAvailableUnits": 100000.0, "popularityIndex": 1.0, "coverphoto": "./dried-apricot.jpg", "priceType": "custom rates", "description": "not available"}, "model": "veggex.product", "pk": 575}, {"fields": {"category": 4, "origin": "", "qualityRemarks": "Custom Product", "name": "Tea", "grade": null, "pricePerUnit": 0.0, "isPerishable": false, "related_products": [], "seller": 1, "status": 1.0, "unit": "Kg", "maxAvailableUnits": 100000.0, "popularityIndex": 1.0, "coverphoto": "./Tea.jpg", "priceType": "custom rates", "description": "not available"}, "model": "veggex.product", "pk": 576}, {"fields": {"category": 4, "origin": "", "qualityRemarks": "Custom Product", "name": "Baking Powder", "grade": null, "pricePerUnit": 0.0, "isPerishable": false, "related_products": [], "seller": 1, "status": 1.0, "unit": "Kg", "maxAvailableUnits": 100000.0, "popularityIndex": 1.0, "coverphoto": "./Baking-powder.jpeg", "priceType": "custom rates", "description": "not available"}, "model": "veggex.product", "pk": 577}, {"fields": {"category": 13, "origin": "", "qualityRemarks": "Custom Product", "name": "Dish Wash Bar", "grade": null, "pricePerUnit": 0.0, "isPerishable": false, "related_products": [], "seller": 1, "status": 1.0, "unit": "Unit", "maxAvailableUnits": 100000.0, "popularityIndex": 1.0, "coverphoto": "./dish-wash-bar.jpg", "priceType": "custom rates", "description": "not available"}, "model": "veggex.product", "pk": 578}, {"fields": {"category": 13, "origin": "", "qualityRemarks": "Custom Product", "name": "Washing Powder", "grade": null, "pricePerUnit": 0.0, "isPerishable": false, "related_products": [], "seller": 1, "status": 1.0, "unit": "Kg", "maxAvailableUnits": 100000.0, "popularityIndex": 1.0, "coverphoto": "./surf_powder.jpg", "priceType": "custom rates", "description": "not available"}, "model": "veggex.product", "pk": 579}, {"fields": {"category": 13, "origin": "", "qualityRemarks": "Custom Product", "name": "Cleaning Duster", "grade": null, "pricePerUnit": 0.0, "isPerishable": false, "related_products": [], "seller": 1, "status": 1.0, "unit": "Unit", "maxAvailableUnits": 100000.0, "popularityIndex": 1.0, "coverphoto": "./duster.jpeg", "priceType": "custom rates", "description": "not available"}, "model": "veggex.product", "pk": 580}, {"fields": {"category": 13, "origin": "", "qualityRemarks": "Custom Product", "name": "Soft Drink", "grade": null, "pricePerUnit": 0.0, "isPerishable": false, "related_products": [], "seller": 1, "status": 1.0, "unit": "ltr", "maxAvailableUnits": 100000.0, "popularityIndex": 1.0, "coverphoto": "./soda.jpg", "priceType": "custom rates", "description": "not available"}, "model": "veggex.product", "pk": 581}, {"fields": {"category": 13, "origin": "", "qualityRemarks": "Custom Product", "name": "Disinfectant", "grade": null, "pricePerUnit": 0.0, "isPerishable": false, "related_products": [], "seller": 1, "status": 1.0, "unit": "ltr", "maxAvailableUnits": 100000.0, "popularityIndex": 1.0, "coverphoto": "./disinfectant.jpg", "priceType": "custom rates", "description": "not available"}, "model": "veggex.product", "pk": 582}, {"fields": {"category": 13, "origin": "", "qualityRemarks": "Custom Product", "name": "Handwash", "grade": null, "pricePerUnit": 0.0, "isPerishable": false, "related_products": [], "seller": 1, "status": 1.0, "unit": "ltr", "maxAvailableUnits": 100000.0, "popularityIndex": 1.0, "coverphoto": "./liquid-handwash.jpg", "priceType": "custom rates", "description": "not available"}, "model": "veggex.product", "pk": 583}, {"fields": {"category": 13, "origin": "", "qualityRemarks": "Custom Product", "name": "Odonil", "grade": null, "pricePerUnit": 0.0, "isPerishable": false, "related_products": [], "seller": 1, "status": 1.0, "unit": "Unit", "maxAvailableUnits": 100000.0, "popularityIndex": 1.0, "coverphoto": "./odonil.jpg", "priceType": "custom rates", "description": "not available"}, "model": "veggex.product", "pk": 584}, {"fields": {"category": 13, "origin": "", "qualityRemarks": "Custom Product", "name": "Harpic Liquid", "grade": null, "pricePerUnit": 0.0, "isPerishable": false, "related_products": [], "seller": 1, "status": 1.0, "unit": "ltr", "maxAvailableUnits": 100000.0, "popularityIndex": 1.0, "coverphoto": "./harpic.jpg", "priceType": "custom rates", "description": "not available"}, "model": "veggex.product", "pk": 585}, {"fields": {"category": 13, "origin": "", "qualityRemarks": "Custom Product", "name": "Room Freshner", "grade": null, "pricePerUnit": 0.0, "isPerishable": false, "related_products": [], "seller": 1, "status": 1.0, "unit": "Unit", "maxAvailableUnits": 100000.0, "popularityIndex": 1.0, "coverphoto": "./room_freshner.jpg", "priceType": "custom rates", "description": "not available"}, "model": "veggex.product", "pk": 586}, {"fields": {"category": 4, "origin": "", "qualityRemarks": "Custom Product", "name": "Coffee Powder", "grade": null, "pricePerUnit": 0.0, "isPerishable": false, "related_products": [], "seller": 1, "status": 1.0, "unit": "Kg", "maxAvailableUnits": 100000.0, "popularityIndex": 1.0, "coverphoto": "./coffee.jpg", "priceType": "custom rates", "description": "not available"}, "model": "veggex.product", "pk": 587}, {"fields": {"category": 3, "origin": "", "qualityRemarks": "Custom Product", "name": "Paneer", "grade": null, "pricePerUnit": 0.0, "isPerishable": false, "related_products": [], "seller": 1, "status": 1.0, "unit": "Kg", "maxAvailableUnits": 100000.0, "popularityIndex": 1.0, "coverphoto": "./paneer.jpg", "priceType": "custom rates", "description": "not available"}, "model": "veggex.product", "pk": 588}, {"fields": {"category": 3, "origin": "", "qualityRemarks": "Custom Product", "name": "Butter", "grade": null, "pricePerUnit": 0.0, "isPerishable": false, "related_products": [], "seller": 1, "status": 1.0, "unit": "Kg", "maxAvailableUnits": 100000.0, "popularityIndex": 1.0, "coverphoto": "./butter.jpg", "priceType": "custom rates", "description": "not available"}, "model": "veggex.product", "pk": 590}, {"fields": {"category": 3, "origin": "", "qualityRemarks": "Custom Product", "name": "Khoya", "grade": null, "pricePerUnit": 0.0, "isPerishable": false, "related_products": [], "seller": 1, "status": 1.0, "unit": "Kg", "maxAvailableUnits": 100000.0, "popularityIndex": 1.0, "coverphoto": "./khoya.jpg", "priceType": "custom rates", "description": "not available"}, "model": "veggex.product", "pk": 591}, {"fields": {"category": 11, "origin": "", "qualityRemarks": "Custom Product", "name": "Soya Chaap", "grade": null, "pricePerUnit": 0.0, "isPerishable": false, "related_products": [], "seller": 1, "status": 1.0, "unit": "Kg", "maxAvailableUnits": 100000.0, "popularityIndex": 1.0, "coverphoto": "./soyabean-chaap.jpg", "priceType": "custom rates", "description": "not available"}, "model": "veggex.product", "pk": 592}, {"fields": {"category": 3, "origin": "", "qualityRemarks": "Custom Product", "name": "Dahi", "grade": null, "pricePerUnit": 0.0, "isPerishable": false, "related_products": [], "seller": 1, "status": 1.0, "unit": "Kg", "maxAvailableUnits": 100000.0, "popularityIndex": 1.0, "coverphoto": "./curd.jpg", "priceType": "custom rates", "description": "not available"}, "model": "veggex.product", "pk": 594}, {"fields": {"category": 3, "origin": "", "qualityRemarks": "Custom Product", "name": "Cheese", "grade": null, "pricePerUnit": 0.0, "isPerishable": false, "related_products": [], "seller": 1, "status": 1.0, "unit": "Kg", "maxAvailableUnits": 100000.0, "popularityIndex": 1.0, "coverphoto": "./cheese.jpg", "priceType": "custom rates", "description": "not available"}, "model": "veggex.product", "pk": 595}, {"fields": {"category": 3, "origin": "", "qualityRemarks": "Custom Product", "name": "Fresh Cream", "grade": null, "pricePerUnit": 0.0, "isPerishable": false, "related_products": [], "seller": 1, "status": 1.0, "unit": "ltr", "maxAvailableUnits": 100000.0, "popularityIndex": 1.0, "coverphoto": "./fresh_cream.jpg", "priceType": "custom rates", "description": "not available"}, "model": "veggex.product", "pk": 596}, {"fields": {"category": 3, "origin": "", "qualityRemarks": "Custom Product", "name": "Milk", "grade": null, "pricePerUnit": 0.0, "isPerishable": false, "related_products": [], "seller": 1, "status": 1.0, "unit": "ltr", "maxAvailableUnits": 100000.0, "popularityIndex": 1.0, "coverphoto": "./milk.jpg", "priceType": "custom rates", "description": "not available"}, "model": "veggex.product", "pk": 597}, {"fields": {"category": 11, "origin": "", "qualityRemarks": "Custom Product", "name": "Wonton Wraps", "grade": null, "pricePerUnit": 0.0, "isPerishable": false, "related_products": [], "seller": 1, "status": 1.0, "unit": "Kg", "maxAvailableUnits": 100000.0, "popularityIndex": 1.0, "coverphoto": "./wonton_wraps.jpg", "priceType": "custom rates", "description": "not available"}, "model": "veggex.product", "pk": 598}, {"fields": {"category": 6, "origin": "", "qualityRemarks": "Custom Product", "name": "Noodles", "grade": null, "pricePerUnit": 0.0, "isPerishable": false, "related_products": [], "seller": 1, "status": 1.0, "unit": "Kg", "maxAvailableUnits": 100000.0, "popularityIndex": 1.0, "coverphoto": "./Noodles.jpg", "priceType": "custom rates", "description": "not available"}, "model": "veggex.product", "pk": 599}, {"fields": {"category": 6, "origin": "", "qualityRemarks": "Custom Product", "name": "Chopsuey Noodles", "grade": null, "pricePerUnit": 0.0, "isPerishable": false, "related_products": [], "seller": 1, "status": 1.0, "unit": "Kg", "maxAvailableUnits": 100000.0, "popularityIndex": 1.0, "coverphoto": "./Chopsuey_noodles.jpg", "priceType": "custom rates", "description": "not available"}, "model": "veggex.product", "pk": 600}, {"fields": {"category": 12, "origin": "", "qualityRemarks": "Custom Product", "name": "Prawns", "grade": null, "pricePerUnit": 0.0, "isPerishable": false, "related_products": [], "seller": 1, "status": 1.0, "unit": "Kg", "maxAvailableUnits": 100000.0, "popularityIndex": 1.0, "coverphoto": "./Prawn.jpg", "priceType": "custom rates", "description": "not available"}, "model": "veggex.product", "pk": 601}, {"fields": {"category": 12, "origin": "", "qualityRemarks": "Custom Product", "name": "Pork Ribs", "grade": null, "pricePerUnit": 0.0, "isPerishable": false, "related_products": [], "seller": 1, "status": 1.0, "unit": "Kg", "maxAvailableUnits": 100000.0, "popularityIndex": 1.0, "coverphoto": "./Pork_Ribs.jpg", "priceType": "custom rates", "description": "not available"}, "model": "veggex.product", "pk": 602}, {"fields": {"category": 12, "origin": "", "qualityRemarks": "Custom Product", "name": "Pork Belly", "grade": null, "pricePerUnit": 0.0, "isPerishable": false, "related_products": [], "seller": 1, "status": 1.0, "unit": "Kg", "maxAvailableUnits": 100000.0, "popularityIndex": 1.0, "coverphoto": "./porkbelly.jpg", "priceType": "custom rates", "description": "not available"}, "model": "veggex.product", "pk": 603}, {"fields": {"category": 12, "origin": "", "qualityRemarks": "Custom Product", "name": "Pork - Boneless", "grade": null, "pricePerUnit": 0.0, "isPerishable": false, "related_products": [], "seller": 1, "status": 1.0, "unit": "Kg", "maxAvailableUnits": 100000.0, "popularityIndex": 1.0, "coverphoto": "./boneless_pork.jpg", "priceType": "custom rates", "description": "not available"}, "model": "veggex.product", "pk": 604}, {"fields": {"category": 12, "origin": "", "qualityRemarks": "Custom Product", "name": "Shrimp", "grade": null, "pricePerUnit": 0.0, "isPerishable": false, "related_products": [], "seller": 1, "status": 1.0, "unit": "Kg", "maxAvailableUnits": 100000.0, "popularityIndex": 1.0, "coverphoto": "./Shrimp.jpg", "priceType": "custom rates", "description": "not available"}, "model": "veggex.product", "pk": 605}, {"fields": {"category": 12, "origin": "", "qualityRemarks": "Custom Product", "name": "Lamb - Boneless", "grade": null, "pricePerUnit": 0.0, "isPerishable": false, "related_products": [], "seller": 1, "status": 1.0, "unit": "Kg", "maxAvailableUnits": 100000.0, "popularityIndex": 1.0, "coverphoto": "./lamb_boneless.jpeg", "priceType": "custom rates", "description": "not available"}, "model": "veggex.product", "pk": 606}, {"fields": {"category": 13, "origin": "", "qualityRemarks": "Custom Product", "name": "Garbage Bags", "grade": null, "pricePerUnit": 0.0, "isPerishable": false, "related_products": [], "seller": 1, "status": 1.0, "unit": "pcs", "maxAvailableUnits": 100000.0, "popularityIndex": 1.0, "coverphoto": "./trash-bags.jpg", "priceType": "custom rates", "description": "not available"}, "model": "veggex.product", "pk": 607}, {"fields": {"category": 10, "origin": "", "qualityRemarks": "Custom Product", "name": "Carry Bags", "grade": null, "pricePerUnit": 0.0, "isPerishable": false, "related_products": [], "seller": 1, "status": 1.0, "unit": "pcs", "maxAvailableUnits": 100000.0, "popularityIndex": 1.0, "coverphoto": "./carry_bag.jpg", "priceType": "custom rates", "description": "not available"}, "model": "veggex.product", "pk": 608}, {"fields": {"category": 10, "origin": "", "qualityRemarks": "Custom Product", "name": "Packing Packets", "grade": null, "pricePerUnit": 0.0, "isPerishable": false, "related_products": [], "seller": 1, "status": 1.0, "unit": "pcs", "maxAvailableUnits": 100000.0, "popularityIndex": 1.0, "coverphoto": "./packing_packets.jpg", "priceType": "custom rates", "description": "not available"}, "model": "veggex.product", "pk": 609}, {"fields": {"category": 10, "origin": "", "qualityRemarks": "Custom Product", "name": "Rubber Bands", "grade": null, "pricePerUnit": 0.0, "isPerishable": false, "related_products": [], "seller": 1, "status": 1.0, "unit": "pcs", "maxAvailableUnits": 100000.0, "popularityIndex": 1.0, "coverphoto": "./rubber_bands.jpg", "priceType": "custom rates", "description": "not available"}, "model": "veggex.product", "pk": 610}, {"fields": {"category": 13, "origin": "", "qualityRemarks": "Custom Product", "name": "Straws", "grade": null, "pricePerUnit": 0.0, "isPerishable": false, "related_products": [], "seller": 1, "status": 1.0, "unit": "pcs", "maxAvailableUnits": 100000.0, "popularityIndex": 1.0, "coverphoto": "./straws.jpg", "priceType": "custom rates", "description": "not available"}, "model": "veggex.product", "pk": 611}, {"fields": {"category": 4, "origin": "", "qualityRemarks": "Custom Product", "name": "Coconut Powder", "grade": null, "pricePerUnit": 0.0, "isPerishable": false, "related_products": [], "seller": 1, "status": 1.0, "unit": "Kg", "maxAvailableUnits": 100000.0, "popularityIndex": 1.0, "coverphoto": "./coconut-powder.jpg", "priceType": "custom rates", "description": "not available"}, "model": "veggex.product", "pk": 612}, {"fields": {"category": 6, "origin": "", "qualityRemarks": "Custom Product", "name": "Oyster Sauce", "grade": null, "pricePerUnit": 0.0, "isPerishable": false, "related_products": [], "seller": 1, "status": 1.0, "unit": "Kg", "maxAvailableUnits": 100000.0, "popularityIndex": 1.0, "coverphoto": "./oyster-sauce.jpg", "priceType": "custom rates", "description": "not available"}, "model": "veggex.product", "pk": 613}, {"fields": {"category": 6, "origin": "", "qualityRemarks": "Custom Product", "name": "Dark Soy Sauce", "grade": null, "pricePerUnit": 0.0, "isPerishable": false, "related_products": [], "seller": 1, "status": 1.0, "unit": "Kg", "maxAvailableUnits": 100000.0, "popularityIndex": 1.0, "coverphoto": "./dark_soy_sauce.jpg", "priceType": "custom rates", "description": "not available"}, "model": "veggex.product", "pk": 614}, {"fields": {"category": 11, "origin": "", "qualityRemarks": "Custom Product", "name": "Sweet Corn Cream", "grade": null, "pricePerUnit": 0.0, "isPerishable": false, "related_products": [], "seller": 1, "status": 1.0, "unit": "Kg", "maxAvailableUnits": 100000.0, "popularityIndex": 1.0, "coverphoto": "./sweet_corn_cream.jpg", "priceType": "custom rates", "description": "not available"}, "model": "veggex.product", "pk": 615}, {"fields": {"category": 6, "origin": "", "qualityRemarks": "Custom Product", "name": "Cooking Wine", "grade": null, "pricePerUnit": 0.0, "isPerishable": false, "related_products": [], "seller": 1, "status": 1.0, "unit": "ltr", "maxAvailableUnits": 100000.0, "popularityIndex": 1.0, "coverphoto": "./cooking_wine_icNjY61.jpg", "priceType": "custom rates", "description": "not available"}, "model": "veggex.product", "pk": 616}, {"fields": {"category": 4, "origin": "", "qualityRemarks": "Custom Product", "name": "Sesame Oil", "grade": null, "pricePerUnit": 0.0, "isPerishable": false, "related_products": [], "seller": 1, "status": 1.0, "unit": "ltr", "maxAvailableUnits": 100000.0, "popularityIndex": 1.0, "coverphoto": "./sesame_oil.jpg", "priceType": "custom rates", "description": "not available"}, "model": "veggex.product", "pk": 617}, {"fields": {"category": 4, "origin": "", "qualityRemarks": "Custom Product", "name": "Sesame Seeds", "grade": null, "pricePerUnit": 0.0, "isPerishable": false, "related_products": [], "seller": 1, "status": 1.0, "unit": "Kg", "maxAvailableUnits": 100000.0, "popularityIndex": 1.0, "coverphoto": "./sesame_seeds.jpg", "priceType": "custom rates", "description": "not available"}, "model": "veggex.product", "pk": 618}, {"fields": {"category": 4, "origin": "", "qualityRemarks": "Custom Product", "name": "Peanuts", "grade": null, "pricePerUnit": 0.0, "isPerishable": false, "related_products": [], "seller": 1, "status": 1.0, "unit": "Kg", "maxAvailableUnits": 100000.0, "popularityIndex": 1.0, "coverphoto": "./peanuts.jpg", "priceType": "custom rates", "description": "not available"}, "model": "veggex.product", "pk": 619}, {"fields": {"category": 4, "origin": "", "qualityRemarks": "Custom Product", "name": "Honey", "grade": null, "pricePerUnit": 0.0, "isPerishable": false, "related_products": [], "seller": 1, "status": 1.0, "unit": "Kg", "maxAvailableUnits": 100000.0, "popularityIndex": 1.0, "coverphoto": "./honey.jpg", "priceType": "custom rates", "description": "not available"}, "model": "veggex.product", "pk": 620}, {"fields": {"category": 6, "origin": "", "qualityRemarks": "Custom Product", "name": "Maggi Seasoning", "grade": null, "pricePerUnit": 0.0, "isPerishable": false, "related_products": [], "seller": 1, "status": 1.0, "unit": "Kg", "maxAvailableUnits": 100000.0, "popularityIndex": 1.0, "coverphoto": "./maggi_seasoning.jpg", "priceType": "custom rates", "description": "not available"}, "model": "veggex.product", "pk": 621}, {"fields": {"category": 6, "origin": "", "qualityRemarks": "Custom Product", "name": "Barbecue Sauce", "grade": null, "pricePerUnit": 0.0, "isPerishable": false, "related_products": [], "seller": 1, "status": 1.0, "unit": "Kg", "maxAvailableUnits": 100000.0, "popularityIndex": 1.0, "coverphoto": "./bbq_sauce.jpg", "priceType": "custom rates", "description": "not available"}, "model": "veggex.product", "pk": 622}, {"fields": {"category": 6, "origin": "", "qualityRemarks": "Custom Product", "name": "Green Curry Paste", "grade": null, "pricePerUnit": 0.0, "isPerishable": false, "related_products": [], "seller": 1, "status": 1.0, "unit": "Kg", "maxAvailableUnits": 100000.0, "popularityIndex": 1.0, "coverphoto": "./green_curry-paste.jpg", "priceType": "custom rates", "description": "not available"}, "model": "veggex.product", "pk": 623}, {"fields": {"category": 6, "origin": "", "qualityRemarks": "Custom Product", "name": "Red Curry Paste", "grade": null, "pricePerUnit": 0.0, "isPerishable": false, "related_products": [], "seller": 1, "status": 1.0, "unit": "Kg", "maxAvailableUnits": 100000.0, "popularityIndex": 1.0, "coverphoto": "./red-curry_paste_EMPeiAC.jpg", "priceType": "custom rates", "description": "not available"}, "model": "veggex.product", "pk": 624}, {"fields": {"category": 6, "origin": "", "qualityRemarks": "Custom Product", "name": "Panang Curry Paste", "grade": null, "pricePerUnit": 0.0, "isPerishable": false, "related_products": [], "seller": 1, "status": 1.0, "unit": "Kg", "maxAvailableUnits": 100000.0, "popularityIndex": 1.0, "coverphoto": "./panang-curry-paste.gif", "priceType": "custom rates", "description": "not available"}, "model": "veggex.product", "pk": 625}, {"fields": {"category": 6, "origin": "", "qualityRemarks": "Custom Product", "name": "Soy Sauce", "grade": null, "pricePerUnit": 0.0, "isPerishable": false, "related_products": [], "seller": 1, "status": 1.0, "unit": "Kg", "maxAvailableUnits": 100000.0, "popularityIndex": 1.0, "coverphoto": "./soy_sauce.jpg", "priceType": "custom rates", "description": "not available"}, "model": "veggex.product", "pk": 626}, {"fields": {"category": 6, "origin": "", "qualityRemarks": "Custom Product", "name": "Tom Yum Soup Paste", "grade": null, "pricePerUnit": 0.0, "isPerishable": false, "related_products": [], "seller": 1, "status": 1.0, "unit": "Kg", "maxAvailableUnits": 100000.0, "popularityIndex": 1.0, "coverphoto": "./tom-yum-paste.jpg", "priceType": "custom rates", "description": "not available"}, "model": "veggex.product", "pk": 627}, {"fields": {"category": 6, "origin": "", "qualityRemarks": "Custom Product", "name": "Green Chilli Sauce", "grade": null, "pricePerUnit": 0.0, "isPerishable": false, "related_products": [], "seller": 1, "status": 1.0, "unit": "Kg", "maxAvailableUnits": 100000.0, "popularityIndex": 1.0, "coverphoto": "./green_chilli_sauce.jpg", "priceType": "custom rates", "description": "not available"}, "model": "veggex.product", "pk": 628}, {"fields": {"category": 6, "origin": "", "qualityRemarks": "Custom Product", "name": "Light Oyster Sauce", "grade": null, "pricePerUnit": 0.0, "isPerishable": false, "related_products": [], "seller": 1, "status": 1.0, "unit": "Kg", "maxAvailableUnits": 100000.0, "popularityIndex": 1.0, "coverphoto": "./light_oyster_sauce.jpg", "priceType": "custom rates", "description": "not available"}, "model": "veggex.product", "pk": 629}, {"fields": {"category": 6, "origin": "", "qualityRemarks": "Custom Product", "name": "Light Soy Sauce", "grade": null, "pricePerUnit": 0.0, "isPerishable": false, "related_products": [], "seller": 1, "status": 1.0, "unit": "Kg", "maxAvailableUnits": 100000.0, "popularityIndex": 1.0, "coverphoto": "./light_soy_sauce.jpg", "priceType": "custom rates", "description": "not available"}, "model": "veggex.product", "pk": 630}, {"fields": {"category": 6, "origin": "", "qualityRemarks": "Custom Product", "name": "Maggi Cooking Sauce", "grade": null, "pricePerUnit": 0.0, "isPerishable": false, "related_products": [], "seller": 1, "status": 1.0, "unit": "Kg", "maxAvailableUnits": 100000.0, "popularityIndex": 1.0, "coverphoto": "./Maggi_cooking_sauce.jpg", "priceType": "custom rates", "description": "not available"}, "model": "veggex.product", "pk": 631}, {"fields": {"category": 6, "origin": "", "qualityRemarks": "Custom Product", "name": "Sweet Chilli Sauce", "grade": null, "pricePerUnit": 0.0, "isPerishable": false, "related_products": [], "seller": 1, "status": 1.0, "unit": "Kg", "maxAvailableUnits": 100000.0, "popularityIndex": 1.0, "coverphoto": "./sweet_chilli_sauce_NXo7v0r.jpg", "priceType": "custom rates", "description": "not available"}, "model": "veggex.product", "pk": 632}, {"fields": {"category": 6, "origin": "", "qualityRemarks": "Custom Product", "name": "Pad Thai Noodles", "grade": null, "pricePerUnit": 0.0, "isPerishable": false, "related_products": [], "seller": 1, "status": 1.0, "unit": "Kg", "maxAvailableUnits": 100000.0, "popularityIndex": 1.0, "coverphoto": "./pad_thai_noodles.jpg", "priceType": "custom rates", "description": "not available"}, "model": "veggex.product", "pk": 633}, {"fields": {"category": 6, "origin": "", "qualityRemarks": "Custom Product", "name": "Szechuan Paste", "grade": null, "pricePerUnit": 0.0, "isPerishable": false, "related_products": [], "seller": 1, "status": 1.0, "unit": "Kg", "maxAvailableUnits": 100000.0, "popularityIndex": 1.0, "coverphoto": "./szechuan_paste.jpg", "priceType": "custom rates", "description": "not available"}, "model": "veggex.product", "pk": 634}, {"fields": {"category": 5, "origin": "", "qualityRemarks": "Custom Product", "name": "Szechuan Pepper", "grade": null, "pricePerUnit": 0.0, "isPerishable": false, "related_products": [], "seller": 1, "status": 1.0, "unit": "Kg", "maxAvailableUnits": 100000.0, "popularityIndex": 1.0, "coverphoto": "./szechuan_pepper.jpg", "priceType": "custom rates", "description": "not available"}, "model": "veggex.product", "pk": 635}, {"fields": {"category": 2, "origin": "", "qualityRemarks": "Custom Product", "name": "Pineapple - Sliced", "grade": null, "pricePerUnit": 0.0, "isPerishable": false, "related_products": [], "seller": 1, "status": 1.0, "unit": "pcs", "maxAvailableUnits": 100000.0, "popularityIndex": 1.0, "coverphoto": "./pineapple-sliced.png", "priceType": "custom rates", "description": "not available"}, "model": "veggex.product", "pk": 636}, {"fields": {"category": 6, "origin": "", "qualityRemarks": "Custom Product", "name": "Black Bean Sauce", "grade": null, "pricePerUnit": 0.0, "isPerishable": false, "related_products": [], "seller": 1, "status": 1.0, "unit": "Kg", "maxAvailableUnits": 100000.0, "popularityIndex": 1.0, "coverphoto": "./black-bean-sauce.png", "priceType": "custom rates", "description": "not available"}, "model": "veggex.product", "pk": 637}, {"fields": {"category": 4, "origin": "", "qualityRemarks": "Custom Product", "name": "Roasted Cashews", "grade": null, "pricePerUnit": 0.0, "isPerishable": false, "related_products": [], "seller": 1, "status": 1.0, "unit": "Kg", "maxAvailableUnits": 100000.0, "popularityIndex": 1.0, "coverphoto": "./roasted_cashews.jpg", "priceType": "custom rates", "description": "not available"}, "model": "veggex.product", "pk": 638}, {"fields": {"category": 6, "origin": "", "qualityRemarks": "Custom Product", "name": "Chilli Sauce", "grade": null, "pricePerUnit": 0.0, "isPerishable": false, "related_products": [], "seller": 1, "status": 1.0, "unit": "Kg", "maxAvailableUnits": 100000.0, "popularityIndex": 1.0, "coverphoto": "./chilli_sauce.jpg", "priceType": "custom rates", "description": "not available"}, "model": "veggex.product", "pk": 639}, {"fields": {"category": 6, "origin": "", "qualityRemarks": "Custom Product", "name": "Fish Sauce", "grade": null, "pricePerUnit": 0.0, "isPerishable": false, "related_products": [], "seller": 1, "status": 1.0, "unit": "Kg", "maxAvailableUnits": 100000.0, "popularityIndex": 1.0, "coverphoto": "./fish_sauce.jpg", "priceType": "custom rates", "description": "not available"}, "model": "veggex.product", "pk": 640}, {"fields": {"category": 3, "origin": "", "qualityRemarks": "Custom Product", "name": "Tofu", "grade": null, "pricePerUnit": 0.0, "isPerishable": false, "related_products": [], "seller": 1, "status": 1.0, "unit": "Kg", "maxAvailableUnits": 100000.0, "popularityIndex": 1.0, "coverphoto": "./tofu.jpg", "priceType": "custom rates", "description": "not available"}, "model": "veggex.product", "pk": 641}, {"fields": {"category": 11, "origin": "", "qualityRemarks": "Custom Product", "name": "Thai Roll Sheet", "grade": null, "pricePerUnit": 0.0, "isPerishable": false, "related_products": [], "seller": 1, "status": 1.0, "unit": "Kg", "maxAvailableUnits": 100000.0, "popularityIndex": 1.0, "coverphoto": "./thai_roll_sheet.jpg", "priceType": "custom rates", "description": "not available"}, "model": "veggex.product", "pk": 642}, {"fields": {"category": 5, "origin": "", "qualityRemarks": "Custom Product", "name": "Black Fungus", "grade": null, "pricePerUnit": 0.0, "isPerishable": false, "related_products": [], "seller": 1, "status": 1.0, "unit": "Kg", "maxAvailableUnits": 100000.0, "popularityIndex": 1.0, "coverphoto": "./black_fungus.jpg", "priceType": "custom rates", "description": "not available"}, "model": "veggex.product", "pk": 643}, {"fields": {"category": 5, "origin": "", "qualityRemarks": "Custom Product", "name": "Star Anise", "grade": null, "pricePerUnit": 0.0, "isPerishable": false, "related_products": [], "seller": 1, "status": 1.0, "unit": "Kg", "maxAvailableUnits": 100000.0, "popularityIndex": 1.0, "coverphoto": "./star_anise.jpg", "priceType": "custom rates", "description": "not available"}, "model": "veggex.product", "pk": 644}, {"fields": {"category": 5, "origin": "", "qualityRemarks": "Custom Product", "name": "Broth Powder", "grade": null, "pricePerUnit": 0.0, "isPerishable": false, "related_products": [], "seller": 1, "status": 1.0, "unit": "Kg", "maxAvailableUnits": 100000.0, "popularityIndex": 1.0, "coverphoto": "./broth_powder.jpg", "priceType": "custom rates", "description": "not available"}, "model": "veggex.product", "pk": 645}, {"fields": {"category": 1, "origin": "", "qualityRemarks": "Custom Product", "name": "Peas", "grade": null, "pricePerUnit": 0.0, "isPerishable": false, "related_products": [], "seller": 1, "status": 1.0, "unit": "Kg", "maxAvailableUnits": 100000.0, "popularityIndex": 1.0, "coverphoto": "./green-peas_Pj3YLXJ.jpg", "priceType": "custom rates", "description": "not available"}, "model": "veggex.product", "pk": 646}, {"fields": {"category": 5, "origin": "", "qualityRemarks": "Custom Product", "name": "Amchoor Powder", "grade": null, "pricePerUnit": 0.0, "isPerishable": false, "related_products": [], "seller": 2, "status": 1.0, "unit": "Kg", "maxAvailableUnits": 100000.0, "popularityIndex": 1.0, "coverphoto": "./amchoor-powder.jpg", "priceType": "custom rates", "description": "not available"}, "model": "veggex.product", "pk": 647}, {"fields": {"category": 5, "origin": "", "qualityRemarks": "Custom Product", "name": "Lal Mirch Powder", "grade": null, "pricePerUnit": 0.0, "isPerishable": false, "related_products": [], "seller": 2, "status": 1.0, "unit": "Kg", "maxAvailableUnits": 100000.0, "popularityIndex": 1.0, "coverphoto": "./Lal-Mirch-Powder.jpg", "priceType": "custom rates", "description": "not available"}, "model": "veggex.product", "pk": 648}, {"fields": {"products": [49, 50, 159, 177, 306, 366, 431, 432, 433, 434, 435, 436, 437, 438, 439, 440, 441, 442, 443, 444, 445, 446, 447, 448, 451, 453, 454, 456, 457, 459, 460, 462, 463, 647, 648], "due": 2.0, "seller": 2}, "model": "veggex.dummyvendor", "pk": 1}, {"fields": {"products": [52, 54, 55, 56, 57, 58, 59, 60], "due": 1.0, "seller": 3}, "model": "veggex.dummyvendor", "pk": 2}, {"fields": {"products": [85], "due": 200.0, "seller": 5}, "model": "veggex.dummyvendor", "pk": 4}, {"fields": {"products": [407, 408, 409, 410, 411, 413, 414, 415, 416, 417, 418, 419, 421, 422, 465, 466], "due": -500.0, "seller": 74}, "model": "veggex.dummyvendor", "pk": 73}, {"fields": {"products": [], "due": -987.0, "seller": 75}, "model": "veggex.dummyvendor", "pk": 74}, {"fields": {"products": [], "due": 8989.0, "seller": 76}, "model": "veggex.dummyvendor", "pk": 75}, {"fields": {"products": [385, 386, 387, 388, 389, 390, 391, 392, 393, 394, 395, 396, 397, 398, 399, 400, 401, 402, 403, 404, 405, 406], "due": 0.0, "seller": 78}, "model": "veggex.dummyvendor", "pk": 77}, {"fields": {"products": [], "due": 0.0, "seller": 80}, "model": "veggex.dummyvendor", "pk": 79}, {"fields": {"products": [], "due": 0.0, "seller": 81}, "model": "veggex.dummyvendor", "pk": 80}, {"fields": {"products": [], "due": 0.0, "seller": 82}, "model": "veggex.dummyvendor", "pk": 81}, {"fields": {"cartTotal": 0.0, "timeOfUpdate": "2015-11-16T11:00:36Z", "timeOfCreate": "2015-11-16T11:00:36Z"}, "model": "veggex.cart", "pk": 1}, {"fields": {"cartTotal": 0.0, "timeOfUpdate": "2015-11-16T13:42:59.728Z", "timeOfCreate": "2015-11-16T13:42:59.728Z"}, "model": "veggex.cart", "pk": 2}, {"fields": {"cartTotal": 0.0, "timeOfUpdate": "2015-11-16T13:46:24.269Z", "timeOfCreate": "2015-11-16T13:46:24.269Z"}, "model": "veggex.cart", "pk": 3}, {"fields": {"cartTotal": 0.0, "timeOfUpdate": "2015-11-16T14:49:24.570Z", "timeOfCreate": "2015-11-16T14:49:24.570Z"}, "model": "veggex.cart", "pk": 4}, {"fields": {"cartTotal": 0.0, "timeOfUpdate": "2015-11-16T14:58:56.885Z", "timeOfCreate": "2015-11-16T14:58:56.885Z"}, "model": "veggex.cart", "pk": 5}, {"fields": {"cartTotal": 0.0, "timeOfUpdate": "2015-11-16T16:20:58.006Z", "timeOfCreate": "2015-11-16T16:20:58.006Z"}, "model": "veggex.cart", "pk": 6}, {"fields": {"cartTotal": 0.0, "timeOfUpdate": "2015-11-17T18:34:43.411Z", "timeOfCreate": "2015-11-17T18:34:43.411Z"}, "model": "veggex.cart", "pk": 7}, {"fields": {"cartTotal": 0.0, "timeOfUpdate": "2015-11-18T22:40:27.302Z", "timeOfCreate": "2015-11-18T22:40:27.302Z"}, "model": "veggex.cart", "pk": 8}, {"fields": {"cartTotal": 0.0, "timeOfUpdate": "2015-11-18T22:42:07.283Z", "timeOfCreate": "2015-11-18T22:42:07.283Z"}, "model": "veggex.cart", "pk": 9}, {"fields": {"cartTotal": 0.0, "timeOfUpdate": "2015-11-20T22:33:25.994Z", "timeOfCreate": "2015-11-20T22:33:25.994Z"}, "model": "veggex.cart", "pk": 10}, {"fields": {"cartTotal": 0.0, "timeOfUpdate": "2015-11-26T22:20:35.271Z", "timeOfCreate": "2015-11-26T22:20:35.271Z"}, "model": "veggex.cart", "pk": 11}, {"fields": {"cartTotal": 0.0, "timeOfUpdate": "2015-11-27T13:53:20.180Z", "timeOfCreate": "2015-11-27T13:53:20.180Z"}, "model": "veggex.cart", "pk": 12}, {"fields": {"cartTotal": 0.0, "timeOfUpdate": "2015-11-29T11:38:14.149Z", "timeOfCreate": "2015-11-29T11:38:14.149Z"}, "model": "veggex.cart", "pk": 13}, {"fields": {"cartTotal": 0.0, "timeOfUpdate": "2015-11-29T12:24:37.179Z", "timeOfCreate": "2015-11-29T12:24:37.179Z"}, "model": "veggex.cart", "pk": 14}, {"fields": {"dummycartTotal": 0.0, "timeOfUpdate": "2015-11-16T11:00:59Z", "timeOfCreate": "2015-11-16T11:00:59Z"}, "model": "veggex.dummycart", "pk": 1}, {"fields": {"dummycartTotal": 0.0, "timeOfUpdate": "2015-11-16T13:42:59.730Z", "timeOfCreate": "2015-11-16T13:42:59.730Z"}, "model": "veggex.dummycart", "pk": 2}, {"fields": {"dummycartTotal": 0.0, "timeOfUpdate": "2015-11-16T13:46:24.269Z", "timeOfCreate": "2015-11-16T13:46:24.269Z"}, "model": "veggex.dummycart", "pk": 3}, {"fields": {"dummycartTotal": 0.0, "timeOfUpdate": "2015-11-16T14:49:24.571Z", "timeOfCreate": "2015-11-16T14:49:24.571Z"}, "model": "veggex.dummycart", "pk": 4}, {"fields": {"dummycartTotal": 49154.0, "timeOfUpdate": "2015-11-16T14:58:56.885Z", "timeOfCreate": "2015-11-16T14:58:56.885Z"}, "model": "veggex.dummycart", "pk": 5}, {"fields": {"dummycartTotal": 77673808.97, "timeOfUpdate": "2015-11-16T16:20:58.007Z", "timeOfCreate": "2015-11-16T16:20:58.007Z"}, "model": "veggex.dummycart", "pk": 6}, {"fields": {"dummycartTotal": 1335.0, "timeOfUpdate": "2015-11-17T18:34:43.412Z", "timeOfCreate": "2015-11-17T18:34:43.412Z"}, "model": "veggex.dummycart", "pk": 7}, {"fields": {"dummycartTotal": 0.0, "timeOfUpdate": "2015-11-18T22:40:27.302Z", "timeOfCreate": "2015-11-18T22:40:27.302Z"}, "model": "veggex.dummycart", "pk": 8}, {"fields": {"dummycartTotal": 0.0, "timeOfUpdate": "2015-11-18T22:42:07.283Z", "timeOfCreate": "2015-11-18T22:42:07.283Z"}, "model": "veggex.dummycart", "pk": 9}, {"fields": {"dummycartTotal": -2355.0, "timeOfUpdate": "2015-11-20T22:33:25.994Z", "timeOfCreate": "2015-11-20T22:33:25.994Z"}, "model": "veggex.dummycart", "pk": 10}, {"fields": {"dummycartTotal": 0.0, "timeOfUpdate": "2015-11-26T22:20:35.271Z", "timeOfCreate": "2015-11-26T22:20:35.271Z"}, "model": "veggex.dummycart", "pk": 11}, {"fields": {"dummycartTotal": 0.0, "timeOfUpdate": "2015-11-27T13:53:20.181Z", "timeOfCreate": "2015-11-27T13:53:20.181Z"}, "model": "veggex.dummycart", "pk": 12}, {"fields": {"dummycartTotal": 0.0, "timeOfUpdate": "2015-11-29T11:38:14.150Z", "timeOfCreate": "2015-11-29T11:38:14.150Z"}, "model": "veggex.dummycart", "pk": 13}, {"fields": {"dummycartTotal": 0.0, "timeOfUpdate": "2015-11-29T12:24:37.180Z", "timeOfCreate": "2015-11-29T12:24:37.180Z"}, "model": "veggex.dummycart", "pk": 14}, {"fields": {"description": "Not available", "notifications": [118, 117, 116, 114, 113, 112, 111, 109, 108, 107, 105, 104, 103, 102, 101, 100, 99, 95, 77, 74, 63, 53, 9, 5, 2, 1], "nameOfOwner": "Rakesh Yadav", "institutionType": "hotels", "mobileNo": 8377950711, "dummyvendors": [1, 2, 4], "profilePhoto": "./Rees52-Rees-Arduino-Uno-Compatble-SDL568875492-1-91a6a_ixul91F.jpg", "cart": 5, "owner": null, "nameOfInstitution": "Web Testing", "address": null, "mailId": "rak.dev007@gmail.com", "creditlimit": 10000.0, "gpsLocation": "", "password": "pbkdf2_sha256$20000$hdTCCiPXMesM$M0EosJaVUPAD36tfXn3MNBcFWKkzN/c+ySFaMDacyCc=", "message": [], "categories": [], "dummycart": 5}, "model": "veggex.user", "pk": 5}, {"fields": {"description": "Not available", "notifications": [115, 110, 106, 98, 97, 96, 94, 93, 78, 76, 75, 70, 68, 66, 62, 52, 51, 47, 46, 45, 44, 43, 42, 41, 40, 39, 38, 37, 36, 35, 34, 33, 32, 31, 30, 29, 28, 27, 26, 25, 24, 23, 22, 21, 20, 19, 18, 17, 16, 15, 12, 11, 10, 4, 3], "nameOfOwner": "Ashish Bibyan", "institutionType": "hotels", "mobileNo": 9555666059, "dummyvendors": [73, 74, 75, 80, 81], "profilePhoto": "./No_image_available.png", "cart": 6, "owner": null, "nameOfInstitution": "App Testing", "address": null, "mailId": "ashish@mive.in", "creditlimit": 10000.0, "gpsLocation": "", "password": "pbkdf2_sha256$20000$YDrr7u47dTZQ$/ZIbkBxC5mjduxyUp9dclDITxkf/3SPwyO/IcIEE7tE=", "message": [], "categories": [], "dummycart": 6}, "model": "veggex.user", "pk": 6}, {"fields": {"description": "Not available", "notifications": [], "nameOfOwner": "Pushpendra", "institutionType": "hotels", "mobileNo": 9250002928, "dummyvendors": [77], "profilePhoto": "./profile.gif", "cart": 12, "owner": null, "nameOfInstitution": "Zenden", "address": 75, "mailId": "zendenvasantkunj@outlook.com", "creditlimit": 10000.0, "gpsLocation": "", "password": "pbkdf2_sha256$20000$g2tclZC2QcfK$wcuRCoO4IdCsrJczwrHBc/Xo+cc/bpn2WwLU/s3fz20=", "message": [], "categories": [], "dummycart": 12}, "model": "veggex.user", "pk": 12}, {"fields": {"description": "Not available", "notifications": [], "nameOfOwner": "Ankit", "institutionType": "hotels", "mobileNo": 9910422567, "dummyvendors": [79], "profilePhoto": "./profile.gif", "cart": 13, "owner": null, "nameOfInstitution": "TOW", "address": 78, "mailId": "ankyz.kitchen@gmail.com", "creditlimit": 10000.0, "gpsLocation": "", "password": "pbkdf2_sha256$20000$grF2oeS7zalU$MzJvthE9Npe02QZ1TN7uyc/+v1zwbZ7jzMdZ6BGMkfs=", "message": [], "categories": [], "dummycart": 13}, "model": "veggex.user", "pk": 13}, {"fields": {"description": "Not available", "notifications": [], "nameOfOwner": "Rahul", "institutionType": "hotels", "mobileNo": 9999260662, "dummyvendors": [], "profilePhoto": "./profile.gif", "cart": 14, "owner": null, "nameOfInstitution": "Drums of Heaven", "address": 80, "mailId": "rahulhans@live.com", "creditlimit": 10000.0, "gpsLocation": "", "password": "pbkdf2_sha256$20000$8lY7NfFl65o3$jgEAnIJcd1ju1BOn3Qp8i9ff6TDvPyC/FlcQJbhxMy8=", "message": [], "categories": [], "dummycart": 14}, "model": "veggex.user", "pk": 14}, {"fields": {"product": 52, "timeOfUpdate": "2015-11-23T12:13:04.529Z", "timeOfCreate": "2015-11-23T12:13:04.529Z", "qtyInUnits": 79.0, "pricePerUnit": 2.0, "dummycart": 7}, "model": "veggex.dummycartitem", "pk": 252}, {"fields": {"product": 52, "timeOfUpdate": "2015-11-26T12:59:50.686Z", "timeOfCreate": "2015-11-26T12:59:50.686Z", "qtyInUnits": 40.0, "pricePerUnit": 20.0, "dummycart": 7}, "model": "veggex.dummycartitem", "pk": 273}, {"fields": {"product": 52, "timeOfUpdate": "2015-11-26T18:57:46.684Z", "timeOfCreate": "2015-11-26T18:57:46.684Z", "qtyInUnits": 13.0, "pricePerUnit": 12.0, "dummycart": 7}, "model": "veggex.dummycartitem", "pk": 276}, {"fields": {"product": 52, "timeOfUpdate": "2015-11-26T20:23:45.051Z", "timeOfCreate": "2015-11-26T20:23:45.051Z", "qtyInUnits": 22.0, "pricePerUnit": 25.0, "dummycart": 7}, "model": "veggex.dummycartitem", "pk": 285}, {"fields": {"product": 52, "timeOfUpdate": "2015-11-26T20:23:45.055Z", "timeOfCreate": "2015-11-26T20:23:45.055Z", "qtyInUnits": 18.0, "pricePerUnit": 10.0, "dummycart": 7}, "model": "veggex.dummycartitem", "pk": 286}, {"fields": {"product": 50, "timeOfUpdate": "2015-12-02T20:58:16.678Z", "timeOfCreate": "2015-12-02T20:58:16.678Z", "qtyInUnits": 1.0, "pricePerUnit": 2.0, "dummycart": 5}, "model": "veggex.dummycartitem", "pk": 362}, {"fields": {"image": "invoices/Wb6WuQM8hSl5cMTU-croppedlx8U9-png"}, "model": "veggex.invoiceimage", "pk": 1}, {"fields": {"image": "invoices/rees52_wFYVLhd.png"}, "model": "veggex.invoiceimage", "pk": 2}, {"fields": {"image": "invoices/01-spitzer-omeganebula.jpg"}, "model": "veggex.invoiceimage", "pk": 3}, {"fields": {"image": "invoices/Illusion.jpg"}, "model": "veggex.invoiceimage", "pk": 4}, {"fields": {"image": "invoices/storebck.jpg"}, "model": "veggex.invoiceimage", "pk": 5}, {"fields": {"image": "invoices/smiley-face-star-clipart-black-and-white-smiley-b-and-w-md.png"}, "model": "veggex.invoiceimage", "pk": 6}, {"fields": {"image": "invoices/smiley-face-star-clipart-black-and-white-smiley-b-and-w-md_0fmKXPN.png"}, "model": "veggex.invoiceimage", "pk": 7}, {"fields": {"image": "invoices/smiley-face-star-clipart-black-and-white-smiley-b-and-w-md_TngQzVA.png"}, "model": "veggex.invoiceimage", "pk": 8}, {"fields": {"image": "invoices/besan_atta.jpg"}, "model": "veggex.invoiceimage", "pk": 9}, {"fields": {"image": "invoices/1448007408841-149626784.jpg"}, "model": "veggex.invoiceimage", "pk": 10}, {"fields": {"image": "invoices/1448007911161234042974.jpg"}, "model": "veggex.invoiceimage", "pk": 11}, {"fields": {"image": "invoices/IMG_20151120_211906.jpg"}, "model": "veggex.invoiceimage", "pk": 12}, {"fields": {"image": "invoices/IMG_20151121_123644.jpg"}, "model": "veggex.invoiceimage", "pk": 13}, {"fields": {"image": "invoices/IMG_20151122_133813.jpg"}, "model": "veggex.invoiceimage", "pk": 14}, {"fields": {"image": "invoices/IMG_20151122_162100.jpg"}, "model": "veggex.invoiceimage", "pk": 15}, {"fields": {"image": "invoices/IMG_20151125_105424.jpg"}, "model": "veggex.invoiceimage", "pk": 16}, {"fields": {"image": "invoices/IMG_20151126_230819.jpg"}, "model": "veggex.invoiceimage", "pk": 17}, {"fields": {"image": "invoices/IMG_20151128_184733.jpg"}, "model": "veggex.invoiceimage", "pk": 18}, {"fields": {"image": "invoices/IMG_20151129_225212.jpg"}, "model": "veggex.invoiceimage", "pk": 19}, {"fields": {"status": "PLACED", "category": null, "timeOfUpdate": "2015-11-16T15:01:55.721Z", "timeOfCreate": "2015-11-16T15:01:55.721Z", "deliveryTime": "2015-11-16", "invoices": [1], "orderType": "dummy", "seller": 2, "flag": true, "user": 5, "payment_mode": "COD", "orderMsg": "", "subtotal": 30.0, "payment": "paid"}, "model": "veggex.order", "pk": 1}, {"fields": {"status": "PLACED", "category": null, "timeOfUpdate": "2015-11-16T17:35:39.639Z", "timeOfCreate": "2015-11-16T17:35:39.639Z", "deliveryTime": "2015-11-16", "invoices": [2], "orderType": "dummy", "seller": 3, "flag": false, "user": 5, "payment_mode": "COD", "orderMsg": "", "subtotal": 0.0, "payment": "unpaid"}, "model": "veggex.order", "pk": 2}, {"fields": {"status": "PLACED", "category": null, "timeOfUpdate": "2015-11-17T18:57:48.503Z", "timeOfCreate": "2015-11-17T18:57:48.503Z", "deliveryTime": "2015-11-18", "invoices": [], "orderType": "dummy", "seller": 2, "flag": false, "user": 5, "payment_mode": "COD", "orderMsg": "", "subtotal": 4.0, "payment": "unpaid"}, "model": "veggex.order", "pk": 5}, {"fields": {"status": "PLACED", "category": null, "timeOfUpdate": "2015-11-17T18:58:02.840Z", "timeOfCreate": "2015-11-17T18:58:02.840Z", "deliveryTime": "2015-11-18", "invoices": [], "orderType": "dummy", "seller": 2, "flag": false, "user": 5, "payment_mode": "COD", "orderMsg": "", "subtotal": 45.0, "payment": "unpaid"}, "model": "veggex.order", "pk": 6}, {"fields": {"status": "PLACED", "category": null, "timeOfUpdate": "2015-11-18T08:38:06.493Z", "timeOfCreate": "2015-11-18T08:38:06.493Z", "deliveryTime": "2015-11-18", "invoices": [], "orderType": "dummy", "seller": 2, "flag": false, "user": 5, "payment_mode": "COD", "orderMsg": "", "subtotal": 0.0, "payment": "unpaid"}, "model": "veggex.order", "pk": 11}, {"fields": {"status": "PLACED", "category": null, "timeOfUpdate": "2015-11-20T11:41:46.182Z", "timeOfCreate": "2015-11-20T11:41:46.182Z", "deliveryTime": "2015-11-21", "invoices": [], "orderType": "dummy", "seller": 2, "flag": false, "user": 5, "payment_mode": "COD", "orderMsg": "No message", "subtotal": 1111.0, "payment": "paid"}, "model": "veggex.order", "pk": 39}, {"fields": {"status": "PLACED", "category": null, "timeOfUpdate": "2015-11-21T18:10:29.344Z", "timeOfCreate": "2015-11-21T18:10:29.344Z", "deliveryTime": "2015-11-27", "invoices": [], "orderType": "dummy", "seller": 2, "flag": true, "user": 5, "payment_mode": "COD", "orderMsg": "No message", "subtotal": 282.0, "payment": "paid"}, "model": "veggex.order", "pk": 67}, {"fields": {"status": "PLACED", "category": null, "timeOfUpdate": "2015-11-22T17:33:50.643Z", "timeOfCreate": "2015-11-22T17:33:50.643Z", "deliveryTime": "2015-11-22", "invoices": [], "orderType": "dummy", "seller": 5, "flag": false, "user": 5, "payment_mode": "COD", "orderMsg": "No message", "subtotal": 1288.0, "payment": "paid"}, "model": "veggex.order", "pk": 77}, {"fields": {"status": "PLACED", "category": null, "timeOfUpdate": "2015-11-26T19:17:10.448Z", "timeOfCreate": "2015-11-26T19:17:10.448Z", "deliveryTime": "2015-11-26", "invoices": [], "orderType": "dummy", "seller": 2, "flag": true, "user": 5, "payment_mode": "COD", "orderMsg": "No message", "subtotal": 2893248284.0, "payment": "paid"}, "model": "veggex.order", "pk": 88}, {"fields": {"status": "PLACED", "category": null, "timeOfUpdate": "2015-11-26T20:08:32.393Z", "timeOfCreate": "2015-11-26T20:08:32.393Z", "deliveryTime": "2015-11-27", "invoices": [], "orderType": "dummy", "seller": 2, "flag": false, "user": 5, "payment_mode": "COD", "orderMsg": "No message", "subtotal": 236.0, "payment": "paid"}, "model": "veggex.order", "pk": 91}, {"fields": {"status": "PLACED", "category": null, "timeOfUpdate": "2015-11-27T14:07:19.653Z", "timeOfCreate": "2015-11-27T14:07:19.653Z", "deliveryTime": "2015-11-27", "invoices": [], "orderType": "dummy", "seller": 3, "flag": true, "user": 5, "payment_mode": "COD", "orderMsg": "No message", "subtotal": 105.0, "payment": "paid"}, "model": "veggex.order", "pk": 109}, {"fields": {"status": "PLACED", "category": null, "timeOfUpdate": "2015-11-27T15:54:19.015Z", "timeOfCreate": "2015-11-27T15:54:19.015Z", "deliveryTime": "2015-11-27", "invoices": [], "orderType": "dummy", "seller": 74, "flag": false, "user": 6, "payment_mode": "COD", "orderMsg": "", "subtotal": 1814.0, "payment": "paid"}, "model": "veggex.order", "pk": 110}, {"fields": {"status": "PLACED", "category": null, "timeOfUpdate": "2015-11-27T15:58:03.641Z", "timeOfCreate": "2015-11-27T15:58:03.641Z", "deliveryTime": "2015-11-27", "invoices": [], "orderType": "dummy", "seller": 75, "flag": true, "user": 6, "payment_mode": "COD", "orderMsg": "", "subtotal": 70.0, "payment": "paid"}, "model": "veggex.order", "pk": 111}, {"fields": {"status": "PLACED", "category": null, "timeOfUpdate": "2015-11-27T16:00:53.490Z", "timeOfCreate": "2015-11-27T16:00:53.490Z", "deliveryTime": "2015-11-27", "invoices": [], "orderType": "dummy", "seller": 74, "flag": false, "user": 6, "payment_mode": "COD", "orderMsg": "No message", "subtotal": 250.0, "payment": "paid"}, "model": "veggex.order", "pk": 112}, {"fields": {"status": "PLACED", "category": null, "timeOfUpdate": "2015-11-27T17:06:59.214Z", "timeOfCreate": "2015-11-27T17:06:59.214Z", "deliveryTime": "2015-11-27", "invoices": [], "orderType": "dummy", "seller": 2, "flag": true, "user": 5, "payment_mode": "COD", "orderMsg": "No message", "subtotal": 570.0, "payment": "paid"}, "model": "veggex.order", "pk": 113}, {"fields": {"status": "PLACED", "category": null, "timeOfUpdate": "2015-11-27T17:17:45.866Z", "timeOfCreate": "2015-11-27T17:17:45.866Z", "deliveryTime": "2015-11-27", "invoices": [], "orderType": "dummy", "seller": 5, "flag": false, "user": 5, "payment_mode": "COD", "orderMsg": "No message", "subtotal": 625.0, "payment": "paid"}, "model": "veggex.order", "pk": 114}, {"fields": {"status": "PLACED", "category": null, "timeOfUpdate": "2015-11-28T05:54:25.686Z", "timeOfCreate": "2015-11-28T05:54:25.686Z", "deliveryTime": "2015-11-12", "invoices": [], "orderType": "dummy", "seller": 2, "flag": false, "user": 5, "payment_mode": "COD", "orderMsg": "No message", "subtotal": 625.0, "payment": "unpaid"}, "model": "veggex.order", "pk": 115}, {"fields": {"status": "PLACED", "category": null, "timeOfUpdate": "2015-11-28T11:00:17.147Z", "timeOfCreate": "2015-11-28T11:00:17.147Z", "deliveryTime": "2015-11-28", "invoices": [], "orderType": "dummy", "seller": 2, "flag": false, "user": 5, "payment_mode": "COD", "orderMsg": "No message", "subtotal": 180.0, "payment": "paid"}, "model": "veggex.order", "pk": 116}, {"fields": {"status": "PLACED", "category": null, "timeOfUpdate": "2015-11-28T12:32:46.421Z", "timeOfCreate": "2015-11-28T12:32:46.421Z", "deliveryTime": "2015-11-28", "invoices": [], "orderType": "dummy", "seller": 3, "flag": true, "user": 5, "payment_mode": "COD", "orderMsg": "new hai", "subtotal": 1134.0, "payment": "paid"}, "model": "veggex.order", "pk": 117}, {"fields": {"status": "PLACED", "category": null, "timeOfUpdate": "2015-11-28T13:08:03.324Z", "timeOfCreate": "2015-11-28T13:08:03.324Z", "deliveryTime": "2015-11-28", "invoices": [], "orderType": "dummy", "seller": 5, "flag": true, "user": 5, "payment_mode": "COD", "orderMsg": "No message", "subtotal": 625.0, "payment": "paid"}, "model": "veggex.order", "pk": 118}, {"fields": {"status": "PLACED", "category": null, "timeOfUpdate": "2015-11-28T13:18:14.417Z", "timeOfCreate": "2015-11-28T13:18:14.417Z", "deliveryTime": "2015-11-28", "invoices": [18], "orderType": "dummy", "seller": 2, "flag": true, "user": 5, "payment_mode": "COD", "orderMsg": "No message", "subtotal": 560.0, "payment": "paid"}, "model": "veggex.order", "pk": 119}, {"fields": {"status": "PLACED", "category": null, "timeOfUpdate": "2015-11-29T11:29:11.647Z", "timeOfCreate": "2015-11-29T11:29:11.647Z", "deliveryTime": "2015-11-29", "invoices": [], "orderType": "dummy", "seller": 74, "flag": false, "user": 6, "payment_mode": "COD", "orderMsg": "No message", "subtotal": 3875.0, "payment": "paid"}, "model": "veggex.order", "pk": 120}, {"fields": {"status": "PLACED", "category": null, "timeOfUpdate": "2015-11-29T13:18:46.084Z", "timeOfCreate": "2015-11-29T13:18:46.084Z", "deliveryTime": "2015-11-29", "invoices": [], "orderType": "dummy", "seller": 2, "flag": false, "user": 5, "payment_mode": "COD", "orderMsg": "fgghf", "subtotal": 750.0, "payment": "paid"}, "model": "veggex.order", "pk": 121}, {"fields": {"status": "PLACED", "category": null, "timeOfUpdate": "2015-11-29T15:47:55.352Z", "timeOfCreate": "2015-11-29T15:47:55.352Z", "deliveryTime": "2015-11-29", "invoices": [], "orderType": "dummy", "seller": 2, "flag": false, "user": 5, "payment_mode": "COD", "orderMsg": "", "subtotal": 121.0, "payment": "unpaid"}, "model": "veggex.order", "pk": 122}, {"fields": {"status": "PLACED", "category": null, "timeOfUpdate": "2015-11-29T17:23:02.442Z", "timeOfCreate": "2015-11-29T17:23:02.442Z", "deliveryTime": "2015-11-29", "invoices": [19], "orderType": "dummy", "seller": 3, "flag": false, "user": 5, "payment_mode": "COD", "orderMsg": "No message", "subtotal": 2000.0, "payment": "paid"}, "model": "veggex.order", "pk": 123}, {"fields": {"status": "PLACED", "category": null, "timeOfUpdate": "2015-11-29T17:36:58.004Z", "timeOfCreate": "2015-11-29T17:36:58.004Z", "deliveryTime": "2015-11-29", "invoices": [], "orderType": "dummy", "seller": 75, "flag": false, "user": 6, "payment_mode": "COD", "orderMsg": "No message", "subtotal": 5588.0, "payment": "paid"}, "model": "veggex.order", "pk": 124}, {"fields": {"status": "PLACED", "category": null, "timeOfUpdate": "2015-11-30T16:33:01.457Z", "timeOfCreate": "2015-11-30T16:33:01.457Z", "deliveryTime": "2015-11-30", "invoices": [], "orderType": "dummy", "seller": 3, "flag": false, "user": 5, "payment_mode": "COD", "orderMsg": "No message", "subtotal": 40.0, "payment": "unpaid"}, "model": "veggex.order", "pk": 125}, {"fields": {"status": "PLACED", "category": null, "timeOfUpdate": "2015-11-30T16:35:39.184Z", "timeOfCreate": "2015-11-30T16:35:39.184Z", "deliveryTime": "2015-11-30", "invoices": [], "orderType": "dummy", "seller": 2, "flag": false, "user": 5, "payment_mode": "COD", "orderMsg": "No message", "subtotal": 60.0, "payment": "unpaid"}, "model": "veggex.order", "pk": 126}, {"fields": {"status": "PLACED", "category": null, "timeOfUpdate": "2015-11-30T16:39:05.459Z", "timeOfCreate": "2015-11-30T16:39:05.459Z", "deliveryTime": "2015-11-30", "invoices": [], "orderType": "dummy", "seller": 2, "flag": false, "user": 5, "payment_mode": "COD", "orderMsg": "No message", "subtotal": 288.0, "payment": "unpaid"}, "model": "veggex.order", "pk": 127}, {"fields": {"status": "PLACED", "category": null, "timeOfUpdate": "2015-11-30T16:53:00.798Z", "timeOfCreate": "2015-11-30T16:53:00.798Z", "deliveryTime": "2015-11-30", "invoices": [], "orderType": "dummy", "seller": 3, "flag": false, "user": 5, "payment_mode": "COD", "orderMsg": "No message", "subtotal": 56.0, "payment": "paid"}, "model": "veggex.order", "pk": 128}, {"fields": {"status": "PLACED", "category": null, "timeOfUpdate": "2015-11-30T18:01:04.319Z", "timeOfCreate": "2015-11-30T18:01:04.319Z", "deliveryTime": "2015-11-30", "invoices": [], "orderType": "dummy", "seller": 75, "flag": false, "user": 6, "payment_mode": "COD", "orderMsg": "Gejdv", "subtotal": 2.55555555555556e+41, "payment": "paid"}, "model": "veggex.order", "pk": 129}, {"fields": {"status": "PLACED", "category": null, "timeOfUpdate": "2015-12-01T06:52:17.960Z", "timeOfCreate": "2015-12-01T06:52:17.960Z", "deliveryTime": "2015-12-01", "invoices": [], "orderType": "dummy", "seller": 3, "flag": false, "user": 5, "payment_mode": "COD", "orderMsg": "No message", "subtotal": 8.52973333333331e+19, "payment": "unpaid"}, "model": "veggex.order", "pk": 130}, {"fields": {"status": "PLACED", "category": null, "timeOfUpdate": "2015-12-01T09:49:24.506Z", "timeOfCreate": "2015-12-01T09:49:24.506Z", "deliveryTime": "2015-12-01", "invoices": [], "orderType": "dummy", "seller": 2, "flag": false, "user": 5, "payment_mode": "COD", "orderMsg": "No message", "subtotal": 1300.0, "payment": "unpaid"}, "model": "veggex.order", "pk": 131}, {"fields": {"status": "PLACED", "category": null, "timeOfUpdate": "2015-12-02T16:36:52.461Z", "timeOfCreate": "2015-12-02T16:36:52.461Z", "deliveryTime": "2015-12-02", "invoices": [], "orderType": "dummy", "seller": 2, "flag": false, "user": 5, "payment_mode": "COD", "orderMsg": "No message", "subtotal": 30000.0, "payment": "paid"}, "model": "veggex.order", "pk": 132}, {"fields": {"product": 54, "qtyInUnits": 123.0, "pricePerUnit": 0.0, "priceType": "custom rates", "order": 2, "unit": "Kg"}, "model": "veggex.orderitem", "pk": 3}, {"fields": {"product": 52, "qtyInUnits": 12.0, "pricePerUnit": 0.0, "priceType": "custom rates", "order": 2, "unit": "Kg"}, "model": "veggex.orderitem", "pk": 5}, {"fields": {"product": 177, "qtyInUnits": 23.0, "pricePerUnit": 0.0, "priceType": "custom rates", "order": 11, "unit": "Kg"}, "model": "veggex.orderitem", "pk": 21}, {"fields": {"product": 49, "qtyInUnits": 3.0, "pricePerUnit": 5.0, "priceType": "custom rates", "order": 67, "unit": "Kg"}, "model": "veggex.orderitem", "pk": 87}, {"fields": {"product": 85, "qtyInUnits": 56.0, "pricePerUnit": 23.0, "priceType": "custom rates", "order": 77, "unit": "Kg"}, "model": "veggex.orderitem", "pk": 108}, {"fields": {"product": 50, "qtyInUnits": 3.0, "pricePerUnit": 2.0, "priceType": "custom rates", "order": 91, "unit": "Kg"}, "model": "veggex.orderitem", "pk": 133}, {"fields": {"product": 58, "qtyInUnits": 5.0, "pricePerUnit": 1.0, "priceType": "custom rates", "order": 109, "unit": "Kg"}, "model": "veggex.orderitem", "pk": 138}, {"fields": {"product": 52, "qtyInUnits": 10.0, "pricePerUnit": 10.0, "priceType": "custom rates", "order": 109, "unit": "Kg"}, "model": "veggex.orderitem", "pk": 139}, {"fields": {"product": 408, "qtyInUnits": 52.0, "pricePerUnit": 32.0, "priceType": "custom rates", "order": 110, "unit": "Kg"}, "model": "veggex.orderitem", "pk": 140}, {"fields": {"product": 407, "qtyInUnits": 3.0, "pricePerUnit": 50.0, "priceType": "custom rates", "order": 110, "unit": "Kg"}, "model": "veggex.orderitem", "pk": 141}, {"fields": {"product": 411, "qtyInUnits": 10.0, "pricePerUnit": 25.0, "priceType": "custom rates", "order": 112, "unit": "Kg"}, "model": "veggex.orderitem", "pk": 143}, {"fields": {"product": 85, "qtyInUnits": 25.0, "pricePerUnit": 25.0, "priceType": "custom rates", "order": 114, "unit": "Kg"}, "model": "veggex.orderitem", "pk": 146}, {"fields": {"product": 52, "qtyInUnits": 10.0, "pricePerUnit": 25.0, "priceType": "custom rates", "order": 117, "unit": "Kg"}, "model": "veggex.orderitem", "pk": 151}, {"fields": {"product": 85, "qtyInUnits": 25.0, "pricePerUnit": 25.0, "priceType": "custom rates", "order": 118, "unit": "Kg"}, "model": "veggex.orderitem", "pk": 152}, {"fields": {"product": 408, "qtyInUnits": 25.0, "pricePerUnit": 25.0, "priceType": "custom rates", "order": 120, "unit": "Kg"}, "model": "veggex.orderitem", "pk": 156}, {"fields": {"product": 407, "qtyInUnits": 65.0, "pricePerUnit": 50.0, "priceType": "custom rates", "order": 120, "unit": "Kg"}, "model": "veggex.orderitem", "pk": 157}, {"fields": {"product": 55, "qtyInUnits": 20.0, "pricePerUnit": 2.0, "priceType": "custom rates", "order": 125, "unit": "Kg"}, "model": "veggex.orderitem", "pk": 160}, {"fields": {"product": 50, "qtyInUnits": 20.0, "pricePerUnit": 3.0, "priceType": "custom rates", "order": 126, "unit": "Kg"}, "model": "veggex.orderitem", "pk": 161}, {"fields": {"product": 50, "qtyInUnits": 0.0, "pricePerUnit": 0.0, "priceType": "custom rates", "order": 126, "unit": "Kg"}, "model": "veggex.orderitem", "pk": 162}, {"fields": {"product": 52, "qtyInUnits": 222222.0, "pricePerUnit": 383838383838383.0, "priceType": "custom rates", "order": 130, "unit": "Kg"}, "model": "veggex.orderitem", "pk": 163}, {"fields": {"product": 50, "qtyInUnits": 10.0, "pricePerUnit": 30.0, "priceType": "custom rates", "order": 131, "unit": "Kg"}, "model": "veggex.orderitem", "pk": 164}, {"fields": {"product": 49, "qtyInUnits": 40.0, "pricePerUnit": 25.0, "priceType": "custom rates", "order": 131, "unit": "Kg"}, "model": "veggex.orderitem", "pk": 165}, {"fields": {"remainingstock": 123.0, "product": 54, "timeOfCreate": "2015-11-16", "user": 5}, "model": "veggex.currentstock", "pk": 3}, {"fields": {"remainingstock": 222254.0, "product": 52, "timeOfCreate": "2015-11-16", "user": 5}, "model": "veggex.currentstock", "pk": 5}, {"fields": {"remainingstock": 23.0, "product": 177, "timeOfCreate": "2015-11-18", "user": 5}, "model": "veggex.currentstock", "pk": 21}, {"fields": {"remainingstock": 43.0, "product": 49, "timeOfCreate": "2015-11-21", "user": 5}, "model": "veggex.currentstock", "pk": 85}, {"fields": {"remainingstock": 106.0, "product": 85, "timeOfCreate": "2015-11-22", "user": 5}, "model": "veggex.currentstock", "pk": 95}, {"fields": {"remainingstock": 33.0, "product": 50, "timeOfCreate": "2015-11-27", "user": 5}, "model": "veggex.currentstock", "pk": 100}, {"fields": {"remainingstock": 5.0, "product": 58, "timeOfCreate": "2015-11-27", "user": 5}, "model": "veggex.currentstock", "pk": 104}, {"fields": {"remainingstock": 52.0, "product": 408, "timeOfCreate": "2015-11-27", "user": 6}, "model": "veggex.currentstock", "pk": 105}, {"fields": {"remainingstock": 3.0, "product": 407, "timeOfCreate": "2015-11-27", "user": 6}, "model": "veggex.currentstock", "pk": 106}, {"fields": {"remainingstock": 10.0, "product": 411, "timeOfCreate": "2015-11-27", "user": 6}, "model": "veggex.currentstock", "pk": 108}, {"fields": {"remainingstock": 25.0, "product": 408, "timeOfCreate": "2015-11-29", "user": 6}, "model": "veggex.currentstock", "pk": 111}, {"fields": {"remainingstock": 65.0, "product": 407, "timeOfCreate": "2015-11-29", "user": 6}, "model": "veggex.currentstock", "pk": 112}, {"fields": {"remainingstock": 20.0, "product": 55, "timeOfCreate": "2015-11-30", "user": 5}, "model": "veggex.currentstock", "pk": 114}]