[{"fields": {"body": "Your order has been recieved succesfully with orderId:1", "timeOfCreate": "2015-11-16T15:01:55.753Z", "seen": 1.0, "link": "orderDetail?orderId=1", "title": "Order Recieved"}, "model": "veggex.notification", "pk": 1}, {"fields": {"body": "Your order has been recieved succesfully with orderId:2", "timeOfCreate": "2015-11-16T17:35:39.676Z", "seen": 1.0, "link": "orderDetail?orderId=2", "title": "Order Recieved"}, "model": "veggex.notification", "pk": 2}, {"fields": {"body": "Your order has been recieved succesfully with orderId:3", "timeOfCreate": "2015-11-17T18:04:55.693Z", "seen": 1.0, "link": "orderDetail?orderId=3", "title": "Order Recieved"}, "model": "veggex.notification", "pk": 3}, {"fields": {"body": "Your order has been recieved succesfully with orderId:4", "timeOfCreate": "2015-11-17T18:44:24.868Z", "seen": 1.0, "link": "orderDetail?orderId=4", "title": "Order Recieved"}, "model": "veggex.notification", "pk": 4}, {"fields": {"body": "Your order has been recieved succesfully with orderId:5", "timeOfCreate": "2015-11-17T18:57:48.521Z", "seen": 1.0, "link": "orderDetail?orderId=5", "title": "Order Recieved"}, "model": "veggex.notification", "pk": 5}, {"fields": {"body": "Your order has been recieved succesfully with orderId:7", "timeOfCreate": "2015-11-18T04:47:47.609Z", "seen": 0.0, "link": "orderDetail?orderId=7", "title": "Order Recieved"}, "model": "veggex.notification", "pk": 6}, {"fields": {"body": "Your order has been recieved succesfully with orderId:8", "timeOfCreate": "2015-11-18T05:02:04.915Z", "seen": 1.0, "link": "orderDetail?orderId=8", "title": "Order Recieved"}, "model": "veggex.notification", "pk": 7}, {"fields": {"body": "Your order has been recieved succesfully with orderId:10", "timeOfCreate": "2015-11-18T07:56:53.479Z", "seen": 0.0, "link": "orderDetail?orderId=10", "title": "Order Recieved"}, "model": "veggex.notification", "pk": 8}, {"fields": {"body": "Your order has been recieved succesfully with orderId:11", "timeOfCreate": "2015-11-18T08:38:06.582Z", "seen": 1.0, "link": "orderDetail?orderId=11", "title": "Order Recieved"}, "model": "veggex.notification", "pk": 9}, {"fields": {"body": "Your order has been recieved succesfully with orderId:12", "timeOfCreate": "2015-11-18T10:41:16.637Z", "seen": 1.0, "link": "orderDetail?orderId=12", "title": "Order Recieved"}, "model": "veggex.notification", "pk": 10}, {"fields": {"body": "Your order has been recieved succesfully with orderId:13", "timeOfCreate": "2015-11-18T10:44:53.619Z", "seen": 1.0, "link": "orderDetail?orderId=13", "title": "Order Recieved"}, "model": "veggex.notification", "pk": 11}, {"fields": {"body": "Your order has been recieved succesfully with orderId:14", "timeOfCreate": "2015-11-18T10:48:05.661Z", "seen": 1.0, "link": "orderDetail?orderId=14", "title": "Order Recieved"}, "model": "veggex.notification", "pk": 12}, {"fields": {"body": "Your order has been recieved succesfully with orderId:15", "timeOfCreate": "2015-11-18T12:34:53.004Z", "seen": 0.0, "link": "orderDetail?orderId=15", "title": "Order Recieved"}, "model": "veggex.notification", "pk": 13}, {"fields": {"body": "Your order has been recieved succesfully with orderId:16", "timeOfCreate": "2015-11-18T12:49:47.228Z", "seen": 0.0, "link": "orderDetail?orderId=16", "title": "Order Recieved"}, "model": "veggex.notification", "pk": 14}, {"fields": {"body": "Your order has been recieved succesfully with orderId:17", "timeOfCreate": "2015-11-18T16:03:06.091Z", "seen": 1.0, "link": "orderDetail?orderId=17", "title": "Order Recieved"}, "model": "veggex.notification", "pk": 15}, {"fields": {"body": "Your order has been recieved succesfully with orderId:18", "timeOfCreate": "2015-11-18T17:34:30.966Z", "seen": 1.0, "link": "orderDetail?orderId=18", "title": "Order Recieved"}, "model": "veggex.notification", "pk": 16}, {"fields": {"body": "Your order has been recieved succesfully with orderId:19", "timeOfCreate": "2015-11-18T17:36:11.229Z", "seen": 1.0, "link": "orderDetail?orderId=19", "title": "Order Recieved"}, "model": "veggex.notification", "pk": 17}, {"fields": {"body": "Your order has been recieved succesfully with orderId:20", "timeOfCreate": "2015-11-18T17:40:05.267Z", "seen": 1.0, "link": "orderDetail?orderId=20", "title": "Order Recieved"}, "model": "veggex.notification", "pk": 18}, {"fields": {"body": "Your order has been recieved succesfully with orderId:21", "timeOfCreate": "2015-11-18T19:01:04.837Z", "seen": 1.0, "link": "orderDetail?orderId=21", "title": "Order Recieved"}, "model": "veggex.notification", "pk": 19}, {"fields": {"body": "Your order has been recieved succesfully with orderId:22", "timeOfCreate": "2015-11-18T19:01:30.833Z", "seen": 1.0, "link": "orderDetail?orderId=22", "title": "Order Recieved"}, "model": "veggex.notification", "pk": 20}, {"fields": {"body": "Your order has been recieved succesfully with orderId:24", "timeOfCreate": "2015-11-19T11:31:36.178Z", "seen": 1.0, "link": "orderDetail?orderId=24", "title": "Order Recieved"}, "model": "veggex.notification", "pk": 21}, {"fields": {"body": "Your order has been recieved succesfully with orderId:25", "timeOfCreate": "2015-11-19T11:48:11.066Z", "seen": 1.0, "link": "orderDetail?orderId=25", "title": "Order Recieved"}, "model": "veggex.notification", "pk": 22}, {"fields": {"body": "Your order has been recieved succesfully with orderId:27", "timeOfCreate": "2015-11-19T12:06:45.137Z", "seen": 1.0, "link": "orderDetail?orderId=27", "title": "Order Recieved"}, "model": "veggex.notification", "pk": 23}, {"fields": {"body": "Your order has been recieved succesfully with orderId:28", "timeOfCreate": "2015-11-19T12:23:52.022Z", "seen": 1.0, "link": "orderDetail?orderId=28", "title": "Order Recieved"}, "model": "veggex.notification", "pk": 24}, {"fields": {"body": "Your order has been recieved succesfully with orderId:29", "timeOfCreate": "2015-11-19T12:38:49.009Z", "seen": 1.0, "link": "orderDetail?orderId=29", "title": "Order Recieved"}, "model": "veggex.notification", "pk": 25}, {"fields": {"body": "Your order has been recieved succesfully with orderId:31", "timeOfCreate": "2015-11-19T21:10:12.689Z", "seen": 1.0, "link": "orderDetail?orderId=31", "title": "Order Recieved"}, "model": "veggex.notification", "pk": 26}, {"fields": {"body": "Your order has been recieved succesfully with orderId:32", "timeOfCreate": "2015-11-19T21:17:54.808Z", "seen": 1.0, "link": "orderDetail?orderId=32", "title": "Order Recieved"}, "model": "veggex.notification", "pk": 27}, {"fields": {"body": "Your order has been recieved succesfully with orderId:33", "timeOfCreate": "2015-11-19T21:27:39.980Z", "seen": 1.0, "link": "orderDetail?orderId=33", "title": "Order Recieved"}, "model": "veggex.notification", "pk": 28}, {"fields": {"body": "Your order has been recieved succesfully with orderId:34", "timeOfCreate": "2015-11-20T08:13:53.217Z", "seen": 1.0, "link": "orderDetail?orderId=34", "title": "Order Recieved"}, "model": "veggex.notification", "pk": 29}, {"fields": {"body": "Your order has been recieved succesfully with orderId:35", "timeOfCreate": "2015-11-20T08:18:57.119Z", "seen": 1.0, "link": "orderDetail?orderId=35", "title": "Order Recieved"}, "model": "veggex.notification", "pk": 30}, {"fields": {"body": "Your order has been recieved succesfully with orderId:36", "timeOfCreate": "2015-11-20T08:21:29.320Z", "seen": 1.0, "link": "orderDetail?orderId=36", "title": "Order Recieved"}, "model": "veggex.notification", "pk": 31}, {"fields": {"body": "Your order has been recieved succesfully with orderId:37", "timeOfCreate": "2015-11-20T08:25:39.441Z", "seen": 1.0, "link": "orderDetail?orderId=37", "title": "Order Recieved"}, "model": "veggex.notification", "pk": 32}, {"fields": {"body": "Your order has been recieved succesfully with orderId:38", "timeOfCreate": "2015-11-20T08:27:46.236Z", "seen": 1.0, "link": "orderDetail?orderId=38", "title": "Order Recieved"}, "model": "veggex.notification", "pk": 33}, {"fields": {"body": "Your order has been recieved succesfully with orderId:40", "timeOfCreate": "2015-11-20T15:50:02.983Z", "seen": 1.0, "link": "orderDetail?orderId=40", "title": "Order Recieved"}, "model": "veggex.notification", "pk": 34}, {"fields": {"body": "Your order has been recieved succesfully with orderId:41", "timeOfCreate": "2015-11-20T15:55:08.507Z", "seen": 1.0, "link": "orderDetail?orderId=41", "title": "Order Recieved"}, "model": "veggex.notification", "pk": 35}, {"fields": {"body": "Your order has been recieved succesfully with orderId:42", "timeOfCreate": "2015-11-20T17:16:07.534Z", "seen": 1.0, "link": "orderDetail?orderId=42", "title": "Order Recieved"}, "model": "veggex.notification", "pk": 36}, {"fields": {"body": "Your order has been recieved succesfully with orderId:43", "timeOfCreate": "2015-11-20T17:23:16.393Z", "seen": 1.0, "link": "orderDetail?orderId=43", "title": "Order Recieved"}, "model": "veggex.notification", "pk": 37}, {"fields": {"body": "Your order has been recieved succesfully with orderId:44", "timeOfCreate": "2015-11-20T17:26:21.826Z", "seen": 1.0, "link": "orderDetail?orderId=44", "title": "Order Recieved"}, "model": "veggex.notification", "pk": 38}, {"fields": {"body": "Your order has been recieved succesfully with orderId:45", "timeOfCreate": "2015-11-20T17:42:26.703Z", "seen": 1.0, "link": "orderDetail?orderId=45", "title": "Order Recieved"}, "model": "veggex.notification", "pk": 39}, {"fields": {"body": "Your order has been recieved succesfully with orderId:46", "timeOfCreate": "2015-11-20T18:10:04.325Z", "seen": 1.0, "link": "orderDetail?orderId=46", "title": "Order Recieved"}, "model": "veggex.notification", "pk": 40}, {"fields": {"body": "Your order has been recieved succesfully with orderId:47", "timeOfCreate": "2015-11-20T18:11:23.715Z", "seen": 1.0, "link": "orderDetail?orderId=47", "title": "Order Recieved"}, "model": "veggex.notification", "pk": 41}, {"fields": {"body": "Your order has been received successfully with OrderId:48", "timeOfCreate": "2015-11-20T18:19:10.384Z", "seen": 1.0, "link": "orderDetail?orderId=48", "title": "Order Recieved"}, "model": "veggex.notification", "pk": 42}, {"fields": {"body": "Your order has been received successfully with OrderId:49", "timeOfCreate": "2015-11-20T18:23:31.911Z", "seen": 1.0, "link": "orderDetail?orderId=49", "title": "Order Recieved"}, "model": "veggex.notification", "pk": 43}, {"fields": {"body": "Your order has been received successfully with OrderId:51", "timeOfCreate": "2015-11-20T18:49:26.978Z", "seen": 1.0, "link": "orderDetail?orderId=51", "title": "Order Recieved"}, "model": "veggex.notification", "pk": 44}, {"fields": {"body": "Your order has been received successfully with OrderId:53", "timeOfCreate": "2015-11-20T18:58:51.579Z", "seen": 1.0, "link": "orderDetail?orderId=53", "title": "Order Recieved"}, "model": "veggex.notification", "pk": 45}, {"fields": {"body": "Your order has been received successfully with OrderId:57", "timeOfCreate": "2015-11-20T19:06:36.701Z", "seen": 1.0, "link": "orderDetail?orderId=57", "title": "Order Recieved"}, "model": "veggex.notification", "pk": 46}, {"fields": {"body": "Your order has been received successfully with OrderId:61", "timeOfCreate": "2015-11-20T19:13:54.212Z", "seen": 0.0, "link": "orderDetail?orderId=61", "title": "Order Recieved"}, "model": "veggex.notification", "pk": 47}, {"fields": {"body": "Your order with Order Id: 62 has been created.", "timeOfCreate": "2015-11-20T22:54:07.779Z", "seen": 1.0, "link": "orderDetail?orderId=62", "title": "Order Recieved"}, "model": "veggex.notification", "pk": 48}, {"fields": {"body": "Your order with Order Id: 63 has been created.", "timeOfCreate": "2015-11-20T23:19:50.816Z", "seen": 1.0, "link": "orderDetail?orderId=63", "title": "Order Recieved"}, "model": "veggex.notification", "pk": 49}, {"fields": {"body": "Your order with Order Id: 64 has been created.", "timeOfCreate": "2015-11-20T23:31:48.085Z", "seen": 1.0, "link": "orderDetail?orderId=64", "title": "Order Recieved"}, "model": "veggex.notification", "pk": 50}, {"fields": {"body": "Your order has been recieved succesfully with orderId:65", "timeOfCreate": "2015-11-21T04:39:30.996Z", "seen": 1.0, "link": "orderDetail?orderId=65", "title": "Order Recieved"}, "model": "veggex.notification", "pk": 51}, {"fields": {"body": "Your order with Order Id: 66 has been created.", "timeOfCreate": "2015-11-21T13:45:11.208Z", "seen": 1.0, "link": "orderDetail?orderId=66", "title": "Order Recieved"}, "model": "veggex.notification", "pk": 52}, {"fields": {"body": "Your order with Order Id: 67 has been created.", "timeOfCreate": "2015-11-21T18:10:29.410Z", "seen": 0.0, "link": "orderDetail?orderId=67", "title": "Order Recieved"}, "model": "veggex.notification", "pk": 53}, {"fields": {"body": "Your order has been recieved succesfully with orderId:68", "timeOfCreate": "2015-11-22T08:08:44.258Z", "seen": 0.0, "link": "orderDetail?orderId=68", "title": "Order Recieved"}, "model": "veggex.notification", "pk": 54}, {"fields": {"body": "Your order has been recieved succesfully with orderId:69", "timeOfCreate": "2015-11-22T08:14:01.029Z", "seen": 0.0, "link": "orderDetail?orderId=69", "title": "Order Recieved"}, "model": "veggex.notification", "pk": 55}, {"fields": {"body": "Your order has been recieved succesfully with orderId:70", "timeOfCreate": "2015-11-22T10:42:20.849Z", "seen": 0.0, "link": "orderDetail?orderId=70", "title": "Order Recieved"}, "model": "veggex.notification", "pk": 56}, {"fields": {"body": "Your order has been recieved succesfully with orderId:71", "timeOfCreate": "2015-11-22T10:45:24.542Z", "seen": 0.0, "link": "orderDetail?orderId=71", "title": "Order Recieved"}, "model": "veggex.notification", "pk": 57}, {"fields": {"body": "Your order has been recieved succesfully with orderId:72", "timeOfCreate": "2015-11-22T10:46:36.748Z", "seen": 0.0, "link": "orderDetail?orderId=72", "title": "Order Recieved"}, "model": "veggex.notification", "pk": 58}, {"fields": {"body": "Your order has been recieved succesfully with orderId:73", "timeOfCreate": "2015-11-22T10:48:15.687Z", "seen": 0.0, "link": "orderDetail?orderId=73", "title": "Order Recieved"}, "model": "veggex.notification", "pk": 59}, {"fields": {"body": "Your order has been recieved succesfully with orderId:74", "timeOfCreate": "2015-11-22T10:51:28.428Z", "seen": 0.0, "link": "orderDetail?orderId=74", "title": "Order Recieved"}, "model": "veggex.notification", "pk": 60}, {"fields": {"body": "Your order has been recieved succesfully with orderId:75", "timeOfCreate": "2015-11-22T13:32:49.564Z", "seen": 0.0, "link": "orderDetail?orderId=75", "title": "Order Recieved"}, "model": "veggex.notification", "pk": 61}, {"fields": {"body": "Your order with Order Id: 76 has been created.", "timeOfCreate": "2015-11-22T14:34:40.075Z", "seen": 0.0, "link": "orderDetail?orderId=76", "title": "Order Recieved"}, "model": "veggex.notification", "pk": 62}, {"fields": {"body": "Your order has been recieved succesfully with orderId:77", "timeOfCreate": "2015-11-22T17:33:50.656Z", "seen": 0.0, "link": "orderDetail?orderId=77", "title": "Order Recieved"}, "model": "veggex.notification", "pk": 63}, {"fields": {"body": "Your order has been recieved succesfully with orderId:78", "timeOfCreate": "2015-11-22T17:42:08.853Z", "seen": 0.0, "link": "orderDetail?orderId=78", "title": "Order Recieved"}, "model": "veggex.notification", "pk": 64}, {"fields": {"body": "Your order has been recieved succesfully with orderId:79", "timeOfCreate": "2015-11-23T09:24:37.598Z", "seen": 0.0, "link": "orderDetail?orderId=79", "title": "Order Recieved"}, "model": "veggex.notification", "pk": 65}, {"fields": {"body": "Your order has been recieved succesfully with orderId:80", "timeOfCreate": "2015-11-23T09:25:15.349Z", "seen": 0.0, "link": "orderDetail?orderId=80", "title": "Order Recieved"}, "model": "veggex.notification", "pk": 66}, {"fields": {"body": "Your order has been recieved succesfully with orderId:81", "timeOfCreate": "2015-11-23T09:25:28.510Z", "seen": 0.0, "link": "orderDetail?orderId=81", "title": "Order Recieved"}, "model": "veggex.notification", "pk": 67}, {"fields": {"body": "Your order has been recieved succesfully with orderId:82", "timeOfCreate": "2015-11-23T09:29:55.793Z", "seen": 0.0, "link": "orderDetail?orderId=82", "title": "Order Recieved"}, "model": "veggex.notification", "pk": 68}, {"fields": {"body": "Your order has been recieved succesfully with orderId:83", "timeOfCreate": "2015-11-23T09:44:09.031Z", "seen": 0.0, "link": "orderDetail?orderId=83", "title": "Order Recieved"}, "model": "veggex.notification", "pk": 69}, {"fields": {"body": "Your order has been recieved succesfully with orderId:84", "timeOfCreate": "2015-11-24T16:34:57.608Z", "seen": 0.0, "link": "orderDetail?orderId=84", "title": "Order Recieved"}, "model": "veggex.notification", "pk": 70}, {"fields": {"body": "Your order has been recieved succesfully with orderId:85", "timeOfCreate": "2015-11-25T04:23:14.157Z", "seen": 0.0, "link": "orderDetail?orderId=85", "title": "Order Recieved"}, "model": "veggex.notification", "pk": 71}, {"fields": {"body": "Your order has been recieved succesfully with orderId:86", "timeOfCreate": "2015-11-25T05:25:03.122Z", "seen": 0.0, "link": "orderDetail?orderId=86", "title": "Order Recieved"}, "model": "veggex.notification", "pk": 72}, {"fields": {"body": "Your order has been recieved succesfully with orderId:87", "timeOfCreate": "2015-11-25T08:09:08.108Z", "seen": 0.0, "link": "orderDetail?orderId=87", "title": "Order Recieved"}, "model": "veggex.notification", "pk": 73}, {"fields": {"body": "Your order with Vendo1 of amount 2893248284.0 has been created.", "timeOfCreate": "2015-11-26T19:17:10.449Z", "seen": 0.0, "link": "orderDetail?orderId=88", "title": "Order Recieved"}, "model": "veggex.notification", "pk": 74}, {"fields": {"body": "Your order with Meat Seller of amount 100.0 has been created.", "timeOfCreate": "2015-11-26T19:20:35.584Z", "seen": 0.0, "link": "orderDetail?orderId=89", "title": "Order Recieved"}, "model": "veggex.notification", "pk": 75}, {"fields": {"body": "Your order with Fruits & Vegetables Seller of amount 130.0 has been created.", "timeOfCreate": "2015-11-26T19:22:05.413Z", "seen": 1.0, "link": "orderDetail?orderId=90", "title": "Order Recieved"}, "model": "veggex.notification", "pk": 76}, {"fields": {"body": "Your order with Vendo1 of amount 236.0has been created.", "timeOfCreate": "2015-11-26T20:08:32.412Z", "seen": 0.0, "link": "orderDetail?orderId=91", "title": "Order Recieved"}, "model": "veggex.notification", "pk": 77}, {"fields": {"body": "Your order with Fruits & Vegetables Seller of amount 500.0 has been created.", "timeOfCreate": "2015-11-26T20:13:46.087Z", "seen": 0.0, "link": "orderDetail?orderId=92", "title": "Order Recieved"}, "model": "veggex.notification", "pk": 78}, {"fields": {"body": "Your order with Vendo1 of amount 156.0has been created.", "timeOfCreate": "2015-11-26T22:26:15.855Z", "seen": 0.0, "link": "orderDetail?orderId=93", "title": "Order Recieved"}, "model": "veggex.notification", "pk": 79}, {"fields": {"body": "Your order with 2 of amount 200.0 has been created.", "timeOfCreate": "2015-11-27T08:39:28.024Z", "seen": 0.0, "link": "orderDetail?orderId=94", "title": "Order Recieved"}, "model": "veggex.notification", "pk": 80}, {"fields": {"body": "Your order with 3 of amount 400.0 has been created.", "timeOfCreate": "2015-11-27T08:39:52.471Z", "seen": 0.0, "link": "orderDetail?orderId=95", "title": "Order Recieved"}, "model": "veggex.notification", "pk": 81}, {"fields": {"body": "Your order with 1 of amount 250.0 has been created.", "timeOfCreate": "2015-11-27T08:40:30.700Z", "seen": 0.0, "link": "orderDetail?orderId=96", "title": "Order Recieved"}, "model": "veggex.notification", "pk": 82}, {"fields": {"body": "Your order with 1 INR 1000.0 has been created.", "timeOfCreate": "2015-11-27T08:56:10.777Z", "seen": 0.0, "link": "orderDetail?orderId=97", "title": "Order Recieved"}, "model": "veggex.notification", "pk": 83}, {"fields": {"body": "Your order with 1of INR 500.0 has been created.", "timeOfCreate": "2015-11-27T09:02:14.122Z", "seen": 0.0, "link": "orderDetail?orderId=98", "title": "Order Recieved"}, "model": "veggex.notification", "pk": 84}, {"fields": {"body": "Your order with 1of INR 700.0 has been created.", "timeOfCreate": "2015-11-27T09:03:00.572Z", "seen": 0.0, "link": "orderDetail?orderId=99", "title": "Order Recieved"}, "model": "veggex.notification", "pk": 85}, {"fields": {"body": "Your order with 3 of INR 6666.0 has been created.", "timeOfCreate": "2015-11-27T09:05:37.042Z", "seen": 0.0, "link": "orderDetail?orderId=100", "title": "Order Recieved"}, "model": "veggex.notification", "pk": 86}, {"fields": {"body": "Your order with 3 of INR 6666.0 has been created.", "timeOfCreate": "2015-11-27T09:05:37.620Z", "seen": 0.0, "link": "orderDetail?orderId=101", "title": "Order Recieved"}, "model": "veggex.notification", "pk": 87}, {"fields": {"body": "Your order with 2 of INR 5656.0 has been created.", "timeOfCreate": "2015-11-27T09:06:04.375Z", "seen": 0.0, "link": "orderDetail?orderId=102", "title": "Order Recieved"}, "model": "veggex.notification", "pk": 88}, {"fields": {"body": "Your order with 2 of INR 1234.0 has been created.", "timeOfCreate": "2015-11-27T09:06:25.383Z", "seen": 0.0, "link": "orderDetail?orderId=103", "title": "Order Recieved"}, "model": "veggex.notification", "pk": 89}, {"fields": {"body": "Your order with 2 of INR 1234.0 has been created.", "timeOfCreate": "2015-11-27T09:06:26.471Z", "seen": 0.0, "link": "orderDetail?orderId=104", "title": "Order Recieved"}, "model": "veggex.notification", "pk": 90}, {"fields": {"body": "Your order with 1 of INR 9786.0 has been created.", "timeOfCreate": "2015-11-27T09:07:53.200Z", "seen": 1.0, "link": "orderDetail?orderId=105", "title": "Order Recieved"}, "model": "veggex.notification", "pk": 91}, {"fields": {"body": "Your order with 1 of INR 9786.0 has been created.", "timeOfCreate": "2015-11-27T09:07:53.212Z", "seen": 0.0, "link": "orderDetail?orderId=106", "title": "Order Recieved"}, "model": "veggex.notification", "pk": 92}, {"fields": {"body": "Your order with Fruits & Vegetables Seller of INR 2880.0 has been created.", "timeOfCreate": "2015-11-27T09:36:14.004Z", "seen": 0.0, "link": "orderDetail?orderId=107", "title": "Order Recieved"}, "model": "veggex.notification", "pk": 93}, {"fields": {"city": "IIT Delhi, Hauz Khas", "state": "New Delhi", "pincode": 110016, "area": "Zanskar Hostel"}, "model": "veggex.address", "pk": 1}, {"fields": {"city": "IIT Delhi, Hauz Khas", "state": "New Delhi", "pincode": 110016, "area": "Shivalik Hostel"}, "model": "veggex.address", "pk": 2}, {"fields": {"city": "IIT Delhi, Hauz Khas", "state": "New Delhi", "pincode": 110016, "area": "Karakoram Hostel"}, "model": "veggex.address", "pk": 3}, {"fields": {"city": "", "state": "", "pincode": null, "area": ""}, "model": "veggex.address", "pk": 71}, {"fields": {"city": "", "state": "", "pincode": null, "area": ""}, "model": "veggex.address", "pk": 72}, {"fields": {"city": "", "state": "", "pincode": null, "area": ""}, "model": "veggex.address", "pk": 73}, {"fields": {"description": "Vegetables", "name": "Vegetables", "coverphoto": ""}, "model": "veggex.category", "pk": 1}, {"fields": {"description": "Fruits", "name": "Fruits", "coverphoto": ""}, "model": "veggex.category", "pk": 2}, {"fields": {"description": "Dairy Products", "name": "Dairy Products", "coverphoto": ""}, "model": "veggex.category", "pk": 3}, {"fields": {"description": "Grocery", "name": "Grocery", "coverphoto": ""}, "model": "veggex.category", "pk": 4}, {"fields": {"description": "Spices", "name": "Spices", "coverphoto": ""}, "model": "veggex.category", "pk": 5}, {"fields": {"description": "Sauces", "name": "Sauces", "coverphoto": ""}, "model": "veggex.category", "pk": 6}, {"fields": {"description": "Pulses", "name": "Pulses", "coverphoto": ""}, "model": "veggex.category", "pk": 7}, {"fields": {"description": "Salt & Sugar", "name": "Salt & Sugar", "coverphoto": ""}, "model": "veggex.category", "pk": 8}, {"fields": {"description": "Rice & Rice Products", "name": "Rice & Rice Products", "coverphoto": ""}, "model": "veggex.category", "pk": 9}, {"fields": {"status": 1.0, "rating": 0.0, "typeOfSeller": "offline", "notifications": [], "mobileNo": 9999999999, "profilePhoto": "./No_image_available.png", "nameOfSeller": "Directory", "directory": true, "address": 1, "mailId": "no mail id", "password": "pbkdf2_sha256$20000$xcPbF0CMVCyw$eZECZo2qDkuIVr8+UxTiIosfDPdHx6mMQNhUbp3AAjM=", "categories": "all"}, "model": "veggex.seller", "pk": 1}, {"fields": {"status": 1.0, "rating": 0.0, "typeOfSeller": "offline", "notifications": [], "mobileNo": 9999999999, "profilePhoto": "./No_image_available.png", "nameOfSeller": "Demo vendor_1", "directory": false, "address": 1, "mailId": "demo@mive.in", "password": "pbkdf2_sha256$20000$xcPbF0CMVCyw$eZECZo2qDkuIVr8+UxTiIosfDPdHx6mMQNhUbp3AAjM=", "categories": "all"}, "model": "veggex.seller", "pk": 2}, {"fields": {"status": 1.0, "rating": 0.0, "typeOfSeller": "offline", "notifications": [], "mobileNo": 8888888888, "profilePhoto": "./No_image_available.png", "nameOfSeller": "Demo vendor_2", "directory": false, "address": 2, "mailId": "demo@mive.in", "password": "pbkdf2_sha256$20000$xcPbF0CMVCyw$eZECZo2qDkuIVr8+UxTiIosfDPdHx6mMQNhUbp3AAjM=", "categories": "all"}, "model": "veggex.seller", "pk": 3}, {"fields": {"status": 1.0, "rating": 0.0, "typeOfSeller": "offline", "notifications": [], "mobileNo": 9898989898, "profilePhoto": "./No_image_available.png", "nameOfSeller": "Demo vendor_3", "directory": false, "address": 3, "mailId": "demo@mive.in", "password": "pbkdf2_sha256$20000$xcPbF0CMVCyw$eZECZo2qDkuIVr8+UxTiIosfDPdHx6mMQNhUbp3AAjM=", "categories": "all"}, "model": "veggex.seller", "pk": 5}, {"fields": {"status": 1.0, "rating": 0.0, "typeOfSeller": "offline", "notifications": [], "mobileNo": 7777777777, "profilePhoto": "./No_image_available.png", "nameOfSeller": "Demo vendor_4", "directory": false, "address": 71, "mailId": "", "password": "pbkdf2_sha256$20000$xcPbF0CMVCyw$eZECZo2qDkuIVr8+UxTiIosfDPdHx6mMQNhUbp3AAjM=", "categories": "Fruits & Veggies"}, "model": "veggex.seller", "pk": 74}, {"fields": {"status": 1.0, "rating": 0.0, "typeOfSeller": "offline", "notifications": [], "mobileNo": 7878787878, "profilePhoto": "./No_image_available.png", "nameOfSeller": "Demo vendor_5", "directory": false, "address": 72, "mailId": "", "password": "pbkdf2_sha256$20000$xcPbF0CMVCyw$eZECZo2qDkuIVr8+UxTiIosfDPdHx6mMQNhUbp3AAjM=", "categories": "Dairy Products"}, "model": "veggex.seller", "pk": 75}, {"fields": {"status": 1.0, "rating": 0.0, "typeOfSeller": "offline", "notifications": [], "mobileNo": 8787878787, "profilePhoto": "./No_image_available.png", "nameOfSeller": "Demo vendor_6", "directory": false, "address": 73, "mailId": "", "password": "pbkdf2_sha256$20000$xcPbF0CMVCyw$eZECZo2qDkuIVr8+UxTiIosfDPdHx6mMQNhUbp3AAjM=", "categories": "Grocery"}, "model": "veggex.seller", "pk": 76}, {"fields": {"category": 1, "origin": "", "qualityRemarks": "Custom Product", "name": "Tomato", "grade": null, "pricePerUnit": 0.0, "isPerishable": false, "related_products": [], "seller": 1, "status": 1.0, "unit": "Kg", "maxAvailableUnits": 100000.0, "popularityIndex": 1.0, "coverphoto": "./Tomato.jpg", "priceType": "custom rates", "description": "not available"}, "model": "veggex.product", "pk": 1}, {"fields": {"category": 2, "origin": "", "qualityRemarks": "Custom Product", "name": "Banana", "grade": null, "pricePerUnit": 0.0, "isPerishable": false, "related_products": [], "seller": 1, "status": 1.0, "unit": "Kg", "maxAvailableUnits": 100000.0, "popularityIndex": 1.0, "coverphoto": "./banana_lnrAn9n.jpg", "priceType": "custom rates", "description": "not available"}, "model": "veggex.product", "pk": 4}, {"fields": {"category": 1, "origin": "", "qualityRemarks": "Custom Product", "name": "Beans", "grade": null, "pricePerUnit": 0.0, "isPerishable": false, "related_products": [], "seller": 1, "status": 1.0, "unit": "Kg", "maxAvailableUnits": 100000.0, "popularityIndex": 1.0, "coverphoto": "./beans_0r4PjN1.jpg", "priceType": "custom rates", "description": "not available"}, "model": "veggex.product", "pk": 5}, {"fields": {"category": 1, "origin": "", "qualityRemarks": "Custom Product", "name": "Bottle Goard", "grade": null, "pricePerUnit": 0.0, "isPerishable": false, "related_products": [], "seller": 1, "status": 1.0, "unit": "Kg", "maxAvailableUnits": 100000.0, "popularityIndex": 1.0, "coverphoto": "./Bottle_Goard_bcoylzT.jpg", "priceType": "custom rates", "description": "not available"}, "model": "veggex.product", "pk": 6}, {"fields": {"category": 1, "origin": "", "qualityRemarks": "Custom Product", "name": "Capsicum Green", "grade": null, "pricePerUnit": 0.0, "isPerishable": false, "related_products": [], "seller": 1, "status": 1.0, "unit": "Kg", "maxAvailableUnits": 100000.0, "popularityIndex": 1.0, "coverphoto": "./capsicum_uO2Cgav.jpg", "priceType": "custom rates", "description": "not available"}, "model": "veggex.product", "pk": 8}, {"fields": {"category": 1, "origin": "", "qualityRemarks": "Custom Product", "name": "Capsicum Red", "grade": null, "pricePerUnit": 0.0, "isPerishable": false, "related_products": [], "seller": 1, "status": 1.0, "unit": "Kg", "maxAvailableUnits": 100000.0, "popularityIndex": 1.0, "coverphoto": "./capsicum_red_dC99Htc.jpg", "priceType": "custom rates", "description": "not available"}, "model": "veggex.product", "pk": 9}, {"fields": {"category": 1, "origin": "", "qualityRemarks": "Custom Product", "name": "Capsicum Yellow", "grade": null, "pricePerUnit": 0.0, "isPerishable": false, "related_products": [], "seller": 1, "status": 1.0, "unit": "Kg", "maxAvailableUnits": 100000.0, "popularityIndex": 1.0, "coverphoto": "./capsicum-yellow.jpg", "priceType": "custom rates", "description": "not available"}, "model": "veggex.product", "pk": 10}, {"fields": {"category": 1, "origin": "", "qualityRemarks": "Custom Product", "name": "Cauliflower", "grade": null, "pricePerUnit": 0.0, "isPerishable": false, "related_products": [], "seller": 1, "status": 1.0, "unit": "Kg", "maxAvailableUnits": 100000.0, "popularityIndex": 1.0, "coverphoto": "./cauliflower_lX51r0m.jpg", "priceType": "custom rates", "description": "not available"}, "model": "veggex.product", "pk": 11}, {"fields": {"category": 1, "origin": "", "qualityRemarks": "Custom Product", "name": "Coriander Green", "grade": null, "pricePerUnit": 0.0, "isPerishable": false, "related_products": [], "seller": 1, "status": 1.0, "unit": "Kg", "maxAvailableUnits": 100000.0, "popularityIndex": 1.0, "coverphoto": "./coriander_green_UIsJvBw.jpg", "priceType": "custom rates", "description": "not available"}, "model": "veggex.product", "pk": 12}, {"fields": {"category": 1, "origin": "", "qualityRemarks": "Custom Product", "name": "Cucumber", "grade": null, "pricePerUnit": 0.0, "isPerishable": false, "related_products": [], "seller": 1, "status": 1.0, "unit": "Kg", "maxAvailableUnits": 100000.0, "popularityIndex": 1.0, "coverphoto": "./cucumber_3gbJ8W6.jpg", "priceType": "custom rates", "description": "not available"}, "model": "veggex.product", "pk": 13}, {"fields": {"category": 1, "origin": "", "qualityRemarks": "Custom Product", "name": "Ginger", "grade": null, "pricePerUnit": 0.0, "isPerishable": false, "related_products": [], "seller": 1, "status": 1.0, "unit": "Kg", "maxAvailableUnits": 100000.0, "popularityIndex": 1.0, "coverphoto": "./ginger_Nxo2tXn.jpg", "priceType": "custom rates", "description": "not available"}, "model": "veggex.product", "pk": 14}, {"fields": {"category": 1, "origin": "", "qualityRemarks": "Custom Product", "name": "Chilli Green", "grade": null, "pricePerUnit": 0.0, "isPerishable": false, "related_products": [], "seller": 1, "status": 1.0, "unit": "Kg", "maxAvailableUnits": 100000.0, "popularityIndex": 1.0, "coverphoto": "./green_chilli_IwIWKtv.jpg", "priceType": "custom rates", "description": "not available"}, "model": "veggex.product", "pk": 15}, {"fields": {"category": 1, "origin": "", "qualityRemarks": "Custom Product", "name": "Ladies Finger", "grade": null, "pricePerUnit": 0.0, "isPerishable": false, "related_products": [], "seller": 1, "status": 1.0, "unit": "Kg", "maxAvailableUnits": 100000.0, "popularityIndex": 1.0, "coverphoto": "./ladies_finger_2Ktr921.jpg", "priceType": "custom rates", "description": "not available"}, "model": "veggex.product", "pk": 16}, {"fields": {"category": 1, "origin": "", "qualityRemarks": "Custom Product", "name": "Lemon", "grade": null, "pricePerUnit": 0.0, "isPerishable": false, "related_products": [], "seller": 1, "status": 1.0, "unit": "Kg", "maxAvailableUnits": 100000.0, "popularityIndex": 1.0, "coverphoto": "./lemon_JA0zO2y.jpg", "priceType": "custom rates", "description": "not available"}, "model": "veggex.product", "pk": 17}, {"fields": {"category": 2, "origin": "", "qualityRemarks": "Custom Product", "name": "Mosambi", "grade": null, "pricePerUnit": 0.0, "isPerishable": false, "related_products": [], "seller": 1, "status": 1.0, "unit": "Kg", "maxAvailableUnits": 100000.0, "popularityIndex": 1.0, "coverphoto": "./mosambi_bkV5dck.jpg", "priceType": "custom rates", "description": "not available"}, "model": "veggex.product", "pk": 18}, {"fields": {"category": 1, "origin": "", "qualityRemarks": "Custom Product", "name": "Onion", "grade": null, "pricePerUnit": 0.0, "isPerishable": false, "related_products": [], "seller": 1, "status": 1.0, "unit": "Kg", "maxAvailableUnits": 100000.0, "popularityIndex": 1.0, "coverphoto": "./onion_4IXo4WA.jpg", "priceType": "custom rates", "description": "not available"}, "model": "veggex.product", "pk": 19}, {"fields": {"category": 1, "origin": "", "qualityRemarks": "Custom Product", "name": "Palak", "grade": null, "pricePerUnit": 0.0, "isPerishable": false, "related_products": [], "seller": 1, "status": 1.0, "unit": "Kg", "maxAvailableUnits": 100000.0, "popularityIndex": 1.0, "coverphoto": "./palak_3kc4Tq0.jpg", "priceType": "custom rates", "description": "not available"}, "model": "veggex.product", "pk": 20}, {"fields": {"category": 1, "origin": "", "qualityRemarks": "Custom Product", "name": "Garlic", "grade": null, "pricePerUnit": 0.0, "isPerishable": false, "related_products": [], "seller": 1, "status": 1.0, "unit": "Kg", "maxAvailableUnits": 100000.0, "popularityIndex": 1.0, "coverphoto": "./garlic_A5zrCK8.jpg", "priceType": "custom rates", "description": "not available"}, "model": "veggex.product", "pk": 23}, {"fields": {"category": 1, "origin": "", "qualityRemarks": "Custom Product", "name": "Brinjal", "grade": null, "pricePerUnit": 0.0, "isPerishable": false, "related_products": [], "seller": 1, "status": 1.0, "unit": "Kg", "maxAvailableUnits": 100000.0, "popularityIndex": 1.0, "coverphoto": "./Brinjal_zgtIGRx.jpg", "priceType": "custom rates", "description": "not available"}, "model": "veggex.product", "pk": 24}, {"fields": {"category": 1, "origin": "", "qualityRemarks": "Custom Product", "name": "Bitter Gourd", "grade": null, "pricePerUnit": 0.0, "isPerishable": false, "related_products": [], "seller": 1, "status": 1.0, "unit": "Kg", "maxAvailableUnits": 100000.0, "popularityIndex": 1.0, "coverphoto": "./bitter-gourd_PT1cvBz.jpg", "priceType": "custom rates", "description": "not available"}, "model": "veggex.product", "pk": 25}, {"fields": {"category": 1, "origin": "", "qualityRemarks": "Custom Product", "name": "Parval", "grade": null, "pricePerUnit": 0.0, "isPerishable": false, "related_products": [], "seller": 1, "status": 1.0, "unit": "Kg", "maxAvailableUnits": 100000.0, "popularityIndex": 1.0, "coverphoto": "./parval_nBgtzvU.jpg", "priceType": "custom rates", "description": "not available"}, "model": "veggex.product", "pk": 26}, {"fields": {"category": 1, "origin": "", "qualityRemarks": "Custom Product", "name": "Beetroot", "grade": null, "pricePerUnit": 0.0, "isPerishable": false, "related_products": [], "seller": 1, "status": 1.0, "unit": "Kg", "maxAvailableUnits": 100000.0, "popularityIndex": 1.0, "coverphoto": "./Beetroot_oQW07k3.jpg", "priceType": "custom rates", "description": "not available"}, "model": "veggex.product", "pk": 27}, {"fields": {"category": 1, "origin": "", "qualityRemarks": "Custom Product", "name": "Cabbage", "grade": null, "pricePerUnit": 0.0, "isPerishable": false, "related_products": [], "seller": 1, "status": 1.0, "unit": "Kg", "maxAvailableUnits": 100000.0, "popularityIndex": 1.0, "coverphoto": "./cabbage_PHl0I9C.jpg", "priceType": "custom rates", "description": "not available"}, "model": "veggex.product", "pk": 28}, {"fields": {"category": 1, "origin": "", "qualityRemarks": "Custom Product", "name": "Chinese Cabbage", "grade": null, "pricePerUnit": 0.0, "isPerishable": false, "related_products": [], "seller": 1, "status": 1.0, "unit": "Kg", "maxAvailableUnits": 100000.0, "popularityIndex": 1.0, "coverphoto": "./chinese-cabbage_b15EqsK.jpg", "priceType": "custom rates", "description": "not available"}, "model": "veggex.product", "pk": 29}, {"fields": {"category": 1, "origin": "", "qualityRemarks": "Custom Product", "name": "Cabbage Red", "grade": null, "pricePerUnit": 0.0, "isPerishable": false, "related_products": [], "seller": 1, "status": 1.0, "unit": "Kg", "maxAvailableUnits": 100000.0, "popularityIndex": 1.0, "coverphoto": "./cabbage-red_1fIuIs1.jpg", "priceType": "custom rates", "description": "not available"}, "model": "veggex.product", "pk": 30}, {"fields": {"category": 1, "origin": "", "qualityRemarks": "Custom Product", "name": "Green Peas", "grade": null, "pricePerUnit": 0.0, "isPerishable": false, "related_products": [], "seller": 1, "status": 1.0, "unit": "Kg", "maxAvailableUnits": 100000.0, "popularityIndex": 1.0, "coverphoto": "./green-peas.jpg", "priceType": "custom rates", "description": "not available"}, "model": "veggex.product", "pk": 31}, {"fields": {"category": 1, "origin": "", "qualityRemarks": "Custom Product", "name": "Colocasia", "grade": null, "pricePerUnit": 0.0, "isPerishable": false, "related_products": [], "seller": 1, "status": 1.0, "unit": "Kg", "maxAvailableUnits": 100000.0, "popularityIndex": 1.0, "coverphoto": "./Colocasia.jpg", "priceType": "custom rates", "description": "not available"}, "model": "veggex.product", "pk": 32}, {"fields": {"category": 1, "origin": "", "qualityRemarks": "Custom Product", "name": "Methi Leaves", "grade": null, "pricePerUnit": 0.0, "isPerishable": false, "related_products": [], "seller": 1, "status": 1.0, "unit": "Kg", "maxAvailableUnits": 100000.0, "popularityIndex": 1.0, "coverphoto": "./methi_leaves_VhwB3T4.jpg", "priceType": "custom rates", "description": "not available"}, "model": "veggex.product", "pk": 33}, {"fields": {"category": 1, "origin": "", "qualityRemarks": "Custom Product", "name": "English Cucumber", "grade": null, "pricePerUnit": 0.0, "isPerishable": false, "related_products": [], "seller": 1, "status": 1.0, "unit": "Kg", "maxAvailableUnits": 100000.0, "popularityIndex": 1.0, "coverphoto": "./english-cucumber_bGN6osH.jpg", "priceType": "custom rates", "description": "not available"}, "model": "veggex.product", "pk": 34}, {"fields": {"category": 1, "origin": "", "qualityRemarks": "Custom Product", "name": "Broccoli", "grade": null, "pricePerUnit": 0.0, "isPerishable": false, "related_products": [], "seller": 1, "status": 1.0, "unit": "Kg", "maxAvailableUnits": 100000.0, "popularityIndex": 1.0, "coverphoto": "./Broccoli.jpg", "priceType": "custom rates", "description": "not available"}, "model": "veggex.product", "pk": 35}, {"fields": {"category": 1, "origin": "", "qualityRemarks": "Custom Product", "name": "Pumpkin", "grade": null, "pricePerUnit": 0.0, "isPerishable": false, "related_products": [], "seller": 1, "status": 1.0, "unit": "Kg", "maxAvailableUnits": 100000.0, "popularityIndex": 1.0, "coverphoto": "./Pumkin_Red_b1bAupR.jpg", "priceType": "custom rates", "description": "not available"}, "model": "veggex.product", "pk": 36}, {"fields": {"category": 1, "origin": "", "qualityRemarks": "Custom Product", "name": "Baby Potato", "grade": null, "pricePerUnit": 0.0, "isPerishable": false, "related_products": [], "seller": 1, "status": 1.0, "unit": "Kg", "maxAvailableUnits": 100000.0, "popularityIndex": 1.0, "coverphoto": "./baby_potato_kpQLaXY.jpg", "priceType": "custom rates", "description": "not available"}, "model": "veggex.product", "pk": 37}, {"fields": {"category": 1, "origin": "", "qualityRemarks": "Custom Product", "name": "Sweet Corn", "grade": null, "pricePerUnit": 0.0, "isPerishable": false, "related_products": [], "seller": 1, "status": 1.0, "unit": "Kg", "maxAvailableUnits": 100000.0, "popularityIndex": 1.0, "coverphoto": "./sweet_corn_Y3tRMMM.jpg", "priceType": "custom rates", "description": "not available"}, "model": "veggex.product", "pk": 38}, {"fields": {"category": 1, "origin": "", "qualityRemarks": "Custom Product", "name": "Curry Leaves", "grade": null, "pricePerUnit": 0.0, "isPerishable": false, "related_products": [], "seller": 1, "status": 1.0, "unit": "Kg", "maxAvailableUnits": 100000.0, "popularityIndex": 1.0, "coverphoto": "./curry_leaves_JXXJMIN.jpg", "priceType": "custom rates", "description": "not available"}, "model": "veggex.product", "pk": 39}, {"fields": {"category": 1, "origin": "", "qualityRemarks": "Custom Product", "name": "Coccinia", "grade": null, "pricePerUnit": 0.0, "isPerishable": false, "related_products": [], "seller": 1, "status": 1.0, "unit": "Kg", "maxAvailableUnits": 100000.0, "popularityIndex": 1.0, "coverphoto": "./Coccinia_vGZBiiV.jpg", "priceType": "custom rates", "description": "not available"}, "model": "veggex.product", "pk": 40}, {"fields": {"category": 1, "origin": "", "qualityRemarks": "Custom Product", "name": "Raw Banana", "grade": null, "pricePerUnit": 0.0, "isPerishable": false, "related_products": [], "seller": 1, "status": 1.0, "unit": "Kg", "maxAvailableUnits": 100000.0, "popularityIndex": 1.0, "coverphoto": "./Raw_Banana_ipEUwhK.jpg", "priceType": "custom rates", "description": "not available"}, "model": "veggex.product", "pk": 41}, {"fields": {"category": 1, "origin": "", "qualityRemarks": "Custom Product", "name": "Pumpkin Red", "grade": null, "pricePerUnit": 0.0, "isPerishable": false, "related_products": [], "seller": 1, "status": 1.0, "unit": "Kg", "maxAvailableUnits": 100000.0, "popularityIndex": 1.0, "coverphoto": "./pumpkin_8nAFF08.jpg", "priceType": "custom rates", "description": "not available"}, "model": "veggex.product", "pk": 42}, {"fields": {"category": 1, "origin": "", "qualityRemarks": "Custom Product", "name": "Tomato", "grade": null, "pricePerUnit": 25.0, "isPerishable": false, "related_products": [], "seller": 2, "status": 1.0, "unit": "Kg", "maxAvailableUnits": 100000.0, "popularityIndex": 1.0, "coverphoto": "./10000201_12-fresho-tomato-hybrid.jpg", "priceType": "custom rates", "description": "not available"}, "model": "veggex.product", "pk": 43}, {"fields": {"category": 1, "origin": "", "qualityRemarks": "Custom Product", "name": "Potato", "grade": null, "pricePerUnit": 50.0, "isPerishable": false, "related_products": [], "seller": 2, "status": 1.0, "unit": "Kg", "maxAvailableUnits": 100000.0, "popularityIndex": 1.0, "coverphoto": "./potato_FIkY7PM.jpg", "priceType": "custom rates", "description": "not available"}, "model": "veggex.product", "pk": 44}, {"fields": {"category": 2, "origin": "", "qualityRemarks": "Custom Product", "name": "Apple", "grade": null, "pricePerUnit": 11.0, "isPerishable": false, "related_products": [], "seller": 2, "status": 1.0, "unit": "Kg", "maxAvailableUnits": 100000.0, "popularityIndex": 1.0, "coverphoto": "./No_image_available.png", "priceType": "custom rates", "description": "not available"}, "model": "veggex.product", "pk": 45}, {"fields": {"category": 1, "origin": "", "qualityRemarks": "Custom Product", "name": "Beans", "grade": null, "pricePerUnit": 0.0, "isPerishable": false, "related_products": [], "seller": 2, "status": 1.0, "unit": "Kg", "maxAvailableUnits": 100000.0, "popularityIndex": 1.0, "coverphoto": "./beans.jpg", "priceType": "custom rates", "description": "not available"}, "model": "veggex.product", "pk": 47}, {"fields": {"category": 1, "origin": "", "qualityRemarks": "Custom Product", "name": "Bottle Goard", "grade": null, "pricePerUnit": 121.0, "isPerishable": false, "related_products": [], "seller": 2, "status": 1.0, "unit": "Kg", "maxAvailableUnits": 100000.0, "popularityIndex": 1.0, "coverphoto": "./Bottle_Goard.jpg", "priceType": "custom rates", "description": "not available"}, "model": "veggex.product", "pk": 48}, {"fields": {"category": 1, "origin": "", "qualityRemarks": "Custom Product", "name": "Capsicum Green", "grade": null, "pricePerUnit": 5.0, "isPerishable": false, "related_products": [], "seller": 2, "status": 1.0, "unit": "Kg", "maxAvailableUnits": 100000.0, "popularityIndex": 1.0, "coverphoto": "./capsicum.jpg", "priceType": "custom rates", "description": "not available"}, "model": "veggex.product", "pk": 49}, {"fields": {"category": 1, "origin": "", "qualityRemarks": "Custom Product", "name": "Capsicum Red", "grade": null, "pricePerUnit": 0.0, "isPerishable": false, "related_products": [], "seller": 2, "status": 1.0, "unit": "Kg", "maxAvailableUnits": 100000.0, "popularityIndex": 1.0, "coverphoto": "./capsicum_red.jpg", "priceType": "custom rates", "description": "not available"}, "model": "veggex.product", "pk": 50}, {"fields": {"category": 1, "origin": "", "qualityRemarks": "Custom Product", "name": "Capsicum Yellow", "grade": null, "pricePerUnit": 0.0, "isPerishable": false, "related_products": [], "seller": 2, "status": 1.0, "unit": "kg", "maxAvailableUnits": 100000.0, "popularityIndex": 1.0, "coverphoto": "./capsicum_red_Y5RTTgF.jpg", "priceType": "custom rates", "description": "not available"}, "model": "veggex.product", "pk": 51}, {"fields": {"category": 1, "origin": "", "qualityRemarks": "Custom Product", "name": "Pumpkin Red", "grade": null, "pricePerUnit": 0.0, "isPerishable": false, "related_products": [], "seller": 3, "status": 1.0, "unit": "Kg", "maxAvailableUnits": 100000.0, "popularityIndex": 1.0, "coverphoto": "./Pumkin_Red.jpg", "priceType": "custom rates", "description": "not available"}, "model": "veggex.product", "pk": 52}, {"fields": {"category": 1, "origin": "", "qualityRemarks": "Custom Product", "name": "Raw Banana", "grade": null, "pricePerUnit": 0.0, "isPerishable": false, "related_products": [], "seller": 3, "status": 1.0, "unit": "Kg", "maxAvailableUnits": 100000.0, "popularityIndex": 1.0, "coverphoto": "./Raw_Banana.jpg", "priceType": "custom rates", "description": "not available"}, "model": "veggex.product", "pk": 53}, {"fields": {"category": 1, "origin": "", "qualityRemarks": "Custom Product", "name": "Sweet Corn", "grade": null, "pricePerUnit": 0.0, "isPerishable": false, "related_products": [], "seller": 3, "status": 1.0, "unit": "Kg", "maxAvailableUnits": 100000.0, "popularityIndex": 1.0, "coverphoto": "./sweet_corn.jpg", "priceType": "custom rates", "description": "not available"}, "model": "veggex.product", "pk": 54}, {"fields": {"category": 1, "origin": "", "qualityRemarks": "Custom Product", "name": "Curry Leaves", "grade": null, "pricePerUnit": 0.0, "isPerishable": false, "related_products": [], "seller": 3, "status": 1.0, "unit": "Kg", "maxAvailableUnits": 100000.0, "popularityIndex": 1.0, "coverphoto": "./curry_leaves.jpg", "priceType": "custom rates", "description": "not available"}, "model": "veggex.product", "pk": 55}, {"fields": {"category": 1, "origin": "", "qualityRemarks": "Custom Product", "name": "Coccinia", "grade": null, "pricePerUnit": 0.0, "isPerishable": false, "related_products": [], "seller": 3, "status": 1.0, "unit": "Kg", "maxAvailableUnits": 100000.0, "popularityIndex": 1.0, "coverphoto": "./Coccinia.jpg", "priceType": "custom rates", "description": "not available"}, "model": "veggex.product", "pk": 56}, {"fields": {"category": 1, "origin": "", "qualityRemarks": "Custom Product", "name": "Baby Potato", "grade": null, "pricePerUnit": 0.0, "isPerishable": false, "related_products": [], "seller": 3, "status": 1.0, "unit": "Kg", "maxAvailableUnits": 100000.0, "popularityIndex": 1.0, "coverphoto": "./baby_potato.jpg", "priceType": "custom rates", "description": "not available"}, "model": "veggex.product", "pk": 57}, {"fields": {"category": 1, "origin": "", "qualityRemarks": "Custom Product", "name": "Pumpkin", "grade": null, "pricePerUnit": 0.0, "isPerishable": false, "related_products": [], "seller": 3, "status": 1.0, "unit": "Kg", "maxAvailableUnits": 100000.0, "popularityIndex": 1.0, "coverphoto": "./pumpkin.jpg", "priceType": "custom rates", "description": "not available"}, "model": "veggex.product", "pk": 58}, {"fields": {"category": 1, "origin": "", "qualityRemarks": "Custom Product", "name": "Broccoli", "grade": null, "pricePerUnit": 0.0, "isPerishable": false, "related_products": [], "seller": 3, "status": 1.0, "unit": "Kg", "maxAvailableUnits": 100000.0, "popularityIndex": 1.0, "coverphoto": "./10000062_18-fresho-broccoli.jpg", "priceType": "custom rates", "description": "not available"}, "model": "veggex.product", "pk": 59}, {"fields": {"category": 1, "origin": "", "qualityRemarks": "Custom Product", "name": "Colocasia", "grade": null, "pricePerUnit": 0.0, "isPerishable": false, "related_products": [], "seller": 3, "status": 1.0, "unit": "Kg", "maxAvailableUnits": 100000.0, "popularityIndex": 1.0, "coverphoto": "./10000095_15-fresho-colocasia-grade-a.jpg", "priceType": "custom rates", "description": "not available"}, "model": "veggex.product", "pk": 60}, {"fields": {"category": 3, "origin": "", "qualityRemarks": "Custom Product", "name": "Amul Butter - 100 gm", "grade": null, "pricePerUnit": 0.0, "isPerishable": false, "related_products": [], "seller": 1, "status": 1.0, "unit": "Unit", "maxAvailableUnits": 100000.0, "popularityIndex": 1.0, "coverphoto": "./Amul_butter.jpg", "priceType": "custom rates", "description": "not available"}, "model": "veggex.product", "pk": 61}, {"fields": {"category": 3, "origin": "", "qualityRemarks": "Custom Product", "name": "Eggs Brown", "grade": null, "pricePerUnit": 0.0, "isPerishable": false, "related_products": [], "seller": 1, "status": 1.0, "unit": "Unit", "maxAvailableUnits": 100000.0, "popularityIndex": 1.0, "coverphoto": "./Eggs_brown_nA0g86B.jpg", "priceType": "custom rates", "description": "not available"}, "model": "veggex.product", "pk": 62}, {"fields": {"category": 3, "origin": "", "qualityRemarks": "Custom Product", "name": "Eggs White", "grade": null, "pricePerUnit": 0.0, "isPerishable": false, "related_products": [], "seller": 1, "status": 1.0, "unit": "Unit", "maxAvailableUnits": 100000.0, "popularityIndex": 1.0, "coverphoto": "./Eggs_white_sLJzasN.jpg", "priceType": "custom rates", "description": "not available"}, "model": "veggex.product", "pk": 63}, {"fields": {"category": 7, "origin": "", "qualityRemarks": "Custom Product", "name": "Masoor Dal Sabut", "grade": null, "pricePerUnit": 0.0, "isPerishable": false, "related_products": [], "seller": 1, "status": 1.0, "unit": "Kg", "maxAvailableUnits": 100000.0, "popularityIndex": 1.0, "coverphoto": "./Masoor-Dal_EmfvU8p.jpg", "priceType": "custom rates", "description": "not available"}, "model": "veggex.product", "pk": 66}, {"fields": {"category": 7, "origin": "", "qualityRemarks": "Custom Product", "name": "Moong Dal", "grade": null, "pricePerUnit": 0.0, "isPerishable": false, "related_products": [], "seller": 1, "status": 1.0, "unit": "Kg", "maxAvailableUnits": 100000.0, "popularityIndex": 1.0, "coverphoto": "./Moong-dal_zqCzryf.jpg", "priceType": "custom rates", "description": "not available"}, "model": "veggex.product", "pk": 68}, {"fields": {"category": 7, "origin": "", "qualityRemarks": "Custom Product", "name": "Rajma", "grade": null, "pricePerUnit": 0.0, "isPerishable": false, "related_products": [], "seller": 1, "status": 1.0, "unit": "Kg", "maxAvailableUnits": 100000.0, "popularityIndex": 1.0, "coverphoto": "./Rajma_2Qx0wl7.jpg", "priceType": "custom rates", "description": "not available"}, "model": "veggex.product", "pk": 69}, {"fields": {"category": 7, "origin": "", "qualityRemarks": "Custom Product", "name": "Chana Dal", "grade": null, "pricePerUnit": 0.0, "isPerishable": false, "related_products": [], "seller": 1, "status": 1.0, "unit": "Kg", "maxAvailableUnits": 100000.0, "popularityIndex": 1.0, "coverphoto": "./chana-dal_2ZwlJjS.jpg", "priceType": "custom rates", "description": "not available"}, "model": "veggex.product", "pk": 70}, {"fields": {"category": 7, "origin": "", "qualityRemarks": "Custom Product", "name": "Channa White", "grade": null, "pricePerUnit": 0.0, "isPerishable": false, "related_products": [], "seller": 1, "status": 1.0, "unit": "Kg", "maxAvailableUnits": 100000.0, "popularityIndex": 1.0, "coverphoto": "./Channa_White_Hja9Zdo.jpg", "priceType": "custom rates", "description": "not available"}, "model": "veggex.product", "pk": 71}, {"fields": {"category": 7, "origin": "", "qualityRemarks": "Custom Product", "name": "Urad Black Sabut", "grade": null, "pricePerUnit": 0.0, "isPerishable": false, "related_products": [], "seller": 1, "status": 1.0, "unit": "Kg", "maxAvailableUnits": 100000.0, "popularityIndex": 1.0, "coverphoto": "./Urad_Dal_Black_Whole_KqnyFEB.jpg", "priceType": "custom rates", "description": "not available"}, "model": "veggex.product", "pk": 72}, {"fields": {"category": 7, "origin": "", "qualityRemarks": "Custom Product", "name": "Arhar Dal", "grade": null, "pricePerUnit": 0.0, "isPerishable": false, "related_products": [], "seller": 1, "status": 1.0, "unit": "Kg", "maxAvailableUnits": 100000.0, "popularityIndex": 1.0, "coverphoto": "./Arhar_Dal_ZWdEOiD.jpg", "priceType": "custom rates", "description": "not available"}, "model": "veggex.product", "pk": 73}, {"fields": {"category": 7, "origin": "", "qualityRemarks": "Custom Product", "name": "Green Moong Chilka", "grade": null, "pricePerUnit": 0.0, "isPerishable": false, "related_products": [], "seller": 1, "status": 1.0, "unit": "Kg", "maxAvailableUnits": 100000.0, "popularityIndex": 1.0, "coverphoto": "./green-moong-dal_koxuqBl.jpg", "priceType": "custom rates", "description": "not available"}, "model": "veggex.product", "pk": 74}, {"fields": {"category": 7, "origin": "", "qualityRemarks": "Custom Product", "name": "Masoor Black Sabut", "grade": null, "pricePerUnit": 0.0, "isPerishable": false, "related_products": [], "seller": 1, "status": 1.0, "unit": "Kg", "maxAvailableUnits": 100000.0, "popularityIndex": 1.0, "coverphoto": "./Masoor_Dal_Sabut_vuOMbAY.JPG", "priceType": "custom rates", "description": "not available"}, "model": "veggex.product", "pk": 75}, {"fields": {"category": 7, "origin": "", "qualityRemarks": "Custom Product", "name": "Channa Brown", "grade": null, "pricePerUnit": 0.0, "isPerishable": false, "related_products": [], "seller": 1, "status": 1.0, "unit": "Kg", "maxAvailableUnits": 100000.0, "popularityIndex": 1.0, "coverphoto": "./Channa_Brown_1EzXJyh.jpg", "priceType": "custom rates", "description": "not available"}, "model": "veggex.product", "pk": 76}, {"fields": {"category": 7, "origin": "", "qualityRemarks": "Custom Product", "name": "Raw Peanuts", "grade": null, "pricePerUnit": 0.0, "isPerishable": false, "related_products": [], "seller": 1, "status": 1.0, "unit": "Kg", "maxAvailableUnits": 100000.0, "popularityIndex": 1.0, "coverphoto": "./Raw_Peanuts_d4egie6.jpg", "priceType": "custom rates", "description": "not available"}, "model": "veggex.product", "pk": 77}, {"fields": {"category": 7, "origin": "", "qualityRemarks": "Custom Product", "name": "Green Moong Sabut", "grade": null, "pricePerUnit": 0.0, "isPerishable": false, "related_products": [], "seller": 1, "status": 1.0, "unit": "Kg", "maxAvailableUnits": 100000.0, "popularityIndex": 1.0, "coverphoto": "./Green_Moong_Sabut_HdbhzPc.jpg", "priceType": "custom rates", "description": "not available"}, "model": "veggex.product", "pk": 78}, {"fields": {"category": 7, "origin": "", "qualityRemarks": "Custom Product", "name": "Urad Dal Chilka", "grade": null, "pricePerUnit": 0.0, "isPerishable": false, "related_products": [], "seller": 1, "status": 1.0, "unit": "Kg", "maxAvailableUnits": 100000.0, "popularityIndex": 1.0, "coverphoto": "./Urad_Dal_Chilka_j2Mtret.jpg", "priceType": "custom rates", "description": "not available"}, "model": "veggex.product", "pk": 79}, {"fields": {"category": 7, "origin": "", "qualityRemarks": "Custom Product", "name": "Moong Dal Unpolished", "grade": null, "pricePerUnit": 0.0, "isPerishable": false, "related_products": [], "seller": 1, "status": 1.0, "unit": "Kg", "maxAvailableUnits": 100000.0, "popularityIndex": 1.0, "coverphoto": "./Moong-dal_QPoPr89.jpg", "priceType": "custom rates", "description": "not available"}, "model": "veggex.product", "pk": 80}, {"fields": {"category": 7, "origin": "", "qualityRemarks": "Custom Product", "name": "Channa Dal Unpolished", "grade": null, "pricePerUnit": 0.0, "isPerishable": false, "related_products": [], "seller": 1, "status": 1.0, "unit": "Kg", "maxAvailableUnits": 100000.0, "popularityIndex": 1.0, "coverphoto": "./chana-dal_uOJmehJ.jpg", "priceType": "custom rates", "description": "not available"}, "model": "veggex.product", "pk": 81}, {"fields": {"category": 7, "origin": "", "qualityRemarks": "Custom Product", "name": "Soya Bean", "grade": null, "pricePerUnit": 0.0, "isPerishable": false, "related_products": [], "seller": 1, "status": 1.0, "unit": "Kg", "maxAvailableUnits": 100000.0, "popularityIndex": 1.0, "coverphoto": "./soya-bean_H0nmTso.jpg", "priceType": "custom rates", "description": "not available"}, "model": "veggex.product", "pk": 83}, {"fields": {"category": 7, "origin": "", "qualityRemarks": "Custom Product", "name": "Soya Chunks", "grade": null, "pricePerUnit": 0.0, "isPerishable": false, "related_products": [], "seller": 5, "status": 1.0, "unit": "Kg", "maxAvailableUnits": 100000.0, "popularityIndex": 1.0, "coverphoto": "./soya_chunks.jpg", "priceType": "custom rates", "description": "not available"}, "model": "veggex.product", "pk": 85}, {"fields": {"category": 7, "origin": "", "qualityRemarks": "Custom Product", "name": "Green Peas", "grade": null, "pricePerUnit": 0.0, "isPerishable": false, "related_products": [], "seller": 1, "status": 1.0, "unit": "Kg", "maxAvailableUnits": 100000.0, "popularityIndex": 1.0, "coverphoto": "./Green-peas_PfIn9ko.jpg", "priceType": "custom rates", "description": "not available"}, "model": "veggex.product", "pk": 89}, {"fields": {"category": 7, "origin": "", "qualityRemarks": "Custom Product", "name": "Red Lobia", "grade": null, "pricePerUnit": 0.0, "isPerishable": false, "related_products": [], "seller": 1, "status": 1.0, "unit": "Kg", "maxAvailableUnits": 100000.0, "popularityIndex": 1.0, "coverphoto": "./Red_Lobia_fkJQOsv.jpg", "priceType": "custom rates", "description": "not available"}, "model": "veggex.product", "pk": 90}, {"fields": {"category": 7, "origin": "", "qualityRemarks": "Custom Product", "name": "Rajma Red", "grade": null, "pricePerUnit": 0.0, "isPerishable": false, "related_products": [], "seller": 1, "status": 1.0, "unit": "Kg", "maxAvailableUnits": 100000.0, "popularityIndex": 1.0, "coverphoto": "./Rajma_Red_w6i5n1J.jpg", "priceType": "custom rates", "description": "not available"}, "model": "veggex.product", "pk": 91}, {"fields": {"category": 7, "origin": "", "qualityRemarks": "Custom Product", "name": "Lobia White", "grade": null, "pricePerUnit": 0.0, "isPerishable": false, "related_products": [], "seller": 1, "status": 1.0, "unit": "Kg", "maxAvailableUnits": 100000.0, "popularityIndex": 1.0, "coverphoto": "./Lobia_White_KvtlpxJ.jpg", "priceType": "custom rates", "description": "not available"}, "model": "veggex.product", "pk": 92}, {"fields": {"category": 7, "origin": "", "qualityRemarks": "Custom Product", "name": "Moth Dal", "grade": null, "pricePerUnit": 0.0, "isPerishable": false, "related_products": [], "seller": 1, "status": 1.0, "unit": "Kg", "maxAvailableUnits": 100000.0, "popularityIndex": 1.0, "coverphoto": "./Moth_Dal_qReL70M.jpg", "priceType": "custom rates", "description": "not available"}, "model": "veggex.product", "pk": 93}, {"fields": {"category": 4, "origin": "", "qualityRemarks": "Custom Product", "name": "Makka Atta", "grade": null, "pricePerUnit": 0.0, "isPerishable": false, "related_products": [], "seller": 1, "status": 1.0, "unit": "Kg", "maxAvailableUnits": 100000.0, "popularityIndex": 1.0, "coverphoto": "./Makka-atta_888ZmYS.jpg", "priceType": "custom rates", "description": "not available"}, "model": "veggex.product", "pk": 96}, {"fields": {"category": 4, "origin": "", "qualityRemarks": "Custom Product", "name": "Bajra Atta", "grade": null, "pricePerUnit": 0.0, "isPerishable": false, "related_products": [], "seller": 1, "status": 1.0, "unit": "Kg", "maxAvailableUnits": 100000.0, "popularityIndex": 1.0, "coverphoto": "./Bajra-flour_uXow8Ht.jpg", "priceType": "custom rates", "description": "not available"}, "model": "veggex.product", "pk": 97}, {"fields": {"category": 4, "origin": "", "qualityRemarks": "Custom Product", "name": "Ragi Atta", "grade": null, "pricePerUnit": 0.0, "isPerishable": false, "related_products": [], "seller": 1, "status": 1.0, "unit": "Kg", "maxAvailableUnits": 100000.0, "popularityIndex": 1.0, "coverphoto": "./Ragi_Atta_73v1w22.jpg", "priceType": "custom rates", "description": "not available"}, "model": "veggex.product", "pk": 98}, {"fields": {"category": 4, "origin": "", "qualityRemarks": "Custom Product", "name": "Sattu Atta", "grade": null, "pricePerUnit": 0.0, "isPerishable": false, "related_products": [], "seller": 1, "status": 1.0, "unit": "Kg", "maxAvailableUnits": 100000.0, "popularityIndex": 1.0, "coverphoto": "./Sattu-atta_OgoN7U1.jpg", "priceType": "custom rates", "description": "not available"}, "model": "veggex.product", "pk": 99}, {"fields": {"category": 4, "origin": "", "qualityRemarks": "Custom Product", "name": "Soya Atta", "grade": null, "pricePerUnit": 0.0, "isPerishable": false, "related_products": [], "seller": 1, "status": 1.0, "unit": "Kg", "maxAvailableUnits": 100000.0, "popularityIndex": 1.0, "coverphoto": "./Soya-flour_VEX6nxg.jpg", "priceType": "custom rates", "description": "not available"}, "model": "veggex.product", "pk": 100}, {"fields": {"category": 4, "origin": "", "qualityRemarks": "Custom Product", "name": "Besan Atta", "grade": null, "pricePerUnit": 0.0, "isPerishable": false, "related_products": [], "seller": 1, "status": 1.0, "unit": "Kg", "maxAvailableUnits": 100000.0, "popularityIndex": 1.0, "coverphoto": "./besan_atta_KGhWrde.jpg", "priceType": "custom rates", "description": "not available"}, "model": "veggex.product", "pk": 101}, {"fields": {"category": 4, "origin": "", "qualityRemarks": "Custom Product", "name": "Dalia", "grade": null, "pricePerUnit": 0.0, "isPerishable": false, "related_products": [], "seller": 1, "status": 1.0, "unit": "Kg", "maxAvailableUnits": 100000.0, "popularityIndex": 1.0, "coverphoto": "./Dalia_AqF16X5.jpg", "priceType": "custom rates", "description": "not available"}, "model": "veggex.product", "pk": 102}, {"fields": {"category": 4, "origin": "", "qualityRemarks": "Custom Product", "name": "Maida", "grade": null, "pricePerUnit": 0.0, "isPerishable": false, "related_products": [], "seller": 1, "status": 1.0, "unit": "Kg", "maxAvailableUnits": 100000.0, "popularityIndex": 1.0, "coverphoto": "./maida_AnuwKKN.jpg", "priceType": "custom rates", "description": "not available"}, "model": "veggex.product", "pk": 103}, {"fields": {"category": 4, "origin": "", "qualityRemarks": "Custom Product", "name": "Sooji", "grade": null, "pricePerUnit": 0.0, "isPerishable": false, "related_products": [], "seller": 1, "status": 1.0, "unit": "Kg", "maxAvailableUnits": 100000.0, "popularityIndex": 1.0, "coverphoto": "./Sooji_wJ63u6A.jpg", "priceType": "custom rates", "description": "not available"}, "model": "veggex.product", "pk": 104}, {"fields": {"category": 4, "origin": "", "qualityRemarks": "Custom Product", "name": "Atta - Whole Wheat", "grade": null, "pricePerUnit": 0.0, "isPerishable": false, "related_products": [], "seller": 1, "status": 1.0, "unit": "Kg", "maxAvailableUnits": 100000.0, "popularityIndex": 1.0, "coverphoto": "./wheat-flour_UXGGPrK.jpg", "priceType": "custom rates", "description": "not available"}, "model": "veggex.product", "pk": 105}, {"fields": {"category": 8, "origin": "", "qualityRemarks": "Custom Product", "name": "Sugar", "grade": null, "pricePerUnit": 0.0, "isPerishable": false, "related_products": [], "seller": 1, "status": 1.0, "unit": "Kg", "maxAvailableUnits": 100000.0, "popularityIndex": 1.0, "coverphoto": "./Sugar_OqCBYYi.jpg", "priceType": "custom rates", "description": "not available"}, "model": "veggex.product", "pk": 106}, {"fields": {"category": 8, "origin": "", "qualityRemarks": "Custom Product", "name": "Brown Sugar", "grade": null, "pricePerUnit": 0.0, "isPerishable": false, "related_products": [], "seller": 1, "status": 1.0, "unit": "Kg", "maxAvailableUnits": 100000.0, "popularityIndex": 1.0, "coverphoto": "./Brown-sugar_rquKEUT.jpg", "priceType": "custom rates", "description": "not available"}, "model": "veggex.product", "pk": 107}, {"fields": {"category": 8, "origin": "", "qualityRemarks": "Custom Product", "name": "Powder Sugar (Bura)", "grade": null, "pricePerUnit": 0.0, "isPerishable": false, "related_products": [], "seller": 1, "status": 1.0, "unit": "Kg", "maxAvailableUnits": 100000.0, "popularityIndex": 1.0, "coverphoto": "./Bura_1hPGARl.jpg", "priceType": "custom rates", "description": "not available"}, "model": "veggex.product", "pk": 108}, {"fields": {"category": 8, "origin": "", "qualityRemarks": "Custom Product", "name": "Sugar Refined", "grade": null, "pricePerUnit": 0.0, "isPerishable": false, "related_products": [], "seller": 1, "status": 1.0, "unit": "Kg", "maxAvailableUnits": 100000.0, "popularityIndex": 1.0, "coverphoto": "./Sugar-refined_sVmAfHG.jpg", "priceType": "custom rates", "description": "not available"}, "model": "veggex.product", "pk": 109}, {"fields": {"category": 8, "origin": "", "qualityRemarks": "Custom Product", "name": "Diamond Sugar (Misri)", "grade": null, "pricePerUnit": 0.0, "isPerishable": false, "related_products": [], "seller": 1, "status": 1.0, "unit": "Kg", "maxAvailableUnits": 100000.0, "popularityIndex": 1.0, "coverphoto": "./Sugar_-_Misri_JCNmPh8.jpeg", "priceType": "custom rates", "description": "not available"}, "model": "veggex.product", "pk": 110}, {"fields": {"category": 8, "origin": "", "qualityRemarks": "Custom Product", "name": "Jaggery (Gur)", "grade": null, "pricePerUnit": 0.0, "isPerishable": false, "related_products": [], "seller": 1, "status": 1.0, "unit": "Kg", "maxAvailableUnits": 100000.0, "popularityIndex": 1.0, "coverphoto": "./Gur_w4KnHBy.jpg", "priceType": "custom rates", "description": "not available"}, "model": "veggex.product", "pk": 111}, {"fields": {"category": 8, "origin": "", "qualityRemarks": "Custom Product", "name": "Sugar Cubes", "grade": null, "pricePerUnit": 0.0, "isPerishable": false, "related_products": [], "seller": 1, "status": 1.0, "unit": "Kg", "maxAvailableUnits": 100000.0, "popularityIndex": 1.0, "coverphoto": "./sugar-cube_HShl75T.jpg", "priceType": "custom rates", "description": "not available"}, "model": "veggex.product", "pk": 112}, {"fields": {"category": 8, "origin": "", "qualityRemarks": "Custom Product", "name": "Brown Sugar Cubes", "grade": null, "pricePerUnit": 0.0, "isPerishable": false, "related_products": [], "seller": 1, "status": 1.0, "unit": "Kg", "maxAvailableUnits": 100000.0, "popularityIndex": 1.0, "coverphoto": "./Brown-sugar_cubes_oKbuH43.jpg", "priceType": "custom rates", "description": "not available"}, "model": "veggex.product", "pk": 113}, {"fields": {"category": 8, "origin": "", "qualityRemarks": "Custom Product", "name": "Salt", "grade": null, "pricePerUnit": 0.0, "isPerishable": false, "related_products": [], "seller": 1, "status": 1.0, "unit": "Kg", "maxAvailableUnits": 100000.0, "popularityIndex": 1.0, "coverphoto": "./iodized-salt_yrIX55N.jpg", "priceType": "custom rates", "description": "not available"}, "model": "veggex.product", "pk": 114}, {"fields": {"category": 9, "origin": "", "qualityRemarks": "Custom Product", "name": "Sabudana", "grade": null, "pricePerUnit": 0.0, "isPerishable": false, "related_products": [], "seller": 1, "status": 1.0, "unit": "Kg", "maxAvailableUnits": 100000.0, "popularityIndex": 1.0, "coverphoto": "./Sabudana_fFNzd1B.jpg", "priceType": "custom rates", "description": "not available"}, "model": "veggex.product", "pk": 115}, {"fields": {"category": 9, "origin": "", "qualityRemarks": "Custom Product", "name": "Poha Thin", "grade": null, "pricePerUnit": 0.0, "isPerishable": false, "related_products": [], "seller": 1, "status": 1.0, "unit": "Kg", "maxAvailableUnits": 100000.0, "popularityIndex": 1.0, "coverphoto": "./Poha_Thin_T1BaJV0.jpg", "priceType": "custom rates", "description": "not available"}, "model": "veggex.product", "pk": 116}, {"fields": {"category": 9, "origin": "", "qualityRemarks": "Custom Product", "name": "Poha Thick", "grade": null, "pricePerUnit": 0.0, "isPerishable": false, "related_products": [], "seller": 1, "status": 1.0, "unit": "Kg", "maxAvailableUnits": 100000.0, "popularityIndex": 1.0, "coverphoto": "./Poha_Thick_HK4Wfl2.jpg", "priceType": "custom rates", "description": "not available"}, "model": "veggex.product", "pk": 117}, {"fields": {"category": 9, "origin": "", "qualityRemarks": "Custom Product", "name": "Basmati Rice", "grade": null, "pricePerUnit": 0.0, "isPerishable": false, "related_products": [], "seller": 1, "status": 1.0, "unit": "Kg", "maxAvailableUnits": 100000.0, "popularityIndex": 1.0, "coverphoto": "./Basmati_Rice_sz25AmG.jpg", "priceType": "custom rates", "description": "not available"}, "model": "veggex.product", "pk": 118}, {"fields": {"category": 9, "origin": "", "qualityRemarks": "Custom Product", "name": "Salted Puffed Rice", "grade": null, "pricePerUnit": 0.0, "isPerishable": false, "related_products": [], "seller": 1, "status": 1.0, "unit": "Kg", "maxAvailableUnits": 100000.0, "popularityIndex": 1.0, "coverphoto": "./Salted_puffed_rice_tpHiwhR.jpg", "priceType": "custom rates", "description": "not available"}, "model": "veggex.product", "pk": 119}, {"fields": {"category": 9, "origin": "", "qualityRemarks": "Custom Product", "name": "Idli Rice", "grade": null, "pricePerUnit": 0.0, "isPerishable": false, "related_products": [], "seller": 1, "status": 1.0, "unit": "Kg", "maxAvailableUnits": 100000.0, "popularityIndex": 1.0, "coverphoto": "./Idli_Rice_DuDMom7.jpg", "priceType": "custom rates", "description": "not available"}, "model": "veggex.product", "pk": 120}, {"fields": {"category": 9, "origin": "", "qualityRemarks": "Custom Product", "name": "Bajra", "grade": null, "pricePerUnit": 0.0, "isPerishable": false, "related_products": [], "seller": 1, "status": 1.0, "unit": "Kg", "maxAvailableUnits": 100000.0, "popularityIndex": 1.0, "coverphoto": "./bajra_GkVioxE.jpg", "priceType": "custom rates", "description": "not available"}, "model": "veggex.product", "pk": 121}, {"fields": {"category": 9, "origin": "", "qualityRemarks": "Custom Product", "name": "Barley (Jau)", "grade": null, "pricePerUnit": 0.0, "isPerishable": false, "related_products": [], "seller": 1, "status": 1.0, "unit": "Kg", "maxAvailableUnits": 100000.0, "popularityIndex": 1.0, "coverphoto": "./Barley_IMWhoZP.jpg", "priceType": "custom rates", "description": "not available"}, "model": "veggex.product", "pk": 122}, {"fields": {"category": 9, "origin": "", "qualityRemarks": "Custom Product", "name": "Popcorn Seeds", "grade": null, "pricePerUnit": 0.0, "isPerishable": false, "related_products": [], "seller": 1, "status": 1.0, "unit": "Kg", "maxAvailableUnits": 100000.0, "popularityIndex": 1.0, "coverphoto": "./Popcorn_Seeds_t63YMbX.jpg", "priceType": "custom rates", "description": "not available"}, "model": "veggex.product", "pk": 123}, {"fields": {"category": 9, "origin": "", "qualityRemarks": "Custom Product", "name": "Wheat Whole", "grade": null, "pricePerUnit": 0.0, "isPerishable": false, "related_products": [], "seller": 1, "status": 1.0, "unit": "Kg", "maxAvailableUnits": 100000.0, "popularityIndex": 1.0, "coverphoto": "./Wheat_eJLFfeW.jpg", "priceType": "custom rates", "description": "not available"}, "model": "veggex.product", "pk": 124}, {"fields": {"category": 9, "origin": "", "qualityRemarks": "Custom Product", "name": "Jowar", "grade": null, "pricePerUnit": 0.0, "isPerishable": false, "related_products": [], "seller": 1, "status": 1.0, "unit": "Kg", "maxAvailableUnits": 100000.0, "popularityIndex": 1.0, "coverphoto": "./Jowar_Tpvnjrj.jpg", "priceType": "custom rates", "description": "not available"}, "model": "veggex.product", "pk": 125}, {"fields": {"category": 5, "origin": "", "qualityRemarks": "Custom Product", "name": "Jeera Whole", "grade": null, "pricePerUnit": 0.0, "isPerishable": false, "related_products": [], "seller": 1, "status": 1.0, "unit": "Kg", "maxAvailableUnits": 100000.0, "popularityIndex": 1.0, "coverphoto": "./Jeera_Whole_ZNHayaQ.jpg", "priceType": "custom rates", "description": "not available"}, "model": "veggex.product", "pk": 126}, {"fields": {"category": 5, "origin": "", "qualityRemarks": "Custom Product", "name": "Cardamom (Elaichi)", "grade": null, "pricePerUnit": 0.0, "isPerishable": false, "related_products": [], "seller": 1, "status": 1.0, "unit": "Kg", "maxAvailableUnits": 100000.0, "popularityIndex": 1.0, "coverphoto": "./Cardamom-seeds_OB6TQBB.jpg", "priceType": "custom rates", "description": "not available"}, "model": "veggex.product", "pk": 127}, {"fields": {"category": 5, "origin": "", "qualityRemarks": "Custom Product", "name": "Coriander seeds", "grade": null, "pricePerUnit": 0.0, "isPerishable": false, "related_products": [], "seller": 1, "status": 1.0, "unit": "Kg", "maxAvailableUnits": 100000.0, "popularityIndex": 1.0, "coverphoto": "./coriander-seeds_9Om68vZ.jpg", "priceType": "custom rates", "description": "not available"}, "model": "veggex.product", "pk": 128}, {"fields": {"category": 5, "origin": "", "qualityRemarks": "Custom Product", "name": "Turmeric Powder", "grade": null, "pricePerUnit": 0.0, "isPerishable": false, "related_products": [], "seller": 1, "status": 1.0, "unit": "Kg", "maxAvailableUnits": 100000.0, "popularityIndex": 1.0, "coverphoto": "./turmeric-powder_tdQQUj9.jpg", "priceType": "custom rates", "description": "not available"}, "model": "veggex.product", "pk": 129}, {"fields": {"category": 5, "origin": "", "qualityRemarks": "Custom Product", "name": "Hing Powder", "grade": null, "pricePerUnit": 0.0, "isPerishable": false, "related_products": [], "seller": 1, "status": 1.0, "unit": "Kg", "maxAvailableUnits": 100000.0, "popularityIndex": 1.0, "coverphoto": "./Hing_Powder_2BWAXT1.jpg", "priceType": "custom rates", "description": "not available"}, "model": "veggex.product", "pk": 130}, {"fields": {"category": 5, "origin": "", "qualityRemarks": "Custom Product", "name": "Tej patta", "grade": null, "pricePerUnit": 0.0, "isPerishable": false, "related_products": [], "seller": 1, "status": 1.0, "unit": "Kg", "maxAvailableUnits": 100000.0, "popularityIndex": 1.0, "coverphoto": "./Tej_patta_AE4Xfgs.jpg", "priceType": "custom rates", "description": "not available"}, "model": "veggex.product", "pk": 131}, {"fields": {"category": 5, "origin": "", "qualityRemarks": "Custom Product", "name": "Mustard (Rye) Small", "grade": null, "pricePerUnit": 0.0, "isPerishable": false, "related_products": [], "seller": 1, "status": 1.0, "unit": "Kg", "maxAvailableUnits": 100000.0, "popularityIndex": 1.0, "coverphoto": "./Rye_small_8BUvK5K.jpg", "priceType": "custom rates", "description": "not available"}, "model": "veggex.product", "pk": 132}, {"fields": {"category": 5, "origin": "", "qualityRemarks": "Custom Product", "name": "Sounf Green", "grade": null, "pricePerUnit": 0.0, "isPerishable": false, "related_products": [], "seller": 1, "status": 1.0, "unit": "Kg", "maxAvailableUnits": 100000.0, "popularityIndex": 1.0, "coverphoto": "./Sounf_Green_FosxiT8.jpg", "priceType": "custom rates", "description": "not available"}, "model": "veggex.product", "pk": 133}, {"fields": {"category": 5, "origin": "", "qualityRemarks": "Custom Product", "name": "Cardamom (Elaichi) Black", "grade": null, "pricePerUnit": 0.0, "isPerishable": false, "related_products": [], "seller": 1, "status": 1.0, "unit": "Kg", "maxAvailableUnits": 100000.0, "popularityIndex": 1.0, "coverphoto": "./Cardamom_Black_fnuMHFk.jpg", "priceType": "custom rates", "description": "not available"}, "model": "veggex.product", "pk": 134}, {"fields": {"category": 5, "origin": "", "qualityRemarks": "Custom Product", "name": "Meat Masala", "grade": null, "pricePerUnit": 0.0, "isPerishable": false, "related_products": [], "seller": 1, "status": 1.0, "unit": "Kg", "maxAvailableUnits": 100000.0, "popularityIndex": 1.0, "coverphoto": "./No_image_available.png", "priceType": "custom rates", "description": "not available"}, "model": "veggex.product", "pk": 135}, {"fields": {"category": 5, "origin": "", "qualityRemarks": "Custom Product", "name": "Sambhar Masala", "grade": null, "pricePerUnit": 0.0, "isPerishable": false, "related_products": [], "seller": 1, "status": 1.0, "unit": "Kg", "maxAvailableUnits": 100000.0, "popularityIndex": 1.0, "coverphoto": "./No_image_available.png", "priceType": "custom rates", "description": "not available"}, "model": "veggex.product", "pk": 136}, {"fields": {"category": 5, "origin": "", "qualityRemarks": "Custom Product", "name": "Sabji Masala", "grade": null, "pricePerUnit": 0.0, "isPerishable": false, "related_products": [], "seller": 1, "status": 1.0, "unit": "Kg", "maxAvailableUnits": 100000.0, "popularityIndex": 1.0, "coverphoto": "./No_image_available.png", "priceType": "custom rates", "description": "not available"}, "model": "veggex.product", "pk": 137}, {"fields": {"category": 5, "origin": "", "qualityRemarks": "Custom Product", "name": "Kitchen King Masala", "grade": null, "pricePerUnit": 0.0, "isPerishable": false, "related_products": [], "seller": 1, "status": 1.0, "unit": "Kg", "maxAvailableUnits": 100000.0, "popularityIndex": 1.0, "coverphoto": "./No_image_available.png", "priceType": "custom rates", "description": "not available"}, "model": "veggex.product", "pk": 138}, {"fields": {"category": 5, "origin": "", "qualityRemarks": "Custom Product", "name": "Pav Bhaji Masala", "grade": null, "pricePerUnit": 0.0, "isPerishable": false, "related_products": [], "seller": 1, "status": 1.0, "unit": "Kg", "maxAvailableUnits": 100000.0, "popularityIndex": 1.0, "coverphoto": "./No_image_available.png", "priceType": "custom rates", "description": "not available"}, "model": "veggex.product", "pk": 139}, {"fields": {"category": 5, "origin": "", "qualityRemarks": "Custom Product", "name": "Chaat Masala", "grade": null, "pricePerUnit": 0.0, "isPerishable": false, "related_products": [], "seller": 1, "status": 1.0, "unit": "Kg", "maxAvailableUnits": 100000.0, "popularityIndex": 1.0, "coverphoto": "./No_image_available.png", "priceType": "custom rates", "description": "not available"}, "model": "veggex.product", "pk": 140}, {"fields": {"category": 5, "origin": "", "qualityRemarks": "Custom Product", "name": "Tea Masala", "grade": null, "pricePerUnit": 0.0, "isPerishable": false, "related_products": [], "seller": 1, "status": 1.0, "unit": "Kg", "maxAvailableUnits": 100000.0, "popularityIndex": 1.0, "coverphoto": "./No_image_available.png", "priceType": "custom rates", "description": "not available"}, "model": "veggex.product", "pk": 141}, {"fields": {"category": 5, "origin": "", "qualityRemarks": "Custom Product", "name": "Chhole Masala", "grade": null, "pricePerUnit": 0.0, "isPerishable": false, "related_products": [], "seller": 1, "status": 1.0, "unit": "Kg", "maxAvailableUnits": 100000.0, "popularityIndex": 1.0, "coverphoto": "./No_image_available.png", "priceType": "custom rates", "description": "not available"}, "model": "veggex.product", "pk": 142}, {"fields": {"category": 5, "origin": "", "qualityRemarks": "Custom Product", "name": "Garam Masala", "grade": null, "pricePerUnit": 0.0, "isPerishable": false, "related_products": [], "seller": 1, "status": 1.0, "unit": "Kg", "maxAvailableUnits": 100000.0, "popularityIndex": 1.0, "coverphoto": "./No_image_available.png", "priceType": "custom rates", "description": "not available"}, "model": "veggex.product", "pk": 143}, {"fields": {"category": 5, "origin": "", "qualityRemarks": "Custom Product", "name": "Shahi Biryani Masala", "grade": null, "pricePerUnit": 0.0, "isPerishable": false, "related_products": [], "seller": 1, "status": 1.0, "unit": "Kg", "maxAvailableUnits": 100000.0, "popularityIndex": 1.0, "coverphoto": "./No_image_available.png", "priceType": "custom rates", "description": "not available"}, "model": "veggex.product", "pk": 144}, {"fields": {"category": 5, "origin": "", "qualityRemarks": "Custom Product", "name": "Chicken Masala", "grade": null, "pricePerUnit": 0.0, "isPerishable": false, "related_products": [], "seller": 1, "status": 1.0, "unit": "Kg", "maxAvailableUnits": 100000.0, "popularityIndex": 1.0, "coverphoto": "./No_image_available.png", "priceType": "custom rates", "description": "not available"}, "model": "veggex.product", "pk": 145}, {"fields": {"category": 5, "origin": "", "qualityRemarks": "Custom Product", "name": "Pani Puri Masala", "grade": null, "pricePerUnit": 0.0, "isPerishable": false, "related_products": [], "seller": 1, "status": 1.0, "unit": "Kg", "maxAvailableUnits": 100000.0, "popularityIndex": 1.0, "coverphoto": "./No_image_available.png", "priceType": "custom rates", "description": "not available"}, "model": "veggex.product", "pk": 146}, {"fields": {"category": 5, "origin": "", "qualityRemarks": "Custom Product", "name": "Tandoori Chicken Masala", "grade": null, "pricePerUnit": 0.0, "isPerishable": false, "related_products": [], "seller": 1, "status": 1.0, "unit": "Kg", "maxAvailableUnits": 100000.0, "popularityIndex": 1.0, "coverphoto": "./No_image_available.png", "priceType": "custom rates", "description": "not available"}, "model": "veggex.product", "pk": 147}, {"fields": {"category": 5, "origin": "", "qualityRemarks": "Custom Product", "name": "Rajma Masala", "grade": null, "pricePerUnit": 0.0, "isPerishable": false, "related_products": [], "seller": 1, "status": 1.0, "unit": "Kg", "maxAvailableUnits": 100000.0, "popularityIndex": 1.0, "coverphoto": "./No_image_available.png", "priceType": "custom rates", "description": "not available"}, "model": "veggex.product", "pk": 148}, {"fields": {"category": 5, "origin": "", "qualityRemarks": "Custom Product", "name": "Shahi Paneer Masala", "grade": null, "pricePerUnit": 0.0, "isPerishable": false, "related_products": [], "seller": 1, "status": 1.0, "unit": "Kg", "maxAvailableUnits": 100000.0, "popularityIndex": 1.0, "coverphoto": "./No_image_available.png", "priceType": "custom rates", "description": "not available"}, "model": "veggex.product", "pk": 149}, {"fields": {"category": 5, "origin": "", "qualityRemarks": "Custom Product", "name": "Dal Makhni Masala", "grade": null, "pricePerUnit": 0.0, "isPerishable": false, "related_products": [], "seller": 1, "status": 1.0, "unit": "Kg", "maxAvailableUnits": 100000.0, "popularityIndex": 1.0, "coverphoto": "./No_image_available.png", "priceType": "custom rates", "description": "not available"}, "model": "veggex.product", "pk": 150}, {"fields": {"category": 5, "origin": "", "qualityRemarks": "Custom Product", "name": "Curry Masala", "grade": null, "pricePerUnit": 0.0, "isPerishable": false, "related_products": [], "seller": 1, "status": 1.0, "unit": "Kg", "maxAvailableUnits": 100000.0, "popularityIndex": 1.0, "coverphoto": "./No_image_available.png", "priceType": "custom rates", "description": "not available"}, "model": "veggex.product", "pk": 151}, {"fields": {"category": 5, "origin": "", "qualityRemarks": "Custom Product", "name": "Deggi Mirch Powder", "grade": null, "pricePerUnit": 0.0, "isPerishable": false, "related_products": [], "seller": 1, "status": 1.0, "unit": "Kg", "maxAvailableUnits": 100000.0, "popularityIndex": 1.0, "coverphoto": "./No_image_available.png", "priceType": "custom rates", "description": "not available"}, "model": "veggex.product", "pk": 152}, {"fields": {"category": 5, "origin": "", "qualityRemarks": "Custom Product", "name": "Lal Mirch Powder", "grade": null, "pricePerUnit": 0.0, "isPerishable": false, "related_products": [], "seller": 1, "status": 1.0, "unit": "Kg", "maxAvailableUnits": 100000.0, "popularityIndex": 1.0, "coverphoto": "./No_image_available.png", "priceType": "custom rates", "description": "not available"}, "model": "veggex.product", "pk": 153}, {"fields": {"category": 5, "origin": "", "qualityRemarks": "Custom Product", "name": "Amchoor Powder", "grade": null, "pricePerUnit": 0.0, "isPerishable": false, "related_products": [], "seller": 1, "status": 1.0, "unit": "Kg", "maxAvailableUnits": 100000.0, "popularityIndex": 1.0, "coverphoto": "./No_image_available.png", "priceType": "custom rates", "description": "not available"}, "model": "veggex.product", "pk": 154}, {"fields": {"category": 5, "origin": "", "qualityRemarks": "Custom Product", "name": "Dhania Powder", "grade": null, "pricePerUnit": 0.0, "isPerishable": false, "related_products": [], "seller": 1, "status": 1.0, "unit": "Kg", "maxAvailableUnits": 100000.0, "popularityIndex": 1.0, "coverphoto": "./No_image_available.png", "priceType": "custom rates", "description": "not available"}, "model": "veggex.product", "pk": 155}, {"fields": {"category": 5, "origin": "", "qualityRemarks": "Custom Product", "name": "Jeera Powder", "grade": null, "pricePerUnit": 0.0, "isPerishable": false, "related_products": [], "seller": 1, "status": 1.0, "unit": "Kg", "maxAvailableUnits": 100000.0, "popularityIndex": 1.0, "coverphoto": "./No_image_available.png", "priceType": "custom rates", "description": "not available"}, "model": "veggex.product", "pk": 156}, {"fields": {"category": 5, "origin": "", "qualityRemarks": "Custom Product", "name": "Kashmiri Chilli Powder", "grade": null, "pricePerUnit": 0.0, "isPerishable": false, "related_products": [], "seller": 1, "status": 1.0, "unit": "Kg", "maxAvailableUnits": 100000.0, "popularityIndex": 1.0, "coverphoto": "./No_image_available.png", "priceType": "custom rates", "description": "not available"}, "model": "veggex.product", "pk": 157}, {"fields": {"category": 5, "origin": "", "qualityRemarks": "Custom Product", "name": "Pepper Powder", "grade": null, "pricePerUnit": 0.0, "isPerishable": false, "related_products": [], "seller": 1, "status": 1.0, "unit": "Kg", "maxAvailableUnits": 100000.0, "popularityIndex": 1.0, "coverphoto": "./No_image_available.png", "priceType": "custom rates", "description": "not available"}, "model": "veggex.product", "pk": 158}, {"fields": {"category": 5, "origin": "", "qualityRemarks": "Custom Product", "name": "Cardamom (Elaichi) Black", "grade": null, "pricePerUnit": 0.0, "isPerishable": false, "related_products": [], "seller": 2, "status": 1.0, "unit": "Grams", "maxAvailableUnits": 100000.0, "popularityIndex": 1.0, "coverphoto": "./Cardamom_Black.jpg", "priceType": "custom rates", "description": "not available"}, "model": "veggex.product", "pk": 159}, {"fields": {"category": 2, "origin": "", "qualityRemarks": "Custom Product", "name": "Pomegranate", "grade": null, "pricePerUnit": 0.0, "isPerishable": false, "related_products": [], "seller": 2, "status": 1.0, "unit": "Kg", "maxAvailableUnits": 100000.0, "popularityIndex": 1.0, "coverphoto": "./pomegranate.jpg", "priceType": "custom rates", "description": "not available"}, "model": "veggex.product", "pk": 163}, {"fields": {"category": 2, "origin": "", "qualityRemarks": "Custom Product", "name": "Apple", "grade": null, "pricePerUnit": 0.0, "isPerishable": false, "related_products": [], "seller": 2, "status": 1.0, "unit": "Kg", "maxAvailableUnits": 100000.0, "popularityIndex": 1.0, "coverphoto": "./No_image_available.png", "priceType": "custom rates", "description": "not available"}, "model": "veggex.product", "pk": 164}, {"fields": {"category": 1, "origin": "", "qualityRemarks": "Custom Product", "name": "Onion", "grade": null, "pricePerUnit": 0.0, "isPerishable": false, "related_products": [], "seller": 2, "status": 1.0, "unit": "Kg", "maxAvailableUnits": 100000.0, "popularityIndex": 1.0, "coverphoto": "./onion.jpg", "priceType": "custom rates", "description": "not available"}, "model": "veggex.product", "pk": 175}, {"fields": {"category": 2, "origin": "", "qualityRemarks": "Custom Product", "name": "Mosambi", "grade": null, "pricePerUnit": 0.0, "isPerishable": false, "related_products": [], "seller": 2, "status": 1.0, "unit": "Kg", "maxAvailableUnits": 100000.0, "popularityIndex": 1.0, "coverphoto": "./mosambi.jpg", "priceType": "custom rates", "description": "not available"}, "model": "veggex.product", "pk": 176}, {"fields": {"category": 1, "origin": "", "qualityRemarks": "Custom Product", "name": "Lemon", "grade": null, "pricePerUnit": 0.0, "isPerishable": false, "related_products": [], "seller": 2, "status": 1.0, "unit": "Kg", "maxAvailableUnits": 100000.0, "popularityIndex": 1.0, "coverphoto": "./lemon.jpg", "priceType": "custom rates", "description": "not available"}, "model": "veggex.product", "pk": 177}, {"fields": {"category": 7, "origin": "", "qualityRemarks": "Custom Product", "name": "Urad Black Sabut", "grade": null, "pricePerUnit": 0.0, "isPerishable": false, "related_products": [], "seller": 2, "status": 1.0, "unit": "Kg", "maxAvailableUnits": 100000.0, "popularityIndex": 1.0, "coverphoto": "./Urad_Dal_Black_Whole_KqnyFEB.jpg", "priceType": "custom rates", "description": "not available"}, "model": "veggex.product", "pk": 306}, {"fields": {"category": 7, "origin": "", "qualityRemarks": "Custom Product", "name": "Lobia White", "grade": null, "pricePerUnit": 0.0, "isPerishable": false, "related_products": [], "seller": 2, "status": 1.0, "unit": "Kg", "maxAvailableUnits": 100000.0, "popularityIndex": 1.0, "coverphoto": "./Lobia_White_KvtlpxJ.jpg", "priceType": "custom rates", "description": "not available"}, "model": "veggex.product", "pk": 366}, {"fields": {"category": 2, "origin": "", "qualityRemarks": "Custom Product", "name": "Apple", "grade": null, "pricePerUnit": 0.0, "isPerishable": false, "related_products": [], "seller": 1, "status": 1.0, "unit": "Kg", "maxAvailableUnits": 100000.0, "popularityIndex": 1.0, "coverphoto": "./apple.jpg", "priceType": "custom rates", "description": "not available"}, "model": "veggex.product", "pk": 377}, {"fields": {"category": 1, "origin": "", "qualityRemarks": "Custom Product", "name": "Potato", "grade": null, "pricePerUnit": 0.0, "isPerishable": false, "related_products": [], "seller": 1, "status": 1.0, "unit": "Kg", "maxAvailableUnits": 100000.0, "popularityIndex": 1.0, "coverphoto": "./potato_TOIb7RM.jpg", "priceType": "custom rates", "description": "not available"}, "model": "veggex.product", "pk": 378}, {"fields": {"category": 1, "origin": "", "qualityRemarks": "Custom Product", "name": "Pomegranate", "grade": null, "pricePerUnit": 0.0, "isPerishable": false, "related_products": [], "seller": 1, "status": 1.0, "unit": "Kg", "maxAvailableUnits": 100000.0, "popularityIndex": 1.0, "coverphoto": "./pomegranate_rduAhZi.jpg", "priceType": "custom rates", "description": "not available"}, "model": "veggex.product", "pk": 379}, {"fields": {"products": [43, 44, 47, 48, 49, 50, 51, 159, 163, 164, 175, 176, 177, 306, 366], "due": 34.0, "seller": 2}, "model": "veggex.dummyvendor", "pk": 1}, {"fields": {"products": [52, 53, 54, 55, 56, 57, 58, 59, 60], "due": 0.0, "seller": 3}, "model": "veggex.dummyvendor", "pk": 2}, {"fields": {"products": [85], "due": 0.0, "seller": 5}, "model": "veggex.dummyvendor", "pk": 4}, {"fields": {"products": [], "due": 0.0, "seller": 74}, "model": "veggex.dummyvendor", "pk": 73}, {"fields": {"products": [], "due": 0.0, "seller": 75}, "model": "veggex.dummyvendor", "pk": 74}, {"fields": {"products": [], "due": 0.0, "seller": 76}, "model": "veggex.dummyvendor", "pk": 75}, {"fields": {"cartTotal": 0.0, "timeOfUpdate": "2015-11-16T11:00:36Z", "timeOfCreate": "2015-11-16T11:00:36Z"}, "model": "veggex.cart", "pk": 1}, {"fields": {"cartTotal": 0.0, "timeOfUpdate": "2015-11-16T13:42:59.728Z", "timeOfCreate": "2015-11-16T13:42:59.728Z"}, "model": "veggex.cart", "pk": 2}, {"fields": {"cartTotal": 0.0, "timeOfUpdate": "2015-11-16T13:46:24.269Z", "timeOfCreate": "2015-11-16T13:46:24.269Z"}, "model": "veggex.cart", "pk": 3}, {"fields": {"cartTotal": 0.0, "timeOfUpdate": "2015-11-16T14:49:24.570Z", "timeOfCreate": "2015-11-16T14:49:24.570Z"}, "model": "veggex.cart", "pk": 4}, {"fields": {"cartTotal": 0.0, "timeOfUpdate": "2015-11-16T14:58:56.885Z", "timeOfCreate": "2015-11-16T14:58:56.885Z"}, "model": "veggex.cart", "pk": 5}, {"fields": {"cartTotal": 0.0, "timeOfUpdate": "2015-11-16T16:20:58.006Z", "timeOfCreate": "2015-11-16T16:20:58.006Z"}, "model": "veggex.cart", "pk": 6}, {"fields": {"cartTotal": 0.0, "timeOfUpdate": "2015-11-17T18:34:43.411Z", "timeOfCreate": "2015-11-17T18:34:43.411Z"}, "model": "veggex.cart", "pk": 7}, {"fields": {"cartTotal": 0.0, "timeOfUpdate": "2015-11-18T22:40:27.302Z", "timeOfCreate": "2015-11-18T22:40:27.302Z"}, "model": "veggex.cart", "pk": 8}, {"fields": {"cartTotal": 0.0, "timeOfUpdate": "2015-11-18T22:42:07.283Z", "timeOfCreate": "2015-11-18T22:42:07.283Z"}, "model": "veggex.cart", "pk": 9}, {"fields": {"cartTotal": 0.0, "timeOfUpdate": "2015-11-20T22:33:25.994Z", "timeOfCreate": "2015-11-20T22:33:25.994Z"}, "model": "veggex.cart", "pk": 10}, {"fields": {"cartTotal": 0.0, "timeOfUpdate": "2015-11-26T22:20:35.271Z", "timeOfCreate": "2015-11-26T22:20:35.271Z"}, "model": "veggex.cart", "pk": 11}, {"fields": {"dummycartTotal": 0.0, "timeOfUpdate": "2015-11-16T11:00:59Z", "timeOfCreate": "2015-11-16T11:00:59Z"}, "model": "veggex.dummycart", "pk": 1}, {"fields": {"dummycartTotal": 0.0, "timeOfUpdate": "2015-11-16T13:42:59.730Z", "timeOfCreate": "2015-11-16T13:42:59.730Z"}, "model": "veggex.dummycart", "pk": 2}, {"fields": {"dummycartTotal": 0.0, "timeOfUpdate": "2015-11-16T13:46:24.269Z", "timeOfCreate": "2015-11-16T13:46:24.269Z"}, "model": "veggex.dummycart", "pk": 3}, {"fields": {"dummycartTotal": 0.0, "timeOfUpdate": "2015-11-16T14:49:24.571Z", "timeOfCreate": "2015-11-16T14:49:24.571Z"}, "model": "veggex.dummycart", "pk": 4}, {"fields": {"dummycartTotal": 25837.8, "timeOfUpdate": "2015-11-16T14:58:56.885Z", "timeOfCreate": "2015-11-16T14:58:56.885Z"}, "model": "veggex.dummycart", "pk": 5}, {"fields": {"dummycartTotal": 77680586.97, "timeOfUpdate": "2015-11-16T16:20:58.007Z", "timeOfCreate": "2015-11-16T16:20:58.007Z"}, "model": "veggex.dummycart", "pk": 6}, {"fields": {"dummycartTotal": 1335.0, "timeOfUpdate": "2015-11-17T18:34:43.412Z", "timeOfCreate": "2015-11-17T18:34:43.412Z"}, "model": "veggex.dummycart", "pk": 7}, {"fields": {"dummycartTotal": 0.0, "timeOfUpdate": "2015-11-18T22:40:27.302Z", "timeOfCreate": "2015-11-18T22:40:27.302Z"}, "model": "veggex.dummycart", "pk": 8}, {"fields": {"dummycartTotal": 0.0, "timeOfUpdate": "2015-11-18T22:42:07.283Z", "timeOfCreate": "2015-11-18T22:42:07.283Z"}, "model": "veggex.dummycart", "pk": 9}, {"fields": {"dummycartTotal": -2355.0, "timeOfUpdate": "2015-11-20T22:33:25.994Z", "timeOfCreate": "2015-11-20T22:33:25.994Z"}, "model": "veggex.dummycart", "pk": 10}, {"fields": {"dummycartTotal": 0.0, "timeOfUpdate": "2015-11-26T22:20:35.271Z", "timeOfCreate": "2015-11-26T22:20:35.271Z"}, "model": "veggex.dummycart", "pk": 11}, {"fields": {"description": "Not available", "notifications": [77, 74, 63, 53, 9, 5, 2, 1], "nameOfOwner": "Rakesh Yadav", "institutionType": "hotels", "mobileNo": 8377950711, "dummyvendors": [1, 2, 4], "profilePhoto": "./Rees52-Rees-Arduino-Uno-Compatble-SDL568875492-1-91a6a_ixul91F.jpg", "cart": 5, "owner": null, "nameOfInstitution": "Web Testing", "address": null, "mailId": "rak.dev007@gmail.com", "creditlimit": 10000.0, "gpsLocation": "", "password": "pbkdf2_sha256$20000$hdTCCiPXMesM$M0EosJaVUPAD36tfXn3MNBcFWKkzN/c+ySFaMDacyCc=", "message": [], "categories": [], "dummycart": 5}, "model": "veggex.user", "pk": 5}, {"fields": {"description": "Not available", "notifications": [93, 78, 76, 75, 70, 68, 66, 62, 52, 51, 47, 46, 45, 44, 43, 42, 41, 40, 39, 38, 37, 36, 35, 34, 33, 32, 31, 30, 29, 28, 27, 26, 25, 24, 23, 22, 21, 20, 19, 18, 17, 16, 15, 12, 11, 10, 4, 3], "nameOfOwner": "Ashish Bibyan", "institutionType": "hotels", "mobileNo": 9555666059, "dummyvendors": [73, 74, 75], "profilePhoto": "./No_image_available.png", "cart": 6, "owner": null, "nameOfInstitution": "App Testing", "address": null, "mailId": "ashish@mive.in", "creditlimit": 10000.0, "gpsLocation": "", "password": "pbkdf2_sha256$20000$YDrr7u47dTZQ$/ZIbkBxC5mjduxyUp9dclDITxkf/3SPwyO/IcIEE7tE=", "message": [], "categories": [], "dummycart": 6}, "model": "veggex.user", "pk": 6}, {"fields": {"product": 52, "timeOfUpdate": "2015-11-23T12:13:04.529Z", "timeOfCreate": "2015-11-23T12:13:04.529Z", "qtyInUnits": 79.0, "pricePerUnit": 2.0, "dummycart": 7}, "model": "veggex.dummycartitem", "pk": 252}, {"fields": {"product": 53, "timeOfUpdate": "2015-11-23T12:13:53.573Z", "timeOfCreate": "2015-11-23T12:13:53.573Z", "qtyInUnits": 66.0, "pricePerUnit": 30.0, "dummycart": 7}, "model": "veggex.dummycartitem", "pk": 254}, {"fields": {"product": 52, "timeOfUpdate": "2015-11-26T12:59:50.686Z", "timeOfCreate": "2015-11-26T12:59:50.686Z", "qtyInUnits": 40.0, "pricePerUnit": 20.0, "dummycart": 7}, "model": "veggex.dummycartitem", "pk": 273}, {"fields": {"product": 53, "timeOfUpdate": "2015-11-26T12:59:50.715Z", "timeOfCreate": "2015-11-26T12:59:50.715Z", "qtyInUnits": 20.0, "pricePerUnit": 20.0, "dummycart": 7}, "model": "veggex.dummycartitem", "pk": 274}, {"fields": {"product": 52, "timeOfUpdate": "2015-11-26T18:57:46.684Z", "timeOfCreate": "2015-11-26T18:57:46.684Z", "qtyInUnits": 13.0, "pricePerUnit": 12.0, "dummycart": 7}, "model": "veggex.dummycartitem", "pk": 276}, {"fields": {"product": 52, "timeOfUpdate": "2015-11-26T19:14:13.466Z", "timeOfCreate": "2015-11-26T19:14:13.466Z", "qtyInUnits": 10.0, "pricePerUnit": 10.0, "dummycart": 5}, "model": "veggex.dummycartitem", "pk": 280}, {"fields": {"product": 85, "timeOfUpdate": "2015-11-26T20:07:55.975Z", "timeOfCreate": "2015-11-26T20:07:55.975Z", "qtyInUnits": 10.0, "pricePerUnit": 20.0, "dummycart": 5}, "model": "veggex.dummycartitem", "pk": 282}, {"fields": {"product": 85, "timeOfUpdate": "2015-11-26T20:07:55.979Z", "timeOfCreate": "2015-11-26T20:07:55.979Z", "qtyInUnits": 40.0, "pricePerUnit": 1.0, "dummycart": 5}, "model": "veggex.dummycartitem", "pk": 283}, {"fields": {"product": 85, "timeOfUpdate": "2015-11-26T20:07:56.029Z", "timeOfCreate": "2015-11-26T20:07:56.029Z", "qtyInUnits": 90.0, "pricePerUnit": 10.0, "dummycart": 5}, "model": "veggex.dummycartitem", "pk": 284}, {"fields": {"product": 52, "timeOfUpdate": "2015-11-26T20:23:45.051Z", "timeOfCreate": "2015-11-26T20:23:45.051Z", "qtyInUnits": 22.0, "pricePerUnit": 25.0, "dummycart": 7}, "model": "veggex.dummycartitem", "pk": 285}, {"fields": {"product": 52, "timeOfUpdate": "2015-11-26T20:23:45.055Z", "timeOfCreate": "2015-11-26T20:23:45.055Z", "qtyInUnits": 18.0, "pricePerUnit": 10.0, "dummycart": 7}, "model": "veggex.dummycartitem", "pk": 286}, {"fields": {"product": 47, "timeOfUpdate": "2015-11-27T08:15:49.417Z", "timeOfCreate": "2015-11-27T08:15:49.417Z", "qtyInUnits": 2.0, "pricePerUnit": 20.0, "dummycart": 7}, "model": "veggex.dummycartitem", "pk": 298}, {"fields": {"product": 58, "timeOfUpdate": "2015-11-27T10:38:33.391Z", "timeOfCreate": "2015-11-27T10:38:33.391Z", "qtyInUnits": 5.0, "pricePerUnit": 1.2, "dummycart": 5}, "model": "veggex.dummycartitem", "pk": 305}, {"fields": {"image": "invoices/Wb6WuQM8hSl5cMTU-croppedlx8U9-png"}, "model": "veggex.invoiceimage", "pk": 1}, {"fields": {"image": "invoices/rees52_wFYVLhd.png"}, "model": "veggex.invoiceimage", "pk": 2}, {"fields": {"image": "invoices/01-spitzer-omeganebula.jpg"}, "model": "veggex.invoiceimage", "pk": 3}, {"fields": {"image": "invoices/Illusion.jpg"}, "model": "veggex.invoiceimage", "pk": 4}, {"fields": {"image": "invoices/storebck.jpg"}, "model": "veggex.invoiceimage", "pk": 5}, {"fields": {"image": "invoices/smiley-face-star-clipart-black-and-white-smiley-b-and-w-md.png"}, "model": "veggex.invoiceimage", "pk": 6}, {"fields": {"image": "invoices/smiley-face-star-clipart-black-and-white-smiley-b-and-w-md_0fmKXPN.png"}, "model": "veggex.invoiceimage", "pk": 7}, {"fields": {"image": "invoices/smiley-face-star-clipart-black-and-white-smiley-b-and-w-md_TngQzVA.png"}, "model": "veggex.invoiceimage", "pk": 8}, {"fields": {"image": "invoices/besan_atta.jpg"}, "model": "veggex.invoiceimage", "pk": 9}, {"fields": {"image": "invoices/1448007408841-149626784.jpg"}, "model": "veggex.invoiceimage", "pk": 10}, {"fields": {"image": "invoices/1448007911161234042974.jpg"}, "model": "veggex.invoiceimage", "pk": 11}, {"fields": {"image": "invoices/IMG_20151120_211906.jpg"}, "model": "veggex.invoiceimage", "pk": 12}, {"fields": {"image": "invoices/IMG_20151121_123644.jpg"}, "model": "veggex.invoiceimage", "pk": 13}, {"fields": {"image": "invoices/IMG_20151122_133813.jpg"}, "model": "veggex.invoiceimage", "pk": 14}, {"fields": {"image": "invoices/IMG_20151122_162100.jpg"}, "model": "veggex.invoiceimage", "pk": 15}, {"fields": {"image": "invoices/IMG_20151125_105424.jpg"}, "model": "veggex.invoiceimage", "pk": 16}, {"fields": {"image": "invoices/IMG_20151126_230819.jpg"}, "model": "veggex.invoiceimage", "pk": 17}, {"fields": {"status": "PLACED", "category": null, "timeOfUpdate": "2015-11-16T15:01:55.721Z", "timeOfCreate": "2015-11-16T15:01:55.721Z", "deliveryTime": "2015-11-16", "invoices": [1], "orderType": "dummy", "seller": 2, "flag": true, "user": 5, "payment_mode": "COD", "orderMsg": "", "subtotal": 30.0, "payment": "paid"}, "model": "veggex.order", "pk": 1}, {"fields": {"status": "PLACED", "category": null, "timeOfUpdate": "2015-11-16T17:35:39.639Z", "timeOfCreate": "2015-11-16T17:35:39.639Z", "deliveryTime": "2015-11-16", "invoices": [2], "orderType": "dummy", "seller": 3, "flag": false, "user": 5, "payment_mode": "COD", "orderMsg": "", "subtotal": 0.0, "payment": "unpaid"}, "model": "veggex.order", "pk": 2}, {"fields": {"status": "PLACED", "category": null, "timeOfUpdate": "2015-11-17T18:57:48.503Z", "timeOfCreate": "2015-11-17T18:57:48.503Z", "deliveryTime": "2015-11-18", "invoices": [], "orderType": "dummy", "seller": 2, "flag": false, "user": 5, "payment_mode": "COD", "orderMsg": "", "subtotal": 4.0, "payment": "unpaid"}, "model": "veggex.order", "pk": 5}, {"fields": {"status": "PLACED", "category": null, "timeOfUpdate": "2015-11-17T18:58:02.840Z", "timeOfCreate": "2015-11-17T18:58:02.840Z", "deliveryTime": "2015-11-18", "invoices": [], "orderType": "dummy", "seller": 2, "flag": false, "user": 5, "payment_mode": "COD", "orderMsg": "", "subtotal": 45.0, "payment": "unpaid"}, "model": "veggex.order", "pk": 6}, {"fields": {"status": "PLACED", "category": null, "timeOfUpdate": "2015-11-18T08:38:06.493Z", "timeOfCreate": "2015-11-18T08:38:06.493Z", "deliveryTime": "2015-11-18", "invoices": [], "orderType": "dummy", "seller": 2, "flag": false, "user": 5, "payment_mode": "COD", "orderMsg": "", "subtotal": 0.0, "payment": "unpaid"}, "model": "veggex.order", "pk": 11}, {"fields": {"status": "PLACED", "category": null, "timeOfUpdate": "2015-11-20T11:41:46.182Z", "timeOfCreate": "2015-11-20T11:41:46.182Z", "deliveryTime": "2015-11-21", "invoices": [], "orderType": "dummy", "seller": 2, "flag": false, "user": 5, "payment_mode": "COD", "orderMsg": "yo vedani is so chutiya", "subtotal": 1111.0, "payment": "unpaid"}, "model": "veggex.order", "pk": 39}, {"fields": {"status": "PLACED", "category": null, "timeOfUpdate": "2015-11-21T18:10:29.344Z", "timeOfCreate": "2015-11-21T18:10:29.344Z", "deliveryTime": "2015-11-27", "invoices": [], "orderType": "dummy", "seller": 2, "flag": false, "user": 5, "payment_mode": "COD", "orderMsg": "", "subtotal": 282.0, "payment": "paid"}, "model": "veggex.order", "pk": 67}, {"fields": {"status": "PLACED", "category": null, "timeOfUpdate": "2015-11-22T17:33:50.643Z", "timeOfCreate": "2015-11-22T17:33:50.643Z", "deliveryTime": "2015-11-22", "invoices": [], "orderType": "dummy", "seller": 5, "flag": false, "user": 5, "payment_mode": "COD", "orderMsg": "No message", "subtotal": 1288.0, "payment": "unpaid"}, "model": "veggex.order", "pk": 77}, {"fields": {"status": "PLACED", "category": null, "timeOfUpdate": "2015-11-26T19:17:10.448Z", "timeOfCreate": "2015-11-26T19:17:10.448Z", "deliveryTime": "2015-11-26", "invoices": [], "orderType": "dummy", "seller": 2, "flag": false, "user": 5, "payment_mode": "COD", "orderMsg": "", "subtotal": 2893248284.0, "payment": "unpaid"}, "model": "veggex.order", "pk": 88}, {"fields": {"status": "PLACED", "category": null, "timeOfUpdate": "2015-11-26T20:08:32.393Z", "timeOfCreate": "2015-11-26T20:08:32.393Z", "deliveryTime": "2015-11-27", "invoices": [], "orderType": "dummy", "seller": 2, "flag": false, "user": 5, "payment_mode": "COD", "orderMsg": "No message", "subtotal": 236.0, "payment": "unpaid"}, "model": "veggex.order", "pk": 91}, {"fields": {"product": 45, "qtyInUnits": 2.0, "pricePerUnit": 3.0, "priceType": "custom rates", "order": 1, "unit": "Kg"}, "model": "veggex.orderitem", "pk": 1}, {"fields": {"product": 43, "qtyInUnits": 12.0, "pricePerUnit": 2.0, "priceType": "custom rates", "order": 1, "unit": "Kg"}, "model": "veggex.orderitem", "pk": 2}, {"fields": {"product": 54, "qtyInUnits": 123.0, "pricePerUnit": 0.0, "priceType": "custom rates", "order": 2, "unit": "Kg"}, "model": "veggex.orderitem", "pk": 3}, {"fields": {"product": 53, "qtyInUnits": 23.0, "pricePerUnit": 0.0, "priceType": "custom rates", "order": 2, "unit": "Kg"}, "model": "veggex.orderitem", "pk": 4}, {"fields": {"product": 52, "qtyInUnits": 12.0, "pricePerUnit": 0.0, "priceType": "custom rates", "order": 2, "unit": "Kg"}, "model": "veggex.orderitem", "pk": 5}, {"fields": {"product": 43, "qtyInUnits": 2.0, "pricePerUnit": 2.0, "priceType": "custom rates", "order": 5, "unit": "Kg"}, "model": "veggex.orderitem", "pk": 11}, {"fields": {"product": 176, "qtyInUnits": 23.0, "pricePerUnit": 0.0, "priceType": "custom rates", "order": 11, "unit": "Kg"}, "model": "veggex.orderitem", "pk": 20}, {"fields": {"product": 177, "qtyInUnits": 23.0, "pricePerUnit": 0.0, "priceType": "custom rates", "order": 11, "unit": "Kg"}, "model": "veggex.orderitem", "pk": 21}, {"fields": {"product": 48, "qtyInUnits": 2.0, "pricePerUnit": 121.0, "priceType": "custom rates", "order": 67, "unit": "Kg"}, "model": "veggex.orderitem", "pk": 85}, {"fields": {"product": 43, "qtyInUnits": 1.0, "pricePerUnit": 25.0, "priceType": "custom rates", "order": 67, "unit": "Kg"}, "model": "veggex.orderitem", "pk": 86}, {"fields": {"product": 49, "qtyInUnits": 3.0, "pricePerUnit": 5.0, "priceType": "custom rates", "order": 67, "unit": "Kg"}, "model": "veggex.orderitem", "pk": 87}, {"fields": {"product": 85, "qtyInUnits": 56.0, "pricePerUnit": 23.0, "priceType": "custom rates", "order": 77, "unit": "Kg"}, "model": "veggex.orderitem", "pk": 108}, {"fields": {"product": 43, "qtyInUnits": 18.0, "pricePerUnit": 10.0, "priceType": "custom rates", "order": 91, "unit": "Kg"}, "model": "veggex.orderitem", "pk": 131}, {"fields": {"product": 43, "qtyInUnits": 5.0, "pricePerUnit": 10.0, "priceType": "custom rates", "order": 91, "unit": "Kg"}, "model": "veggex.orderitem", "pk": 132}, {"fields": {"product": 50, "qtyInUnits": 3.0, "pricePerUnit": 2.0, "priceType": "custom rates", "order": 91, "unit": "Kg"}, "model": "veggex.orderitem", "pk": 133}, {"fields": {"remainingstock": 2.0, "product": 45, "timeOfCreate": "2015-11-16", "user": 5}, "model": "veggex.currentstock", "pk": 1}, {"fields": {"remainingstock": 12.0, "product": 43, "timeOfCreate": "2015-11-16", "user": 5}, "model": "veggex.currentstock", "pk": 2}, {"fields": {"remainingstock": 123.0, "product": 54, "timeOfCreate": "2015-11-16", "user": 5}, "model": "veggex.currentstock", "pk": 3}, {"fields": {"remainingstock": 23.0, "product": 53, "timeOfCreate": "2015-11-16", "user": 5}, "model": "veggex.currentstock", "pk": 4}, {"fields": {"remainingstock": 12.0, "product": 52, "timeOfCreate": "2015-11-16", "user": 5}, "model": "veggex.currentstock", "pk": 5}, {"fields": {"remainingstock": 2.0, "product": 43, "timeOfCreate": "2015-11-18", "user": 5}, "model": "veggex.currentstock", "pk": 11}, {"fields": {"remainingstock": 23.0, "product": 176, "timeOfCreate": "2015-11-18", "user": 5}, "model": "veggex.currentstock", "pk": 20}, {"fields": {"remainingstock": 23.0, "product": 177, "timeOfCreate": "2015-11-18", "user": 5}, "model": "veggex.currentstock", "pk": 21}, {"fields": {"remainingstock": 2.0, "product": 48, "timeOfCreate": "2015-11-21", "user": 5}, "model": "veggex.currentstock", "pk": 83}, {"fields": {"remainingstock": 24.0, "product": 43, "timeOfCreate": "2015-11-21", "user": 5}, "model": "veggex.currentstock", "pk": 84}, {"fields": {"remainingstock": 3.0, "product": 49, "timeOfCreate": "2015-11-21", "user": 5}, "model": "veggex.currentstock", "pk": 85}, {"fields": {"remainingstock": 56.0, "product": 85, "timeOfCreate": "2015-11-22", "user": 5}, "model": "veggex.currentstock", "pk": 95}, {"fields": {"remainingstock": 3.0, "product": 50, "timeOfCreate": "2015-11-27", "user": 5}, "model": "veggex.currentstock", "pk": 100}]