[{"fields": {"body": "Test Notification from mive", "timeOfCreate": null, "seen": 1, "link": "#", "title": "New Notification"}, "model": "veggex.sellernotification", "pk": 4}, {"fields": {"body": "Congratulations you have recieved a new order orderId57", "timeOfCreate": null, "seen": 0, "link": "seller/orderDetail?orderId=57", "title": "Order recieved"}, "model": "veggex.sellernotification", "pk": 5}, {"fields": {"body": "Congratulations you have recieved a new order orderId58", "timeOfCreate": null, "seen": 0, "link": "seller/orderDetail?orderId=58", "title": "Order recieved"}, "model": "veggex.sellernotification", "pk": 6}, {"fields": {"body": "Congratulations you have recieved a new order orderId59", "timeOfCreate": null, "seen": 1, "link": "seller/orderDetail?orderId=59", "title": "Order recieved"}, "model": "veggex.sellernotification", "pk": 7}, {"fields": {"body": "Congratulations you have recieved a new order orderId119", "timeOfCreate": "2015-10-29T03:29:57.360Z", "seen": 0, "link": "seller/orderDetail?orderId=119", "title": "Order recieved"}, "model": "veggex.sellernotification", "pk": 8}, {"fields": {"body": "Congratulations you have recieved a new order orderId153", "timeOfCreate": "2015-11-02T09:48:32.610Z", "seen": 0, "link": "seller/orderDetail?orderId=153", "title": "Order recieved"}, "model": "veggex.sellernotification", "pk": 9}, {"fields": {"body": "Your order has been placed succesfully with orderId:119", "timeOfCreate": "2015-10-29T03:29:57.351Z", "seen": 0, "link": "orderDetail?orderId=119", "title": "Order Placed"}, "model": "veggex.notification", "pk": 42}, {"fields": {"body": "Your order has been recieved succesfully with orderId:120", "timeOfCreate": "2015-10-29T03:36:30.353Z", "seen": 0, "link": "orderDetail?orderId=120", "title": "Order Recieved"}, "model": "veggex.notification", "pk": 43}, {"fields": {"body": "Your order has been recieved succesfully with orderId:121", "timeOfCreate": "2015-10-29T03:37:00.092Z", "seen": 1, "link": "orderDetail?orderId=121", "title": "Order Recieved"}, "model": "veggex.notification", "pk": 44}, {"fields": {"body": "Your order has been recieved succesfully with orderId:125", "timeOfCreate": "2015-10-31T14:36:55.561Z", "seen": 0, "link": "orderDetail?orderId=125", "title": "Order Recieved"}, "model": "veggex.notification", "pk": 45}, {"fields": {"body": "Your order has been recieved succesfully with orderId:126", "timeOfCreate": "2015-10-31T22:37:54.009Z", "seen": 0, "link": "orderDetail?orderId=126", "title": "Order Recieved"}, "model": "veggex.notification", "pk": 46}, {"fields": {"body": "Your order has been recieved succesfully with orderId:127", "timeOfCreate": "2015-10-31T22:55:27.237Z", "seen": 0, "link": "orderDetail?orderId=127", "title": "Order Recieved"}, "model": "veggex.notification", "pk": 47}, {"fields": {"body": "Your order has been recieved succesfully with orderId:128", "timeOfCreate": "2015-11-01T00:56:13.929Z", "seen": 1, "link": "orderDetail?orderId=128", "title": "Order Recieved"}, "model": "veggex.notification", "pk": 48}, {"fields": {"body": "Your order has been recieved succesfully with orderId:129", "timeOfCreate": "2015-11-01T01:35:37.772Z", "seen": 0, "link": "orderDetail?orderId=129", "title": "Order Recieved"}, "model": "veggex.notification", "pk": 49}, {"fields": {"body": "Your order has been recieved succesfully with orderId:130", "timeOfCreate": "2015-11-01T01:36:55.564Z", "seen": 0, "link": "orderDetail?orderId=130", "title": "Order Recieved"}, "model": "veggex.notification", "pk": 50}, {"fields": {"body": "Your order has been recieved succesfully with orderId:131", "timeOfCreate": "2015-11-01T01:38:56.020Z", "seen": 0, "link": "orderDetail?orderId=131", "title": "Order Recieved"}, "model": "veggex.notification", "pk": 51}, {"fields": {"body": "Your order has been recieved succesfully with orderId:132", "timeOfCreate": "2015-11-01T01:40:55.834Z", "seen": 0, "link": "orderDetail?orderId=132", "title": "Order Recieved"}, "model": "veggex.notification", "pk": 52}, {"fields": {"body": "Your order has been recieved succesfully with orderId:133", "timeOfCreate": "2015-11-01T01:55:17.897Z", "seen": 0, "link": "orderDetail?orderId=133", "title": "Order Recieved"}, "model": "veggex.notification", "pk": 53}, {"fields": {"body": "Your order has been recieved succesfully with orderId:134", "timeOfCreate": "2015-11-01T08:20:44.247Z", "seen": 0, "link": "orderDetail?orderId=134", "title": "Order Recieved"}, "model": "veggex.notification", "pk": 54}, {"fields": {"body": "Your order has been recieved succesfully with orderId:135", "timeOfCreate": "2015-11-01T08:31:22.025Z", "seen": 0, "link": "orderDetail?orderId=135", "title": "Order Recieved"}, "model": "veggex.notification", "pk": 55}, {"fields": {"body": "Your order has been recieved succesfully with orderId:136", "timeOfCreate": "2015-11-01T08:31:52.245Z", "seen": 0, "link": "orderDetail?orderId=136", "title": "Order Recieved"}, "model": "veggex.notification", "pk": 56}, {"fields": {"body": "Your order has been recieved succesfully with orderId:137", "timeOfCreate": "2015-11-01T08:33:42.097Z", "seen": 1, "link": "orderDetail?orderId=137", "title": "Order Recieved"}, "model": "veggex.notification", "pk": 57}, {"fields": {"body": "Your order has been recieved succesfully with orderId:138", "timeOfCreate": "2015-11-01T09:24:20.919Z", "seen": 0, "link": "orderDetail?orderId=138", "title": "Order Recieved"}, "model": "veggex.notification", "pk": 58}, {"fields": {"body": "Your order has been recieved succesfully with orderId:139", "timeOfCreate": "2015-11-01T10:39:18.557Z", "seen": 0, "link": "orderDetail?orderId=139", "title": "Order Recieved"}, "model": "veggex.notification", "pk": 59}, {"fields": {"body": "Your order has been recieved succesfully with orderId:140", "timeOfCreate": "2015-11-01T10:51:37.844Z", "seen": 0, "link": "orderDetail?orderId=140", "title": "Order Recieved"}, "model": "veggex.notification", "pk": 60}, {"fields": {"body": "Your order has been recieved succesfully with orderId:141", "timeOfCreate": "2015-11-01T10:55:16.399Z", "seen": 1, "link": "orderDetail?orderId=141", "title": "Order Recieved"}, "model": "veggex.notification", "pk": 61}, {"fields": {"body": "Your order has been recieved succesfully with orderId:142", "timeOfCreate": "2015-11-01T14:49:12.418Z", "seen": 1, "link": "orderDetail?orderId=142", "title": "Order Recieved"}, "model": "veggex.notification", "pk": 62}, {"fields": {"body": "Your order has been recieved succesfully with orderId:143", "timeOfCreate": "2015-11-01T17:10:55.603Z", "seen": 0, "link": "orderDetail?orderId=143", "title": "Order Recieved"}, "model": "veggex.notification", "pk": 63}, {"fields": {"body": "Your order has been recieved succesfully with orderId:144", "timeOfCreate": "2015-11-01T18:16:57.063Z", "seen": 0, "link": "orderDetail?orderId=144", "title": "Order Recieved"}, "model": "veggex.notification", "pk": 64}, {"fields": {"body": "Your order has been recieved succesfully with orderId:145", "timeOfCreate": "2015-11-01T19:22:35.838Z", "seen": 0, "link": "orderDetail?orderId=145", "title": "Order Recieved"}, "model": "veggex.notification", "pk": 65}, {"fields": {"body": "Your order has been recieved succesfully with orderId:146", "timeOfCreate": "2015-11-01T20:15:34.329Z", "seen": 0, "link": "orderDetail?orderId=146", "title": "Order Recieved"}, "model": "veggex.notification", "pk": 66}, {"fields": {"body": "Your order has been recieved succesfully with orderId:147", "timeOfCreate": "2015-11-01T20:18:07.781Z", "seen": 0, "link": "orderDetail?orderId=147", "title": "Order Recieved"}, "model": "veggex.notification", "pk": 67}, {"fields": {"body": "Your order has been recieved succesfully with orderId:148", "timeOfCreate": "2015-11-01T20:23:00.111Z", "seen": 0, "link": "orderDetail?orderId=148", "title": "Order Recieved"}, "model": "veggex.notification", "pk": 68}, {"fields": {"body": "Your order has been recieved succesfully with orderId:149", "timeOfCreate": "2015-11-01T23:11:25.388Z", "seen": 0, "link": "orderDetail?orderId=149", "title": "Order Recieved"}, "model": "veggex.notification", "pk": 69}, {"fields": {"body": "Your order has been recieved succesfully with orderId:150", "timeOfCreate": "2015-11-02T00:09:25.191Z", "seen": 1, "link": "orderDetail?orderId=150", "title": "Order Recieved"}, "model": "veggex.notification", "pk": 70}, {"fields": {"body": "Your order has been recieved succesfully with orderId:151", "timeOfCreate": "2015-11-02T01:48:36.427Z", "seen": 0, "link": "orderDetail?orderId=151", "title": "Order Recieved"}, "model": "veggex.notification", "pk": 71}, {"fields": {"body": "Your order has been recieved succesfully with orderId:152", "timeOfCreate": "2015-11-02T02:01:54.082Z", "seen": 1, "link": "orderDetail?orderId=152", "title": "Order Recieved"}, "model": "veggex.notification", "pk": 72}, {"fields": {"body": "Your order has been placed succesfully with orderId:153", "timeOfCreate": "2015-11-02T09:48:32.607Z", "seen": 0, "link": "orderDetail?orderId=153", "title": "Order Placed"}, "model": "veggex.notification", "pk": 73}, {"fields": {"body": "Your order has been recieved succesfully with orderId:154", "timeOfCreate": "2015-11-02T09:50:52.000Z", "seen": 0, "link": "orderDetail?orderId=154", "title": "Order Recieved"}, "model": "veggex.notification", "pk": 74}, {"fields": {"city": "delhi", "state": "delhi", "pincode": 110016, "area": "delhi"}, "model": "veggex.address", "pk": 1}, {"fields": {"city": "New Delhi", "state": "Delhi", "pincode": 110016, "area": "Hauz Khas"}, "model": "veggex.address", "pk": 2}, {"fields": {"city": "Delhi", "state": "DL", "pincode": 110016, "area": "delhi"}, "model": "veggex.address", "pk": 3}, {"fields": {"city": "Delhi", "state": "DL", "pincode": 110016, "area": "delhi"}, "model": "veggex.address", "pk": 4}, {"fields": {"city": "New Delhi", "state": "Delhi Ncr", "pincode": 110016, "area": "Hauz Khas"}, "model": "veggex.address", "pk": 5}, {"fields": {"nameOfMandi": "azadpur", "Photo": "", "description": "dadasdd", "address": 1}, "model": "veggex.mandi", "pk": 1}, {"fields": {"description": "these kind of vegetables are being used for fuck", "name": "Chicken", "coverphoto": ""}, "model": "veggex.category", "pk": 1}, {"fields": {"description": "Django administration Welcome, admin. View site / Change password / Log out Home \u203a Veggex \u203a Products \u203a rakesh Change product History  Name: Description: Category:  Change  Add PopularityIndex: Unit: PriceType: PricePerUnit: Coverphoto: Currently: ./Rees52-Raspberry-Pi-2-Model-SDL605139026-1-07246_r4", "name": "Mutton", "coverphoto": ""}, "model": "veggex.category", "pk": 2}, {"fields": {"description": "Django administration Welcome, admin. View site / Change password / Log out Home \u203a Veggex \u203a Products \u203a rakesh Change product History  Name: Description: Category:  Change  Add PopularityIndex: Unit: PriceType: PricePerUnit: Coverphoto: Currently: ./Rees52-Raspberry-Pi-2-Model-SDL605139026-1-07246_r4", "name": "Mutton", "coverphoto": ""}, "model": "veggex.category", "pk": 3}, {"fields": {"description": "Django administration Welcome, admin. View site / Change password / Log out Home \u203a Veggex \u203a Products \u203a rakesh Change product History  Name: Description: Category:  Change  Add PopularityIndex: Unit: PriceType: PricePerUnit: Coverphoto: Currently: ./Rees52-Raspberry-Pi-2-Model-SDL605139026-1-07246_r4", "name": "Fruits", "coverphoto": ""}, "model": "veggex.category", "pk": 4}, {"fields": {"description": "these kind of vegetables are being used for fuck", "name": "Spices", "coverphoto": ""}, "model": "veggex.category", "pk": 5}, {"fields": {"status": 1, "rating": 0, "mobileNo": 8377950711, "profilePhoto": "./web.png", "nameOfSeller": "Mive", "notifications": [9, 8, 4, 7], "address": 1, "mailId": "ra@gmail.com", "password": "pbkdf2_sha256$20000$xcPbF0CMVCyw$eZECZo2qDkuIVr8+UxTiIosfDPdHx6mMQNhUbp3AAjM=", "categories": ""}, "model": "veggex.seller", "pk": 1}, {"fields": {"status": 1, "rating": 0, "mobileNo": 14, "profilePhoto": "", "nameOfSeller": "aonwhe", "notifications": [], "address": 1, "mailId": "rak.dev007@gmail.com", "password": "pbkdf2_sha256$20000$xcPbF0CMVCyw$eZECZo2qDkuIVr8+UxTiIosfDPdHx6mMQNhUbp3AAjM=", "categories": null}, "model": "veggex.seller", "pk": 2}, {"fields": {"status": 1, "rating": 0, "mobileNo": 12378, "profilePhoto": "", "nameOfSeller": "Grofers", "notifications": [], "address": 1, "mailId": "grof@gmail.com", "password": "pbkdf2_sha256$20000$xcPbF0CMVCyw$eZECZo2qDkuIVr8+UxTiIosfDPdHx6mMQNhUbp3AAjM=", "categories": ""}, "model": "veggex.seller", "pk": 3}, {"fields": {"status": 1, "rating": 0, "mobileNo": 12349, "profilePhoto": "./website17_sI0Nfj3.png", "nameOfSeller": "Bigba", "notifications": [], "address": 1, "mailId": "rak.dev007@gmail.com", "password": "pbkdf2_sha256$20000$xcPbF0CMVCyw$eZECZo2qDkuIVr8+UxTiIosfDPdHx6mMQNhUbp3AAjM=", "categories": "fyt,ret,tyu"}, "model": "veggex.seller", "pk": 4}, {"fields": {"status": 1, "rating": 0, "mobileNo": 77777783, "profilePhoto": "./Vegetable_2.png", "nameOfSeller": "zopnow", "notifications": [5], "address": 1, "mailId": "rak.dev007@gmail.com", "password": "pbkdf2_sha256$20000$xcPbF0CMVCyw$eZECZo2qDkuIVr8+UxTiIosfDPdHx6mMQNhUbp3AAjM=", "categories": "fyt,ret,tyu"}, "model": "veggex.seller", "pk": 5}, {"fields": {"status": 1, "rating": 0, "mobileNo": 9289010339, "profilePhoto": "./Vegetable_1.png", "nameOfSeller": "Prtap", "notifications": [], "address": 1, "mailId": "pcy.iitd@gmail.com", "password": "pbkdf2_sha256$20000$xcPbF0CMVCyw$eZECZo2qDkuIVr8+UxTiIosfDPdHx6mMQNhUbp3AAjM=", "categories": "chicken,paranthe"}, "model": "veggex.seller", "pk": 6}, {"fields": {"status": 1, "rating": 0, "mobileNo": 91289010345, "profilePhoto": "./Vegetable_1.png", "nameOfSeller": "petap", "notifications": [], "address": 1, "mailId": "pcy.iitd1@gmail.com", "password": "pbkdf2_sha256$20000$xcPbF0CMVCyw$eZECZo2qDkuIVr8+UxTiIosfDPdHx6mMQNhUbp3AAjM=", "categories": "chicken,paranthe"}, "model": "veggex.seller", "pk": 16}, {"fields": {"status": 0, "rating": 0, "mobileNo": 121212, "profilePhoto": "", "nameOfSeller": "Bibyan", "notifications": [], "address": 3, "mailId": "ry197089@gmail.com", "password": "pbkdf2_sha256$20000$xcPbF0CMVCyw$eZECZo2qDkuIVr8+UxTiIosfDPdHx6mMQNhUbp3AAjM=", "categories": "xuz"}, "model": "veggex.seller", "pk": 35}, {"fields": {"status": 1, "rating": 0, "mobileNo": 1111, "profilePhoto": "", "nameOfSeller": "Ghisu", "notifications": [], "address": 4, "mailId": "ry197089@gmail.com", "password": "pbkdf2_sha256$20000$xcPbF0CMVCyw$eZECZo2qDkuIVr8+UxTiIosfDPdHx6mMQNhUbp3AAjM=", "categories": "dummy names"}, "model": "veggex.seller", "pk": 36}, {"fields": {"category": 4, "origin": "chomu", "qualityRemarks": "yoo", "name": "rakesh", "grade": "Grade-A", "pricePerUnit": 10, "isPerishable": true, "related_products": [2, 102], "seller": 2, "status": 1, "unit": "kg", "maxAvailableUnits": 1000, "popularityIndex": 4, "coverphoto": "./Whatsapp.png", "priceType": "as per mandi rates", "description": "fff"}, "model": "veggex.product", "pk": 1}, {"fields": {"category": 4, "origin": "delhi", "qualityRemarks": "ff", "name": "kellaff", "grade": "Grade-B", "pricePerUnit": 12, "isPerishable": false, "related_products": [1, 101], "seller": 2, "status": 1, "unit": "kg", "maxAvailableUnits": 12, "popularityIndex": null, "coverphoto": "./website17.png", "priceType": "custom rates", "description": ""}, "model": "veggex.product", "pk": 2}, {"fields": {"category": 1, "origin": "delhi", "qualityRemarks": "dsd", "name": "1Apple", "grade": "", "pricePerUnit": 123, "isPerishable": false, "related_products": [], "seller": 4, "status": 1, "unit": "kg", "maxAvailableUnits": 12, "popularityIndex": null, "coverphoto": "./e.jpg", "priceType": "custom rates", "description": "cfsc"}, "model": "veggex.product", "pk": 5}, {"fields": {"category": 2, "origin": "Delhi", "qualityRemarks": "ff", "name": "1a", "grade": "", "pricePerUnit": 1000, "isPerishable": false, "related_products": [], "seller": 4, "status": 1, "unit": "kg", "maxAvailableUnits": 1212, "popularityIndex": null, "coverphoto": "./image-2-compressed.jpg", "priceType": "custom rates", "description": "ddd"}, "model": "veggex.product", "pk": 7}, {"fields": {"category": 1, "origin": "ggg", "qualityRemarks": "dddd", "name": "1Green Apple", "grade": "", "pricePerUnit": 10, "isPerishable": false, "related_products": [], "seller": 4, "status": 1, "unit": "kg", "maxAvailableUnits": 1000, "popularityIndex": null, "coverphoto": "./image-4-compressed.jpg", "priceType": "custom rates", "description": "gdfg"}, "model": "veggex.product", "pk": 8}, {"fields": {"category": 2, "origin": "agra", "qualityRemarks": "superb quality , ideal for shakes ", "name": "1Cherry ", "grade": "", "pricePerUnit": 100, "isPerishable": false, "related_products": [], "seller": 1, "status": 1, "unit": "kg", "maxAvailableUnits": 12, "popularityIndex": 4, "coverphoto": "./cherry_PNG611.jpg", "priceType": "custom rates", "description": "red cherry "}, "model": "veggex.product", "pk": 9}, {"fields": {"category": 2, "origin": "agra ", "qualityRemarks": "amazing quality ", "name": "1Oranges", "grade": "", "pricePerUnit": 45, "isPerishable": false, "related_products": [], "seller": 1, "status": 1, "unit": "kg", "maxAvailableUnits": 100, "popularityIndex": 9, "coverphoto": "./ORANGES.jpg", "priceType": "as per mandi rates", "description": "Juicy sweet orange "}, "model": "veggex.product", "pk": 10}, {"fields": {"category": 1, "origin": "agra ", "qualityRemarks": "superp quality and perishable ", "name": "1Lemons ", "grade": "", "pricePerUnit": 100, "isPerishable": true, "related_products": [], "seller": 1, "status": 1, "unit": "kg", "maxAvailableUnits": 452, "popularityIndex": 5, "coverphoto": "./lemons.jpg", "priceType": "as per mandi rates", "description": "juicy lemon "}, "model": "veggex.product", "pk": 11}, {"fields": {"category": 1, "origin": "Agra ", "qualityRemarks": "superb quality ", "name": "1CauliFlower ", "grade": "", "pricePerUnit": 60, "isPerishable": false, "related_products": [], "seller": 1, "status": 1, "unit": "kg", "maxAvailableUnits": 20, "popularityIndex": 5, "coverphoto": "./cauliflower.jpg", "priceType": "as per mandi rates", "description": "White Cauliflower "}, "model": "veggex.product", "pk": 12}, {"fields": {"category": 2, "origin": "china ", "qualityRemarks": "juicy litchi ", "name": "1Litchi ", "grade": "", "pricePerUnit": 80, "isPerishable": false, "related_products": [], "seller": 1, "status": 1, "unit": "kg", "maxAvailableUnits": 4, "popularityIndex": 6, "coverphoto": "./LICHI.jpg", "priceType": "as per mandi rates", "description": "Juicy lichi "}, "model": "veggex.product", "pk": 13}, {"fields": {"category": 2, "origin": "india", "qualityRemarks": "amazing sweet grapes ", "name": "1Black Grapes ", "grade": "", "pricePerUnit": 80, "isPerishable": false, "related_products": [], "seller": 1, "status": 1, "unit": "kg", "maxAvailableUnits": 120, "popularityIndex": 9, "coverphoto": "./black_grapes.jpg", "priceType": "as per mandi rates", "description": "Sweet grapes "}, "model": "veggex.product", "pk": 14}, {"fields": {"category": 2, "origin": "nagpur ", "qualityRemarks": "sweet guavas with less seeds ", "name": "1Guava ", "grade": "", "pricePerUnit": 30, "isPerishable": false, "related_products": [], "seller": 1, "status": 1, "unit": "kg", "maxAvailableUnits": 50, "popularityIndex": 4, "coverphoto": "./guava1.jpg", "priceType": "as per mandi rates", "description": "sweet guava "}, "model": "veggex.product", "pk": 15}, {"fields": {"category": 2, "origin": "newzealand", "qualityRemarks": "superb quality ", "name": "1Kiwi Fruit ", "grade": "", "pricePerUnit": 200, "isPerishable": false, "related_products": [], "seller": 1, "status": 1, "unit": "kg", "maxAvailableUnits": 10, "popularityIndex": 7, "coverphoto": "./FreshKiwiFruitPhoto5.jpg", "priceType": "as per mandi rates", "description": "Newzealand imported Kiwi fruit "}, "model": "veggex.product", "pk": 16}, {"fields": {"category": 1, "origin": "delhi", "qualityRemarks": "dsd", "name": "grof1Apple", "grade": "", "pricePerUnit": 123, "isPerishable": false, "related_products": [], "seller": 3, "status": 1, "unit": "kg", "maxAvailableUnits": 12, "popularityIndex": null, "coverphoto": "./e.jpg", "priceType": "custom rates", "description": "cfsc"}, "model": "veggex.product", "pk": 35}, {"fields": {"category": 2, "origin": "Delhi", "qualityRemarks": "ff", "name": "grof1a", "grade": "", "pricePerUnit": 1000, "isPerishable": false, "related_products": [], "seller": 3, "status": 1, "unit": "kg", "maxAvailableUnits": 1212, "popularityIndex": null, "coverphoto": "./image-2-compressed.jpg", "priceType": "custom rates", "description": "ddd"}, "model": "veggex.product", "pk": 37}, {"fields": {"category": 1, "origin": "ggg", "qualityRemarks": "dddd", "name": "grof1Green Apple", "grade": "", "pricePerUnit": 10, "isPerishable": false, "related_products": [], "seller": 3, "status": 1, "unit": "kg", "maxAvailableUnits": 1000, "popularityIndex": null, "coverphoto": "./image-4-compressed.jpg", "priceType": "custom rates", "description": "gdfg"}, "model": "veggex.product", "pk": 38}, {"fields": {"category": 1, "origin": "delhi", "qualityRemarks": "dsd", "name": "zoApple", "grade": "", "pricePerUnit": 123, "isPerishable": false, "related_products": [], "seller": 5, "status": 1, "unit": "kg", "maxAvailableUnits": 12, "popularityIndex": null, "coverphoto": "./e.jpg", "priceType": "custom rates", "description": "cfsc"}, "model": "veggex.product", "pk": 55}, {"fields": {"category": 2, "origin": "Delhi", "qualityRemarks": "ff", "name": "zoa", "grade": "", "pricePerUnit": 1000, "isPerishable": false, "related_products": [], "seller": 5, "status": 1, "unit": "kg", "maxAvailableUnits": 1212, "popularityIndex": null, "coverphoto": "./image-2-compressed.jpg", "priceType": "custom rates", "description": "ddd"}, "model": "veggex.product", "pk": 57}, {"fields": {"category": 1, "origin": "ggg", "qualityRemarks": "dddd", "name": "zoGreen Apple", "grade": "", "pricePerUnit": 10, "isPerishable": false, "related_products": [], "seller": 5, "status": 1, "unit": "kg", "maxAvailableUnits": 1000, "popularityIndex": null, "coverphoto": "./image-4-compressed.jpg", "priceType": "custom rates", "description": "gdfg"}, "model": "veggex.product", "pk": 58}, {"fields": {"category": 2, "origin": "agra", "qualityRemarks": "superb quality , ideal for shakes ", "name": "zoCherry ", "grade": "", "pricePerUnit": 100, "isPerishable": false, "related_products": [], "seller": 5, "status": 1, "unit": "kg", "maxAvailableUnits": 12, "popularityIndex": 4, "coverphoto": "./cherry_PNG611.jpg", "priceType": "custom rates", "description": "red cherry "}, "model": "veggex.product", "pk": 59}, {"fields": {"category": 1, "origin": "delhi", "qualityRemarks": "dsd", "name": "ptApple", "grade": "", "pricePerUnit": 30, "isPerishable": false, "related_products": [], "seller": 6, "status": 1, "unit": "kg", "maxAvailableUnits": 12, "popularityIndex": null, "coverphoto": "./e.jpg", "priceType": "custom rates", "description": "cfsc"}, "model": "veggex.product", "pk": 75}, {"fields": {"category": 2, "origin": "Delhi", "qualityRemarks": "ff", "name": "pta", "grade": "", "pricePerUnit": 1000, "isPerishable": false, "related_products": [], "seller": 6, "status": 1, "unit": "kg", "maxAvailableUnits": 1212, "popularityIndex": null, "coverphoto": "./image-2-compressed.jpg", "priceType": "custom rates", "description": "ddd"}, "model": "veggex.product", "pk": 77}, {"fields": {"category": 1, "origin": "ggg", "qualityRemarks": "dddd", "name": "ptGreen Apple", "grade": "", "pricePerUnit": 10, "isPerishable": false, "related_products": [], "seller": 6, "status": 1, "unit": "kg", "maxAvailableUnits": 1000, "popularityIndex": null, "coverphoto": "./image-4-compressed.jpg", "priceType": "custom rates", "description": "gdfg"}, "model": "veggex.product", "pk": 78}, {"fields": {"category": 2, "origin": "agra", "qualityRemarks": "superb quality , ideal for shakes ", "name": "ptCherry ", "grade": "", "pricePerUnit": 100, "isPerishable": false, "related_products": [], "seller": 6, "status": 1, "unit": "kg", "maxAvailableUnits": 12, "popularityIndex": 4, "coverphoto": "./cherry_PNG611.jpg", "priceType": "custom rates", "description": "red cherry "}, "model": "veggex.product", "pk": 79}, {"fields": {"category": 4, "origin": "chomu", "qualityRemarks": "yoo", "name": "2rakesh", "grade": "Grade-A", "pricePerUnit": 10, "isPerishable": true, "related_products": [2], "seller": 2, "status": 1, "unit": "kg", "maxAvailableUnits": 1000, "popularityIndex": 4, "coverphoto": "./No_image_available.png", "priceType": "as per mandi rates", "description": "fff"}, "model": "veggex.product", "pk": 101}, {"fields": {"category": 4, "origin": "delhi", "qualityRemarks": "ff", "name": "2kellaff", "grade": "Grade-B", "pricePerUnit": 12, "isPerishable": false, "related_products": [1], "seller": 2, "status": 1, "unit": "kg", "maxAvailableUnits": 12, "popularityIndex": null, "coverphoto": "./No_image_available.png", "priceType": "custom rates", "description": ""}, "model": "veggex.product", "pk": 102}, {"fields": {"category": 1, "origin": "delhi", "qualityRemarks": "dsd", "name": "21Apple", "grade": "", "pricePerUnit": 123, "isPerishable": false, "related_products": [], "seller": 4, "status": 1, "unit": "kg", "maxAvailableUnits": 12, "popularityIndex": null, "coverphoto": "./e.jpg", "priceType": "custom rates", "description": "cfsc"}, "model": "veggex.product", "pk": 105}, {"fields": {"category": 2, "origin": "Delhi", "qualityRemarks": "ff", "name": "21a", "grade": "", "pricePerUnit": 1000, "isPerishable": false, "related_products": [], "seller": 4, "status": 1, "unit": "kg", "maxAvailableUnits": 1212, "popularityIndex": null, "coverphoto": "./No_image_available.png", "priceType": "custom rates", "description": "ddd"}, "model": "veggex.product", "pk": 107}, {"fields": {"category": 1, "origin": "ggg", "qualityRemarks": "dddd", "name": "21Green Apple", "grade": "", "pricePerUnit": 10, "isPerishable": false, "related_products": [], "seller": 4, "status": 1, "unit": "kg", "maxAvailableUnits": 1000, "popularityIndex": null, "coverphoto": "./No_image_available.png", "priceType": "custom rates", "description": "gdfg"}, "model": "veggex.product", "pk": 108}, {"fields": {"category": 2, "origin": "agra", "qualityRemarks": "superb quality , ideal for shakes ", "name": "21Cherry ", "grade": "", "pricePerUnit": 100, "isPerishable": false, "related_products": [], "seller": 1, "status": 1, "unit": "kg", "maxAvailableUnits": 12, "popularityIndex": 4, "coverphoto": "./No_image_available.png", "priceType": "custom rates", "description": "red cherry "}, "model": "veggex.product", "pk": 109}, {"fields": {"category": 2, "origin": "agra ", "qualityRemarks": "amazing quality ", "name": "zoOranges", "grade": "", "pricePerUnit": 45, "isPerishable": false, "related_products": [], "seller": 5, "status": 1, "unit": "kg", "maxAvailableUnits": 100, "popularityIndex": 9, "coverphoto": "./ORANGES.jpg", "priceType": "as per mandi rates", "description": "Juicy sweet orange "}, "model": "veggex.product", "pk": 510}, {"fields": {"category": 1, "origin": "agra ", "qualityRemarks": "superp quality and perishable ", "name": "zoLemons ", "grade": "", "pricePerUnit": 100, "isPerishable": true, "related_products": [], "seller": 5, "status": 1, "unit": "kg", "maxAvailableUnits": 452, "popularityIndex": 5, "coverphoto": "./lemons.jpg", "priceType": "as per mandi rates", "description": "juicy lemon "}, "model": "veggex.product", "pk": 511}, {"fields": {"category": 1, "origin": "Agra ", "qualityRemarks": "superb quality ", "name": "zoCauliFlower ", "grade": "", "pricePerUnit": 60, "isPerishable": false, "related_products": [], "seller": 5, "status": 1, "unit": "kg", "maxAvailableUnits": 20, "popularityIndex": 5, "coverphoto": "./cauliflower.jpg", "priceType": "as per mandi rates", "description": "White Cauliflower "}, "model": "veggex.product", "pk": 512}, {"fields": {"category": 2, "origin": "china ", "qualityRemarks": "juicy litchi ", "name": "zoLitchi ", "grade": "", "pricePerUnit": 80, "isPerishable": false, "related_products": [], "seller": 5, "status": 1, "unit": "kg", "maxAvailableUnits": 4, "popularityIndex": 6, "coverphoto": "./LICHI.jpg", "priceType": "as per mandi rates", "description": "Juicy lichi "}, "model": "veggex.product", "pk": 513}, {"fields": {"category": 2, "origin": "india", "qualityRemarks": "amazing sweet grapes ", "name": "zoBlack Grapes ", "grade": "", "pricePerUnit": 80, "isPerishable": false, "related_products": [], "seller": 5, "status": 1, "unit": "kg", "maxAvailableUnits": 120, "popularityIndex": 9, "coverphoto": "./black_grapes.jpg", "priceType": "as per mandi rates", "description": "Sweet grapes "}, "model": "veggex.product", "pk": 514}, {"fields": {"category": 2, "origin": "nagpur ", "qualityRemarks": "sweet guavas with less seeds ", "name": "zoGuava ", "grade": "", "pricePerUnit": 30, "isPerishable": false, "related_products": [], "seller": 5, "status": 1, "unit": "kg", "maxAvailableUnits": 50, "popularityIndex": 4, "coverphoto": "./guava1.jpg", "priceType": "as per mandi rates", "description": "sweet guava "}, "model": "veggex.product", "pk": 515}, {"fields": {"category": 2, "origin": "newzealand", "qualityRemarks": "superb quality ", "name": "zoKiwi Fruit ", "grade": "", "pricePerUnit": 200, "isPerishable": false, "related_products": [], "seller": 5, "status": 1, "unit": "kg", "maxAvailableUnits": 10, "popularityIndex": 7, "coverphoto": "./FreshKiwiFruitPhoto5.jpg", "priceType": "as per mandi rates", "description": "Newzealand imported Kiwi fruit "}, "model": "veggex.product", "pk": 516}, {"fields": {"category": 2, "origin": "agra ", "qualityRemarks": "amazing quality ", "name": "ptOranges", "grade": "", "pricePerUnit": 45, "isPerishable": false, "related_products": [], "seller": 6, "status": 1, "unit": "kg", "maxAvailableUnits": 100, "popularityIndex": 9, "coverphoto": "./ORANGES.jpg", "priceType": "as per mandi rates", "description": "Juicy sweet orange "}, "model": "veggex.product", "pk": 710}, {"fields": {"category": 1, "origin": "agra ", "qualityRemarks": "superp quality and perishable ", "name": "ptLemons ", "grade": "", "pricePerUnit": 100, "isPerishable": true, "related_products": [], "seller": 6, "status": 1, "unit": "kg", "maxAvailableUnits": 452, "popularityIndex": 5, "coverphoto": "./lemons.jpg", "priceType": "as per mandi rates", "description": "juicy lemon "}, "model": "veggex.product", "pk": 711}, {"fields": {"category": 1, "origin": "Agra ", "qualityRemarks": "superb quality ", "name": "ptCauliFlower ", "grade": "", "pricePerUnit": 60, "isPerishable": false, "related_products": [], "seller": 6, "status": 1, "unit": "kg", "maxAvailableUnits": 20, "popularityIndex": 5, "coverphoto": "./cauliflower.jpg", "priceType": "as per mandi rates", "description": "White Cauliflower "}, "model": "veggex.product", "pk": 712}, {"fields": {"category": 2, "origin": "china ", "qualityRemarks": "juicy litchi ", "name": "ptLitchi ", "grade": "", "pricePerUnit": 80, "isPerishable": false, "related_products": [], "seller": 6, "status": 1, "unit": "kg", "maxAvailableUnits": 4, "popularityIndex": 6, "coverphoto": "./LICHI.jpg", "priceType": "as per mandi rates", "description": "Juicy lichi "}, "model": "veggex.product", "pk": 713}, {"fields": {"category": 2, "origin": "india", "qualityRemarks": "amazing sweet grapes ", "name": "ptBlack Grapes ", "grade": "", "pricePerUnit": 80, "isPerishable": false, "related_products": [], "seller": 6, "status": 1, "unit": "kg", "maxAvailableUnits": 120, "popularityIndex": 9, "coverphoto": "./black_grapes.jpg", "priceType": "as per mandi rates", "description": "Sweet grapes "}, "model": "veggex.product", "pk": 714}, {"fields": {"category": 2, "origin": "nagpur ", "qualityRemarks": "sweet guavas with less seeds ", "name": "ptGuava ", "grade": "", "pricePerUnit": 300, "isPerishable": false, "related_products": [], "seller": 6, "status": 1, "unit": "kg", "maxAvailableUnits": 50, "popularityIndex": 4, "coverphoto": "./guava1.jpg", "priceType": "as per mandi rates", "description": "sweet guava "}, "model": "veggex.product", "pk": 715}, {"fields": {"category": 2, "origin": "newzealand", "qualityRemarks": "superb quality ", "name": "ptKiwi Fruit ", "grade": "", "pricePerUnit": 200, "isPerishable": false, "related_products": [], "seller": 6, "status": 1, "unit": "kg", "maxAvailableUnits": 10, "popularityIndex": 7, "coverphoto": "./FreshKiwiFruitPhoto5.jpg", "priceType": "as per mandi rates", "description": "Newzealand imported Kiwi fruit "}, "model": "veggex.product", "pk": 716}, {"fields": {"category": 2, "origin": "agra ", "qualityRemarks": "amazing quality ", "name": "21Oranges", "grade": "", "pricePerUnit": 45, "isPerishable": false, "related_products": [], "seller": 1, "status": 1, "unit": "kg", "maxAvailableUnits": 100, "popularityIndex": 9, "coverphoto": "./No_image_available.png", "priceType": "as per mandi rates", "description": "Juicy sweet orange "}, "model": "veggex.product", "pk": 1010}, {"fields": {"category": 1, "origin": "agra ", "qualityRemarks": "superp quality and perishable ", "name": "21Lemons ", "grade": "", "pricePerUnit": 100, "isPerishable": true, "related_products": [], "seller": 1, "status": 1, "unit": "kg", "maxAvailableUnits": 452, "popularityIndex": 5, "coverphoto": "./No_image_available.png", "priceType": "as per mandi rates", "description": "juicy lemon "}, "model": "veggex.product", "pk": 1011}, {"fields": {"category": 1, "origin": "Agra ", "qualityRemarks": "superb quality ", "name": "21CauliFlower ", "grade": "", "pricePerUnit": 60, "isPerishable": false, "related_products": [], "seller": 1, "status": 1, "unit": "kg", "maxAvailableUnits": 20, "popularityIndex": 5, "coverphoto": "./No_image_available.png", "priceType": "as per mandi rates", "description": "White Cauliflower "}, "model": "veggex.product", "pk": 1012}, {"fields": {"category": 2, "origin": "china ", "qualityRemarks": "juicy litchi ", "name": "21Litchi ", "grade": "", "pricePerUnit": 80, "isPerishable": false, "related_products": [], "seller": 1, "status": 1, "unit": "kg", "maxAvailableUnits": 4, "popularityIndex": 6, "coverphoto": "./No_image_available.png", "priceType": "as per mandi rates", "description": "Juicy lichi "}, "model": "veggex.product", "pk": 1013}, {"fields": {"category": 2, "origin": "india", "qualityRemarks": "amazing sweet grapes ", "name": "21Black Grapes ", "grade": "", "pricePerUnit": 80, "isPerishable": false, "related_products": [], "seller": 1, "status": 1, "unit": "kg", "maxAvailableUnits": 120, "popularityIndex": 9, "coverphoto": "./No_image_available.png", "priceType": "as per mandi rates", "description": "Sweet grapes "}, "model": "veggex.product", "pk": 1014}, {"fields": {"category": 2, "origin": "nagpur ", "qualityRemarks": "sweet guavas with less seeds ", "name": "21Guava ", "grade": "", "pricePerUnit": 30, "isPerishable": false, "related_products": [], "seller": 1, "status": 1, "unit": "kg", "maxAvailableUnits": 50, "popularityIndex": 4, "coverphoto": "./No_image_available.png", "priceType": "as per mandi rates", "description": "sweet guava "}, "model": "veggex.product", "pk": 1015}, {"fields": {"category": 2, "origin": "newzealand", "qualityRemarks": "superb quality ", "name": "21Kiwi Fruit ", "grade": "", "pricePerUnit": 200, "isPerishable": false, "related_products": [], "seller": 1, "status": 1, "unit": "kg", "maxAvailableUnits": 10, "popularityIndex": 7, "coverphoto": "./No_image_available.png", "priceType": "as per mandi rates", "description": "Newzealand imported Kiwi fruit "}, "model": "veggex.product", "pk": 1016}, {"fields": {"category": 1, "origin": "delhi", "qualityRemarks": "dsd", "name": "2grof1Apple", "grade": "", "pricePerUnit": 123, "isPerishable": false, "related_products": [], "seller": 3, "status": 1, "unit": "kg", "maxAvailableUnits": 12, "popularityIndex": null, "coverphoto": "./No_image_available.png", "priceType": "custom rates", "description": "cfsc"}, "model": "veggex.product", "pk": 1035}, {"fields": {"category": 2, "origin": "Delhi", "qualityRemarks": "ff", "name": "2grof1a", "grade": "", "pricePerUnit": 1000, "isPerishable": false, "related_products": [], "seller": 3, "status": 1, "unit": "kg", "maxAvailableUnits": 1212, "popularityIndex": null, "coverphoto": "./No_image_available.png", "priceType": "custom rates", "description": "ddd"}, "model": "veggex.product", "pk": 1037}, {"fields": {"category": 1, "origin": "ggg", "qualityRemarks": "dddd", "name": "2grof1Green Apple", "grade": "", "pricePerUnit": 10, "isPerishable": false, "related_products": [], "seller": 3, "status": 1, "unit": "kg", "maxAvailableUnits": 1000, "popularityIndex": null, "coverphoto": "./No_image_available.png", "priceType": "custom rates", "description": "gdfg"}, "model": "veggex.product", "pk": 1038}, {"fields": {"category": 1, "origin": "delhi", "qualityRemarks": "dsd", "name": "2zoApple", "grade": "", "pricePerUnit": 123, "isPerishable": false, "related_products": [], "seller": 5, "status": 1, "unit": "kg", "maxAvailableUnits": 12, "popularityIndex": null, "coverphoto": "./No_image_available.png", "priceType": "custom rates", "description": "cfsc"}, "model": "veggex.product", "pk": 1055}, {"fields": {"category": 2, "origin": "Delhi", "qualityRemarks": "ff", "name": "2zoa", "grade": "", "pricePerUnit": 1000, "isPerishable": false, "related_products": [], "seller": 5, "status": 1, "unit": "kg", "maxAvailableUnits": 1212, "popularityIndex": null, "coverphoto": "./No_image_available.png", "priceType": "custom rates", "description": "ddd"}, "model": "veggex.product", "pk": 1057}, {"fields": {"category": 1, "origin": "ggg", "qualityRemarks": "dddd", "name": "2zoGreen Apple", "grade": "", "pricePerUnit": 10, "isPerishable": false, "related_products": [], "seller": 5, "status": 1, "unit": "kg", "maxAvailableUnits": 1000, "popularityIndex": null, "coverphoto": "./No_image_available.png", "priceType": "custom rates", "description": "gdfg"}, "model": "veggex.product", "pk": 1058}, {"fields": {"category": 2, "origin": "agra", "qualityRemarks": "superb quality , ideal for shakes ", "name": "2zoCherry ", "grade": "", "pricePerUnit": 100, "isPerishable": false, "related_products": [], "seller": 5, "status": 1, "unit": "kg", "maxAvailableUnits": 12, "popularityIndex": 4, "coverphoto": "./No_image_available.png", "priceType": "custom rates", "description": "red cherry "}, "model": "veggex.product", "pk": 1059}, {"fields": {"category": 1, "origin": "delhi", "qualityRemarks": "dsd", "name": "2ptApple", "grade": "", "pricePerUnit": 123, "isPerishable": false, "related_products": [], "seller": 6, "status": 1, "unit": "kg", "maxAvailableUnits": 12, "popularityIndex": null, "coverphoto": "./No_image_available.png", "priceType": "custom rates", "description": "cfsc"}, "model": "veggex.product", "pk": 1075}, {"fields": {"category": 2, "origin": "Delhi", "qualityRemarks": "ff", "name": "2pta", "grade": "", "pricePerUnit": 1000, "isPerishable": false, "related_products": [], "seller": 6, "status": 1, "unit": "kg", "maxAvailableUnits": 1212, "popularityIndex": null, "coverphoto": "./No_image_available.png", "priceType": "custom rates", "description": "ddd"}, "model": "veggex.product", "pk": 1077}, {"fields": {"category": 1, "origin": "ggg", "qualityRemarks": "dddd", "name": "2ptGreen Apple", "grade": "", "pricePerUnit": 10, "isPerishable": false, "related_products": [], "seller": 6, "status": 1, "unit": "kg", "maxAvailableUnits": 1000, "popularityIndex": null, "coverphoto": "./No_image_available.png", "priceType": "custom rates", "description": "gdfg"}, "model": "veggex.product", "pk": 1078}, {"fields": {"category": 2, "origin": "agra", "qualityRemarks": "superb quality , ideal for shakes ", "name": "2ptCherry ", "grade": "", "pricePerUnit": 100, "isPerishable": false, "related_products": [], "seller": 6, "status": 1, "unit": "kg", "maxAvailableUnits": 12, "popularityIndex": 4, "coverphoto": "./No_image_available.png", "priceType": "custom rates", "description": "red cherry "}, "model": "veggex.product", "pk": 1079}, {"fields": {"category": 2, "origin": "agra ", "qualityRemarks": "amazing quality ", "name": "2zoOranges", "grade": "", "pricePerUnit": 45, "isPerishable": false, "related_products": [], "seller": 5, "status": 1, "unit": "kg", "maxAvailableUnits": 100, "popularityIndex": 9, "coverphoto": "./No_image_available.png", "priceType": "as per mandi rates", "description": "Juicy sweet orange "}, "model": "veggex.product", "pk": 10510}, {"fields": {"category": 1, "origin": "agra ", "qualityRemarks": "superp quality and perishable ", "name": "2zoLemons ", "grade": "", "pricePerUnit": 100, "isPerishable": true, "related_products": [], "seller": 5, "status": 1, "unit": "kg", "maxAvailableUnits": 452, "popularityIndex": 5, "coverphoto": "./No_image_available.png", "priceType": "as per mandi rates", "description": "juicy lemon "}, "model": "veggex.product", "pk": 10511}, {"fields": {"category": 1, "origin": "Agra ", "qualityRemarks": "superb quality ", "name": "2zoCauliFlower ", "grade": "", "pricePerUnit": 60, "isPerishable": false, "related_products": [], "seller": 5, "status": 1, "unit": "kg", "maxAvailableUnits": 20, "popularityIndex": 5, "coverphoto": "./No_image_available.png", "priceType": "as per mandi rates", "description": "White Cauliflower "}, "model": "veggex.product", "pk": 10512}, {"fields": {"category": 2, "origin": "china ", "qualityRemarks": "juicy litchi ", "name": "2zoLitchi ", "grade": "", "pricePerUnit": 80, "isPerishable": false, "related_products": [], "seller": 5, "status": 1, "unit": "kg", "maxAvailableUnits": 4, "popularityIndex": 6, "coverphoto": "./No_image_available.png", "priceType": "as per mandi rates", "description": "Juicy lichi "}, "model": "veggex.product", "pk": 10513}, {"fields": {"category": 2, "origin": "india", "qualityRemarks": "amazing sweet grapes ", "name": "2zoBlack Grapes ", "grade": "", "pricePerUnit": 80, "isPerishable": false, "related_products": [], "seller": 5, "status": 1, "unit": "kg", "maxAvailableUnits": 120, "popularityIndex": 9, "coverphoto": "./No_image_available.png", "priceType": "as per mandi rates", "description": "Sweet grapes "}, "model": "veggex.product", "pk": 10514}, {"fields": {"category": 2, "origin": "nagpur ", "qualityRemarks": "sweet guavas with less seeds ", "name": "2zoGuava ", "grade": "", "pricePerUnit": 30, "isPerishable": false, "related_products": [], "seller": 5, "status": 1, "unit": "kg", "maxAvailableUnits": 50, "popularityIndex": 4, "coverphoto": "./No_image_available.png", "priceType": "as per mandi rates", "description": "sweet guava "}, "model": "veggex.product", "pk": 10515}, {"fields": {"category": 2, "origin": "newzealand", "qualityRemarks": "superb quality ", "name": "2zoKiwi Fruit ", "grade": "", "pricePerUnit": 200, "isPerishable": false, "related_products": [], "seller": 5, "status": 1, "unit": "kg", "maxAvailableUnits": 10, "popularityIndex": 7, "coverphoto": "./No_image_available.png", "priceType": "as per mandi rates", "description": "Newzealand imported Kiwi fruit "}, "model": "veggex.product", "pk": 10516}, {"fields": {"category": 2, "origin": "agra ", "qualityRemarks": "amazing quality ", "name": "2ptOranges", "grade": "", "pricePerUnit": 45, "isPerishable": false, "related_products": [], "seller": 6, "status": 1, "unit": "kg", "maxAvailableUnits": 100, "popularityIndex": 9, "coverphoto": "./No_image_available.png", "priceType": "as per mandi rates", "description": "Juicy sweet orange "}, "model": "veggex.product", "pk": 10710}, {"fields": {"category": 1, "origin": "agra ", "qualityRemarks": "superp quality and perishable ", "name": "2ptLemons ", "grade": "", "pricePerUnit": 100, "isPerishable": true, "related_products": [], "seller": 6, "status": 1, "unit": "kg", "maxAvailableUnits": 452, "popularityIndex": 5, "coverphoto": "./No_image_available.png", "priceType": "as per mandi rates", "description": "juicy lemon "}, "model": "veggex.product", "pk": 10711}, {"fields": {"category": 1, "origin": "Agra ", "qualityRemarks": "superb quality ", "name": "2ptCauliFlower ", "grade": "", "pricePerUnit": 60, "isPerishable": false, "related_products": [], "seller": 6, "status": 1, "unit": "kg", "maxAvailableUnits": 20, "popularityIndex": 5, "coverphoto": "./No_image_available.png", "priceType": "as per mandi rates", "description": "White Cauliflower "}, "model": "veggex.product", "pk": 10712}, {"fields": {"category": 2, "origin": "china ", "qualityRemarks": "juicy litchi ", "name": "2ptLitchi ", "grade": "", "pricePerUnit": 80, "isPerishable": false, "related_products": [], "seller": 6, "status": 1, "unit": "kg", "maxAvailableUnits": 4, "popularityIndex": 6, "coverphoto": "./No_image_available.png", "priceType": "as per mandi rates", "description": "Juicy lichi "}, "model": "veggex.product", "pk": 10713}, {"fields": {"category": 2, "origin": "india", "qualityRemarks": "amazing sweet grapes ", "name": "2ptBlack Grapes ", "grade": "", "pricePerUnit": 80, "isPerishable": false, "related_products": [], "seller": 6, "status": 1, "unit": "kg", "maxAvailableUnits": 120, "popularityIndex": 9, "coverphoto": "./No_image_available.png", "priceType": "as per mandi rates", "description": "Sweet grapes "}, "model": "veggex.product", "pk": 10714}, {"fields": {"category": 2, "origin": "nagpur ", "qualityRemarks": "sweet guavas with less seeds ", "name": "2ptGuava ", "grade": "", "pricePerUnit": 30, "isPerishable": false, "related_products": [], "seller": 6, "status": 1, "unit": "kg", "maxAvailableUnits": 50, "popularityIndex": 4, "coverphoto": "./No_image_available.png", "priceType": "as per mandi rates", "description": "sweet guava "}, "model": "veggex.product", "pk": 10715}, {"fields": {"category": 2, "origin": "newzealand", "qualityRemarks": "superb quality ", "name": "2ptKiwi Fruit ", "grade": "", "pricePerUnit": 200, "isPerishable": false, "related_products": [], "seller": 6, "status": 1, "unit": "kg", "maxAvailableUnits": 10, "popularityIndex": 7, "coverphoto": "./No_image_available.png", "priceType": "as per mandi rates", "description": "Newzealand imported Kiwi fruit "}, "model": "veggex.product", "pk": 10716}, {"fields": {"category": 1, "origin": "", "qualityRemarks": "Custom Product", "name": "ghishupd", "grade": "", "pricePerUnit": 12, "isPerishable": false, "related_products": [], "seller": 36, "status": 1, "unit": "10 kg", "maxAvailableUnits": 100000, "popularityIndex": null, "coverphoto": "./No_image_available.png", "priceType": "custom rates", "description": "yolo"}, "model": "veggex.product", "pk": 2210717}, {"fields": {"category": 4, "origin": "chomu", "qualityRemarks": "yoo", "name": "rakesh", "grade": "Grade-A", "pricePerUnit": 23, "isPerishable": false, "related_products": [], "seller": 36, "status": 1, "unit": "kg", "maxAvailableUnits": 1000, "popularityIndex": null, "coverphoto": "./Whatsapp.png", "priceType": "as per mandi rates", "description": "fff"}, "model": "veggex.product", "pk": 2210718}, {"fields": {"category": 1, "origin": "delhi", "qualityRemarks": "dsd", "name": "1Apple", "grade": "", "pricePerUnit": 233, "isPerishable": false, "related_products": [], "seller": 36, "status": 1, "unit": "kg", "maxAvailableUnits": 12, "popularityIndex": null, "coverphoto": "./e.jpg", "priceType": "custom rates", "description": "cfsc"}, "model": "veggex.product", "pk": 2210719}, {"fields": {"products": [9, 10, 11, 12], "seller": 1}, "model": "veggex.categoryvendor", "pk": 27}, {"fields": {"products": [9, 10, 11, 12, 13, 14, 15, 16, 109, 1010, 1011, 1012, 1013, 1014, 1015, 1016], "seller": 1}, "model": "veggex.categoryvendor", "pk": 39}, {"fields": {"products": [11], "seller": 1}, "model": "veggex.categoryvendor", "pk": 43}, {"fields": {"products": [55, 58, 510, 511, 512, 515, 516], "seller": 5}, "model": "veggex.categoryvendor", "pk": 44}, {"fields": {"products": [5, 8, 105, 107], "seller": 4}, "model": "veggex.categoryvendor", "pk": 45}, {"fields": {"products": [35, 37], "seller": 3}, "model": "veggex.categoryvendor", "pk": 46}, {"fields": {"products": [10, 11, 12, 13], "seller": 1}, "model": "veggex.categoryvendor", "pk": 47}, {"fields": {"products": [35, 38, 1035, 1037], "seller": 3}, "model": "veggex.categoryvendor", "pk": 48}, {"fields": {"products": [9, 10, 11, 12, 13], "seller": 1}, "model": "veggex.categoryvendor", "pk": 49}, {"fields": {"products": [7, 8, 105, 108], "seller": 4}, "model": "veggex.categoryvendor", "pk": 50}, {"fields": {"products": [2210717, 2210718, 2210719], "seller": 36}, "model": "veggex.categoryvendor", "pk": 51}, {"fields": {"products": [5, 105, 108], "seller": 4}, "model": "veggex.dummyvendor", "pk": 4}, {"fields": {"products": [2210717, 2210718, 2210719], "seller": 36}, "model": "veggex.dummyvendor", "pk": 5}, {"fields": {"products": [38, 1035, 1038], "seller": 3}, "model": "veggex.dummyvendor", "pk": 6}, {"fields": {"products": [9, 10, 11, 15, 1010, 1016], "seller": 1}, "model": "veggex.dummyvendor", "pk": 7}, {"fields": {"products": [9, 10, 11, 12, 13, 14, 15, 16, 109, 1016], "seller": 1}, "model": "veggex.dummyvendor", "pk": 9}, {"fields": {"products": [35, 37, 38, 1035], "seller": 3}, "model": "veggex.dummyvendor", "pk": 10}, {"fields": {"products": [75, 77, 79, 710, 713, 715, 1075, 1079, 10710, 10711], "seller": 6}, "model": "veggex.dummyvendor", "pk": 11}, {"fields": {"products": [5, 7], "seller": 4}, "model": "veggex.dummyvendor", "pk": 12}, {"fields": {"products": [35, 37, 38, 1037], "seller": 3}, "model": "veggex.dummyvendor", "pk": 13}, {"fields": {"timeOfUpdate": "2015-10-29T18:11:03.614Z", "timeOfCreate": "2015-10-29T18:11:03.614Z", "firstname": "file upload for shubham", "resume": "./IMG_20151029_232612.jpg", "lastname": "yo", "coverletter": "tolo", "email": "ting", "subject": "hola"}, "model": "veggex.career", "pk": 2}, {"fields": {"timeOfUpdate": "2015-10-30T06:20:07.620Z", "timeOfCreate": "2015-10-30T06:20:07.620Z", "firstname": "file upload for shubham", "resume": "./IMG_20151030_114942.jpg", "lastname": "yo", "coverletter": "tolo", "email": "ting", "subject": "hola"}, "model": "veggex.career", "pk": 3}, {"fields": {"timeOfUpdate": "2015-10-30T09:07:32.519Z", "timeOfCreate": "2015-10-30T09:07:32.519Z", "firstname": "file upload for shubham", "resume": "./IMG_20151030_143701.jpg", "lastname": "yo", "coverletter": "tolo", "email": "ting", "subject": "hola"}, "model": "veggex.career", "pk": 4}, {"fields": {"timeOfUpdate": "2015-10-30T09:09:00.823Z", "timeOfCreate": "2015-10-30T09:09:00.823Z", "firstname": "file upload for shubham", "resume": "./IMG_20151030_143839.jpg", "lastname": "yo", "coverletter": "tolo", "email": "ting", "subject": "hola"}, "model": "veggex.career", "pk": 5}, {"fields": {"timeOfUpdate": "2015-10-30T09:09:11.733Z", "timeOfCreate": "2015-10-30T09:09:11.733Z", "firstname": "file upload for shubham", "resume": "./IMG_20151030_143839_auYar2O.jpg", "lastname": "yo", "coverletter": "tolo", "email": "ting", "subject": "hola"}, "model": "veggex.career", "pk": 6}, {"fields": {"timeOfUpdate": "2015-10-30T09:09:18.392Z", "timeOfCreate": "2015-10-30T09:09:18.392Z", "firstname": "file upload for shubham", "resume": "./IMG_20151030_143839_AfdLzPt.jpg", "lastname": "yo", "coverletter": "tolo", "email": "ting", "subject": "hola"}, "model": "veggex.career", "pk": 7}, {"fields": {"timeOfUpdate": "2015-10-30T09:09:24.513Z", "timeOfCreate": "2015-10-30T09:09:24.513Z", "firstname": "file upload for shubham", "resume": "./IMG_20151030_143839_8Lsrfl1.jpg", "lastname": "yo", "coverletter": "tolo", "email": "ting", "subject": "hola"}, "model": "veggex.career", "pk": 8}, {"fields": {"cartTotal": 0, "timeOfUpdate": null, "timeOfCreate": null}, "model": "veggex.cart", "pk": 1}, {"fields": {"cartTotal": 12, "timeOfUpdate": null, "timeOfCreate": null}, "model": "veggex.cart", "pk": 2}, {"fields": {"cartTotal": 1223, "timeOfUpdate": null, "timeOfCreate": null}, "model": "veggex.cart", "pk": 3}, {"fields": {"cartTotal": 1246, "timeOfUpdate": null, "timeOfCreate": null}, "model": "veggex.cart", "pk": 4}, {"fields": {"cartTotal": 0, "timeOfUpdate": null, "timeOfCreate": null}, "model": "veggex.cart", "pk": 5}, {"fields": {"cartTotal": 0, "timeOfUpdate": null, "timeOfCreate": null}, "model": "veggex.cart", "pk": 6}, {"fields": {"cartTotal": 0, "timeOfUpdate": "2015-11-02T09:44:35Z", "timeOfCreate": "2015-11-02T09:44:35Z"}, "model": "veggex.cart", "pk": 7}, {"fields": {"cartTotal": 0, "timeOfUpdate": "2015-11-02T09:56:12Z", "timeOfCreate": "2015-11-02T09:56:12Z"}, "model": "veggex.cart", "pk": 8}, {"fields": {"cartTotal": 0, "timeOfUpdate": "2015-11-02T09:59:05Z", "timeOfCreate": "2015-11-02T09:59:05Z"}, "model": "veggex.cart", "pk": 9}, {"fields": {"cartTotal": 0, "timeOfUpdate": "2015-11-02T10:01:33Z", "timeOfCreate": "2015-11-02T10:01:33Z"}, "model": "veggex.cart", "pk": 10}, {"fields": {"cartTotal": 0, "timeOfUpdate": "2015-11-02T10:03:55Z", "timeOfCreate": "2015-11-02T10:03:55Z"}, "model": "veggex.cart", "pk": 11}, {"fields": {"dummycartTotal": 656, "timeOfUpdate": null, "timeOfCreate": null}, "model": "veggex.dummycart", "pk": 2}, {"fields": {"dummycartTotal": 0, "timeOfUpdate": null, "timeOfCreate": null}, "model": "veggex.dummycart", "pk": 3}, {"fields": {"dummycartTotal": 0, "timeOfUpdate": null, "timeOfCreate": null}, "model": "veggex.dummycart", "pk": 4}, {"fields": {"dummycartTotal": 628, "timeOfUpdate": null, "timeOfCreate": null}, "model": "veggex.dummycart", "pk": 5}, {"fields": {"dummycartTotal": 453, "timeOfUpdate": null, "timeOfCreate": null}, "model": "veggex.dummycart", "pk": 6}, {"fields": {"dummycartTotal": 0, "timeOfUpdate": null, "timeOfCreate": null}, "model": "veggex.dummycart", "pk": 7}, {"fields": {"dummycartTotal": 0, "timeOfUpdate": "2015-11-02T09:44:41Z", "timeOfCreate": "2015-11-02T09:44:41Z"}, "model": "veggex.dummycart", "pk": 8}, {"fields": {"dummycartTotal": 0, "timeOfUpdate": "2015-11-02T09:56:18Z", "timeOfCreate": "2015-11-02T09:56:18Z"}, "model": "veggex.dummycart", "pk": 9}, {"fields": {"dummycartTotal": 0, "timeOfUpdate": "2015-11-02T09:59:10Z", "timeOfCreate": "2015-11-02T09:59:10Z"}, "model": "veggex.dummycart", "pk": 10}, {"fields": {"dummycartTotal": 0, "timeOfUpdate": "2015-11-02T10:01:38Z", "timeOfCreate": "2015-11-02T10:01:38Z"}, "model": "veggex.dummycart", "pk": 11}, {"fields": {"dummycartTotal": 0, "timeOfUpdate": "2015-11-02T10:04:01Z", "timeOfCreate": "2015-11-02T10:04:01Z"}, "model": "veggex.dummycart", "pk": 12}, {"fields": {"description": "Not available", "notifications": [72, 71, 70, 69, 68, 67, 66, 65, 64, 63, 62, 61, 60, 59, 58, 57, 56, 55, 54, 53, 52, 51, 50, 49, 48, 47, 46, 45, 44, 43, 42], "nameOfOwner": "Rakesh Yadav", "institutionType": "hotels", "mobileNo": 8377950711, "dummyvendors": [9, 10, 11, 12], "profilePhoto": "./rajat_Cropped.jpg", "cart": 1, "owner": null, "nameOfInstitution": "Mezbaan restaurants", "address": 1, "mailId": "rak.dev007@gmail.com", "creditlimit": -845, "gpsLocation": "", "password": "pbkdf2_sha256$20000$xcPbF0CMVCyw$eZECZo2qDkuIVr8+UxTiIosfDPdHx6mMQNhUbp3AAjM=", "message": [], "categories": [39], "dummycart": 2}, "model": "veggex.user", "pk": 1}, {"fields": {"description": "Not available", "notifications": [], "nameOfOwner": "Shyam lal", "institutionType": "hotels", "mobileNo": 9928524925, "dummyvendors": [], "profilePhoto": "./unnamed.png", "cart": 2, "owner": null, "nameOfInstitution": "Cafe Coffe Day", "address": 1, "mailId": "info@mive.in", "creditlimit": 0, "gpsLocation": "", "password": "pbkdf2_sha256$20000$xcPbF0CMVCyw$eZECZo2qDkuIVr8+UxTiIosfDPdHx6mMQNhUbp3AAjM=", "message": [], "categories": [43, 44, 45, 46], "dummycart": 3}, "model": "veggex.user", "pk": 2}, {"fields": {"description": "Not available", "notifications": [], "nameOfOwner": "twwe", "institutionType": "hotels", "mobileNo": 9352132140, "dummyvendors": [], "profilePhoto": "./pc_205x205.jpg", "cart": 3, "owner": null, "nameOfInstitution": "New hotel", "address": 1, "mailId": "kjfjs@p.com", "creditlimit": 0, "gpsLocation": "", "password": "pbkdf2_sha256$20000$xcPbF0CMVCyw$eZECZo2qDkuIVr8+UxTiIosfDPdHx6mMQNhUbp3AAjM=", "message": [], "categories": [27], "dummycart": 4}, "model": "veggex.user", "pk": 3}, {"fields": {"description": "Not available", "notifications": [], "nameOfOwner": "Xyz singh", "institutionType": "hotels", "mobileNo": 12345, "dummyvendors": [7], "profilePhoto": "./rak_Cropped.jpg", "cart": 4, "owner": null, "nameOfInstitution": "Dominos", "address": 2, "mailId": "pcy.iitd@gmail.com", "creditlimit": 0, "gpsLocation": "", "password": "pbkdf2_sha256$20000$xcPbF0CMVCyw$eZECZo2qDkuIVr8+UxTiIosfDPdHx6mMQNhUbp3AAjM=", "message": [], "categories": [47, 48], "dummycart": 5}, "model": "veggex.user", "pk": 4}, {"fields": {"description": "Not available", "notifications": [], "nameOfOwner": "Shubham Patel", "institutionType": "hotels", "mobileNo": 9999888877, "dummyvendors": [4, 5, 6], "profilePhoto": "./pc_205x205_nvlScC4.jpg", "cart": 5, "owner": null, "nameOfInstitution": "Subway", "address": 2, "mailId": "info@rees52.org", "creditlimit": 10000, "gpsLocation": "", "password": "pbkdf2_sha256$20000$iPPjS50pBKzv$LsF8/V60YPSikuFOLt1QbIsgeQfP0nlRMNzzxTh2ARs=", "message": [], "categories": [50, 51], "dummycart": 6}, "model": "veggex.user", "pk": 5}, {"fields": {"description": "Not available", "notifications": [], "nameOfOwner": "Neha ", "institutionType": "hotels", "mobileNo": 9999998888, "dummyvendors": [], "profilePhoto": "./Whatsapp_n2rodD6.png", "cart": 6, "owner": null, "nameOfInstitution": "Chi Kitchen", "address": 2, "mailId": "ra@gmail.com", "creditlimit": 10000, "gpsLocation": "", "password": "pbkdf2_sha256$20000$xcPbF0CMVCyw$eZECZo2qDkuIVr8+UxTiIosfDPdHx6mMQNhUbp3AAjM=", "message": [], "categories": [49], "dummycart": 7}, "model": "veggex.user", "pk": 6}, {"fields": {"description": "Not available", "notifications": [74, 73], "nameOfOwner": "11", "institutionType": "hotels", "mobileNo": 211, "dummyvendors": [13], "profilePhoto": "./web_dLmqkNu.png", "cart": 7, "owner": null, "nameOfInstitution": "hh", "address": null, "mailId": "info@rees52.org", "creditlimit": 9100, "gpsLocation": "", "password": "pbkdf2_sha256$20000$xcPbF0CMVCyw$eZECZo2qDkuIVr8+UxTiIosfDPdHx6mMQNhUbp3AAjM=", "message": [], "categories": [39], "dummycart": 8}, "model": "veggex.user", "pk": 7}, {"fields": {"description": "Not available", "notifications": [], "nameOfOwner": "Saurav", "institutionType": "other buyers", "mobileNo": 9873477675, "dummyvendors": [], "profilePhoto": "./pc_205x205_KD6hSuc.jpg", "cart": 8, "owner": null, "nameOfInstitution": "XYZ Pizza", "address": 5, "mailId": "info@rees52.org", "creditlimit": 10000, "gpsLocation": "", "password": "pbkdf2_sha256$20000$Mk6RxVkMpv6O$nvTH3sq6qaxvBF00ymLNAAMq4TQnxxAfVHk2iJPm4jo=", "message": [], "categories": [39], "dummycart": 9}, "model": "veggex.user", "pk": 8}, {"fields": {"description": "Not available", "notifications": [], "nameOfOwner": "Phool Chand", "institutionType": "other buyers", "mobileNo": 9599384977, "dummyvendors": [], "profilePhoto": "./rajat_Cropped_l22bNT6.jpg", "cart": 9, "owner": null, "nameOfInstitution": "XYZ Burgers", "address": 5, "mailId": "info@rees52.org", "creditlimit": 10000, "gpsLocation": "", "password": "pbkdf2_sha256$20000$6K9VLRmXxZPw$gQuS4e8E8OM+/k4tyBN3NWtPVSmuiG84J7xNaVNUmO0=", "message": [], "categories": [39], "dummycart": 10}, "model": "veggex.user", "pk": 9}, {"fields": {"description": "Not available", "notifications": [], "nameOfOwner": "Ashish Bibyan", "institutionType": "other buyers", "mobileNo": 9555666059, "dummyvendors": [], "profilePhoto": "./pc_139x139.jpg", "cart": 10, "owner": null, "nameOfInstitution": "XYZ Kitchen", "address": 5, "mailId": "info@rees52.org", "creditlimit": 10000, "gpsLocation": "", "password": "pbkdf2_sha256$20000$KbBEfdP665Oa$Sy4EKVU62XgdamNsbc4yl+Wo36TfQfvOiu94RBaKk7w=", "message": [], "categories": [39], "dummycart": 11}, "model": "veggex.user", "pk": 10}, {"fields": {"description": "Not available", "notifications": [], "nameOfOwner": "Shubham", "institutionType": "other buyers", "mobileNo": 8899888995, "dummyvendors": [], "profilePhoto": "./rajat_Cropped_AcozvQU.jpg", "cart": 11, "owner": null, "nameOfInstitution": "XYZ Burgers2", "address": 5, "mailId": "info@rees52.org", "creditlimit": 10000, "gpsLocation": "", "password": "pbkdf2_sha256$20000$kKPPR4NkAdiI$eKw+zb4iJ418dMzwJ4gGZsAaF/OKl479V/XO9Xq4gsg=", "message": [], "categories": [39], "dummycart": 12}, "model": "veggex.user", "pk": 11}, {"fields": {"product": 2, "timeOfUpdate": null, "timeOfCreate": null, "qtyInUnits": 1, "pricePerUnit": 0, "cart": 2}, "model": "veggex.cartitem", "pk": 56}, {"fields": {"product": 35, "timeOfUpdate": null, "timeOfCreate": null, "qtyInUnits": 1, "pricePerUnit": 0, "cart": 3}, "model": "veggex.cartitem", "pk": 62}, {"fields": {"product": 37, "timeOfUpdate": null, "timeOfCreate": null, "qtyInUnits": 1, "pricePerUnit": 0, "cart": 3}, "model": "veggex.cartitem", "pk": 63}, {"fields": {"product": 11, "timeOfUpdate": null, "timeOfCreate": null, "qtyInUnits": 1, "pricePerUnit": 0, "cart": 3}, "model": "veggex.cartitem", "pk": 64}, {"fields": {"product": 1037, "timeOfUpdate": null, "timeOfCreate": null, "qtyInUnits": 1, "pricePerUnit": 0, "cart": 4}, "model": "veggex.cartitem", "pk": 69}, {"fields": {"product": 1035, "timeOfUpdate": null, "timeOfCreate": null, "qtyInUnits": 1, "pricePerUnit": 0, "cart": 4}, "model": "veggex.cartitem", "pk": 70}, {"fields": {"product": 108, "timeOfUpdate": null, "timeOfCreate": null, "qtyInUnits": 1, "pricePerUnit": 10, "dummycart": 5}, "model": "veggex.dummycartitem", "pk": 22}, {"fields": {"product": 105, "timeOfUpdate": null, "timeOfCreate": null, "qtyInUnits": 1, "pricePerUnit": 123, "dummycart": 5}, "model": "veggex.dummycartitem", "pk": 23}, {"fields": {"product": 10, "timeOfUpdate": null, "timeOfCreate": null, "qtyInUnits": 1, "pricePerUnit": 45, "dummycart": 5}, "model": "veggex.dummycartitem", "pk": 24}, {"fields": {"product": 10, "timeOfUpdate": null, "timeOfCreate": null, "qtyInUnits": 1, "pricePerUnit": 450, "dummycart": 5}, "model": "veggex.dummycartitem", "pk": 25}, {"fields": {"product": 5, "timeOfUpdate": null, "timeOfCreate": null, "qtyInUnits": 1, "pricePerUnit": 123, "dummycart": 6}, "model": "veggex.dummycartitem", "pk": 26}, {"fields": {"product": 5, "timeOfUpdate": null, "timeOfCreate": null, "qtyInUnits": 1, "pricePerUnit": 300, "dummycart": 6}, "model": "veggex.dummycartitem", "pk": 27}, {"fields": {"product": 108, "timeOfUpdate": null, "timeOfCreate": null, "qtyInUnits": 30, "pricePerUnit": 1, "dummycart": 6}, "model": "veggex.dummycartitem", "pk": 28}, {"fields": {"product": 10511, "timeOfUpdate": null, "timeOfCreate": null, "qtyInUnits": 2, "pricePerUnit": 100, "dummycart": 2}, "model": "veggex.dummycartitem", "pk": 29}, {"fields": {"product": 10511, "timeOfUpdate": null, "timeOfCreate": null, "qtyInUnits": 1, "pricePerUnit": 10, "dummycart": 2}, "model": "veggex.dummycartitem", "pk": 30}, {"fields": {"product": 10513, "timeOfUpdate": null, "timeOfCreate": null, "qtyInUnits": 2, "pricePerUnit": 111, "dummycart": 2}, "model": "veggex.dummycartitem", "pk": 31}, {"fields": {"product": 10513, "timeOfUpdate": null, "timeOfCreate": null, "qtyInUnits": 2, "pricePerUnit": 112, "dummycart": 2}, "model": "veggex.dummycartitem", "pk": 32}, {"fields": {"image": "invoices/test2.png"}, "model": "veggex.invoiceimage", "pk": 1}, {"fields": {"image": "invoices/unnamed_1.png"}, "model": "veggex.invoiceimage", "pk": 2}, {"fields": {"image": "invoices/unnamed_1_SzpD5SH.png"}, "model": "veggex.invoiceimage", "pk": 3}, {"fields": {"image": "u"}, "model": "veggex.invoiceimage", "pk": 4}, {"fields": {"image": "n"}, "model": "veggex.invoiceimage", "pk": 5}, {"fields": {"image": "n"}, "model": "veggex.invoiceimage", "pk": 6}, {"fields": {"image": "a"}, "model": "veggex.invoiceimage", "pk": 7}, {"fields": {"image": "m"}, "model": "veggex.invoiceimage", "pk": 8}, {"fields": {"image": "e"}, "model": "veggex.invoiceimage", "pk": 9}, {"fields": {"image": "d"}, "model": "veggex.invoiceimage", "pk": 10}, {"fields": {"image": " "}, "model": "veggex.invoiceimage", "pk": 11}, {"fields": {"image": "("}, "model": "veggex.invoiceimage", "pk": 12}, {"fields": {"image": "1"}, "model": "veggex.invoiceimage", "pk": 13}, {"fields": {"image": ")"}, "model": "veggex.invoiceimage", "pk": 14}, {"fields": {"image": "."}, "model": "veggex.invoiceimage", "pk": 15}, {"fields": {"image": "p"}, "model": "veggex.invoiceimage", "pk": 16}, {"fields": {"image": "n"}, "model": "veggex.invoiceimage", "pk": 17}, {"fields": {"image": "g"}, "model": "veggex.invoiceimage", "pk": 18}, {"fields": {"image": "u"}, "model": "veggex.invoiceimage", "pk": 19}, {"fields": {"image": "n"}, "model": "veggex.invoiceimage", "pk": 20}, {"fields": {"image": "n"}, "model": "veggex.invoiceimage", "pk": 21}, {"fields": {"image": "a"}, "model": "veggex.invoiceimage", "pk": 22}, {"fields": {"image": "m"}, "model": "veggex.invoiceimage", "pk": 23}, {"fields": {"image": "e"}, "model": "veggex.invoiceimage", "pk": 24}, {"fields": {"image": "d"}, "model": "veggex.invoiceimage", "pk": 25}, {"fields": {"image": "."}, "model": "veggex.invoiceimage", "pk": 26}, {"fields": {"image": "p"}, "model": "veggex.invoiceimage", "pk": 27}, {"fields": {"image": "n"}, "model": "veggex.invoiceimage", "pk": 28}, {"fields": {"image": "g"}, "model": "veggex.invoiceimage", "pk": 29}, {"fields": {"image": "u"}, "model": "veggex.invoiceimage", "pk": 30}, {"fields": {"image": "n"}, "model": "veggex.invoiceimage", "pk": 31}, {"fields": {"image": "n"}, "model": "veggex.invoiceimage", "pk": 32}, {"fields": {"image": "a"}, "model": "veggex.invoiceimage", "pk": 33}, {"fields": {"image": "m"}, "model": "veggex.invoiceimage", "pk": 34}, {"fields": {"image": "e"}, "model": "veggex.invoiceimage", "pk": 35}, {"fields": {"image": "d"}, "model": "veggex.invoiceimage", "pk": 36}, {"fields": {"image": "."}, "model": "veggex.invoiceimage", "pk": 37}, {"fields": {"image": "p"}, "model": "veggex.invoiceimage", "pk": 38}, {"fields": {"image": "n"}, "model": "veggex.invoiceimage", "pk": 39}, {"fields": {"image": "g"}, "model": "veggex.invoiceimage", "pk": 40}, {"fields": {"image": "u"}, "model": "veggex.invoiceimage", "pk": 41}, {"fields": {"image": "n"}, "model": "veggex.invoiceimage", "pk": 42}, {"fields": {"image": "n"}, "model": "veggex.invoiceimage", "pk": 43}, {"fields": {"image": "a"}, "model": "veggex.invoiceimage", "pk": 44}, {"fields": {"image": "m"}, "model": "veggex.invoiceimage", "pk": 45}, {"fields": {"image": "e"}, "model": "veggex.invoiceimage", "pk": 46}, {"fields": {"image": "d"}, "model": "veggex.invoiceimage", "pk": 47}, {"fields": {"image": "."}, "model": "veggex.invoiceimage", "pk": 48}, {"fields": {"image": "p"}, "model": "veggex.invoiceimage", "pk": 49}, {"fields": {"image": "n"}, "model": "veggex.invoiceimage", "pk": 50}, {"fields": {"image": "g"}, "model": "veggex.invoiceimage", "pk": 51}, {"fields": {"image": "u"}, "model": "veggex.invoiceimage", "pk": 52}, {"fields": {"image": "n"}, "model": "veggex.invoiceimage", "pk": 53}, {"fields": {"image": "n"}, "model": "veggex.invoiceimage", "pk": 54}, {"fields": {"image": "a"}, "model": "veggex.invoiceimage", "pk": 55}, {"fields": {"image": "m"}, "model": "veggex.invoiceimage", "pk": 56}, {"fields": {"image": "e"}, "model": "veggex.invoiceimage", "pk": 57}, {"fields": {"image": "d"}, "model": "veggex.invoiceimage", "pk": 58}, {"fields": {"image": " "}, "model": "veggex.invoiceimage", "pk": 59}, {"fields": {"image": "("}, "model": "veggex.invoiceimage", "pk": 60}, {"fields": {"image": "1"}, "model": "veggex.invoiceimage", "pk": 61}, {"fields": {"image": ")"}, "model": "veggex.invoiceimage", "pk": 62}, {"fields": {"image": "."}, "model": "veggex.invoiceimage", "pk": 63}, {"fields": {"image": "p"}, "model": "veggex.invoiceimage", "pk": 64}, {"fields": {"image": "n"}, "model": "veggex.invoiceimage", "pk": 65}, {"fields": {"image": "g"}, "model": "veggex.invoiceimage", "pk": 66}, {"fields": {"image": "invoices/test2_pWIuIbJ.png"}, "model": "veggex.invoiceimage", "pk": 67}, {"fields": {"image": "invoices/test2_GW0PqWi.png"}, "model": "veggex.invoiceimage", "pk": 68}, {"fields": {"image": "invoices/test2_7TZFFcs.png"}, "model": "veggex.invoiceimage", "pk": 69}, {"fields": {"image": "invoices/unnamed_1_khJ6m3x.png"}, "model": "veggex.invoiceimage", "pk": 70}, {"fields": {"image": "invoices/unnamed.png"}, "model": "veggex.invoiceimage", "pk": 71}, {"fields": {"image": "invoices/test2_hrfa6GB.png"}, "model": "veggex.invoiceimage", "pk": 72}, {"fields": {"image": "invoices/Wolverine-hd-wallpapers-for-pc-1.png"}, "model": "veggex.invoiceimage", "pk": 73}, {"fields": {"image": "invoices/Vegetable_2.png"}, "model": "veggex.invoiceimage", "pk": 74}, {"fields": {"image": "invoices/Vegetable_1.png"}, "model": "veggex.invoiceimage", "pk": 75}, {"fields": {"image": "invoices/unnamed-compressed.png"}, "model": "veggex.invoiceimage", "pk": 76}, {"fields": {"image": "invoices/unnamed-compressed.jpg"}, "model": "veggex.invoiceimage", "pk": 77}, {"fields": {"image": "invoices/unnamed_Edgckty.png"}, "model": "veggex.invoiceimage", "pk": 78}, {"fields": {"image": "invoices/Screenshot_from_2015-10-29_153714.png"}, "model": "veggex.invoiceimage", "pk": 79}, {"fields": {"image": "invoices/Screenshot_from_2015-10-21_131416.png"}, "model": "veggex.invoiceimage", "pk": 80}, {"fields": {"image": "invoices/Screenshot_from_2015-09-26_160454.png"}, "model": "veggex.invoiceimage", "pk": 81}, {"fields": {"image": "invoices/Screenshot_from_2015-09-07_024315.png"}, "model": "veggex.invoiceimage", "pk": 82}, {"fields": {"image": "invoices/Screenshot_from_2015-09-07_024259.png"}, "model": "veggex.invoiceimage", "pk": 83}, {"fields": {"image": "invoices/1446341712616-842272390.jpg"}, "model": "veggex.invoiceimage", "pk": 84}, {"fields": {"image": "invoices/1446341794576719681249.jpg"}, "model": "veggex.invoiceimage", "pk": 85}, {"fields": {"image": "invoices/14463419193411752394743.jpg"}, "model": "veggex.invoiceimage", "pk": 86}, {"fields": {"image": "invoices/IMG_20151101_070844099.jpg"}, "model": "veggex.invoiceimage", "pk": 87}, {"fields": {"image": "invoices/IMG_20151101_070833995.jpg"}, "model": "veggex.invoiceimage", "pk": 88}, {"fields": {"image": "invoices/IMG_20151101_070844099_k07iepL.jpg"}, "model": "veggex.invoiceimage", "pk": 89}, {"fields": {"image": "invoices/tnp4"}, "model": "veggex.invoiceimage", "pk": 90}, {"fields": {"image": "invoices/bck.jpg"}, "model": "veggex.invoiceimage", "pk": 91}, {"fields": {"image": "invoices/stats-vendor.png"}, "model": "veggex.invoiceimage", "pk": 92}, {"fields": {"image": "invoices/IMG_20151101_135758.jpg"}, "model": "veggex.invoiceimage", "pk": 93}, {"fields": {"image": "invoices/1.png"}, "model": "veggex.invoiceimage", "pk": 94}, {"fields": {"image": "invoices/IMG_20151101_160632.jpg"}, "model": "veggex.invoiceimage", "pk": 95}, {"fields": {"image": "invoices/IMG_20151101_161737.jpg"}, "model": "veggex.invoiceimage", "pk": 96}, {"fields": {"image": "invoices/backlogin.jpg"}, "model": "veggex.invoiceimage", "pk": 97}, {"fields": {"image": "invoices/14463893312821342659446.jpg"}, "model": "veggex.invoiceimage", "pk": 98}, {"fields": {"image": "invoices/IMG_20151101_223252.jpg"}, "model": "veggex.invoiceimage", "pk": 99}, {"fields": {"image": "invoices/IMG_20151101_234239.jpg"}, "model": "veggex.invoiceimage", "pk": 100}, {"fields": {"image": "invoices/IMG_20151102_004837.jpg"}, "model": "veggex.invoiceimage", "pk": 101}, {"fields": {"image": "invoices/IMG_20151102_014445.jpg"}, "model": "veggex.invoiceimage", "pk": 102}, {"fields": {"image": "invoices/IMG_20151102_014733.jpg"}, "model": "veggex.invoiceimage", "pk": 103}, {"fields": {"image": "invoices/IMG_20151102_015218.jpg"}, "model": "veggex.invoiceimage", "pk": 104}, {"fields": {"image": "invoices/1446419465852-842272390.jpg"}, "model": "veggex.invoiceimage", "pk": 105}, {"fields": {"image": "invoices/1446428899922-842272390.jpg"}, "model": "veggex.invoiceimage", "pk": 106}, {"fields": {"image": "invoices/Whatsapp_gNNFMuZ.png"}, "model": "veggex.invoiceimage", "pk": 107}, {"fields": {"status": "PLACED", "category": null, "timeOfUpdate": null, "timeOfCreate": "2015-10-29T18:06:59.999Z", "deliveryTime": "2015-10-30", "invoices": [], "orderType": "dummy", "seller": 1, "user": 1, "payment_mode": "COD", "orderMsg": "dongdong", "subtotal": 45, "payment": "unpaid"}, "model": "veggex.order", "pk": 104}, {"fields": {"status": "PLACED", "category": null, "timeOfUpdate": null, "timeOfCreate": "2015-10-29T18:06:59.999Z", "deliveryTime": "2015-10-30", "invoices": [], "orderType": "dummy", "seller": 1, "user": 1, "payment_mode": "COD", "orderMsg": "", "subtotal": 1, "payment": "unpaid"}, "model": "veggex.order", "pk": 105}, {"fields": {"status": "PLACED", "category": null, "timeOfUpdate": null, "timeOfCreate": "2015-10-29T18:06:59.999Z", "deliveryTime": "2015-10-29", "invoices": [], "orderType": "dummy", "seller": 1, "user": 1, "payment_mode": "COD", "orderMsg": "", "subtotal": 45, "payment": "unpaid"}, "model": "veggex.order", "pk": 106}, {"fields": {"status": "PLACED", "category": null, "timeOfUpdate": null, "timeOfCreate": "2015-10-29T18:06:59.999Z", "deliveryTime": "2015-10-29", "invoices": [], "orderType": "dummy", "seller": 1, "user": 1, "payment_mode": "COD", "orderMsg": "", "subtotal": 1, "payment": "unpaid"}, "model": "veggex.order", "pk": 107}, {"fields": {"status": "PLACED", "category": null, "timeOfUpdate": null, "timeOfCreate": "2015-10-29T18:06:59.999Z", "deliveryTime": "2015-10-30", "invoices": [], "orderType": "dummy", "seller": 1, "user": 1, "payment_mode": "COD", "orderMsg": "", "subtotal": 100, "payment": "unpaid"}, "model": "veggex.order", "pk": 108}, {"fields": {"status": "PLACED", "category": null, "timeOfUpdate": null, "timeOfCreate": "2015-10-29T18:06:59.999Z", "deliveryTime": "2015-10-29", "invoices": [], "orderType": "dummy", "seller": 1, "user": 1, "payment_mode": "COD", "orderMsg": "", "subtotal": 1, "payment": "unpaid"}, "model": "veggex.order", "pk": 109}, {"fields": {"status": "PLACED", "category": null, "timeOfUpdate": null, "timeOfCreate": "2015-10-19T18:06:59Z", "deliveryTime": "2015-10-30", "invoices": [], "orderType": "dummy", "seller": 1, "user": 1, "payment_mode": "COD", "orderMsg": "", "subtotal": 1000, "payment": "unpaid"}, "model": "veggex.order", "pk": 110}, {"fields": {"status": "PLACED", "category": null, "timeOfUpdate": null, "timeOfCreate": "2015-09-29T18:06:59Z", "deliveryTime": "2015-10-30", "invoices": [], "orderType": "dummy", "seller": 1, "user": 1, "payment_mode": "COD", "orderMsg": "", "subtotal": 100, "payment": "unpaid"}, "model": "veggex.order", "pk": 111}, {"fields": {"status": "PLACED", "category": null, "timeOfUpdate": "2015-10-29T02:59:55Z", "timeOfCreate": "2015-09-09T18:06:59Z", "deliveryTime": "2015-10-29", "invoices": [], "orderType": "dummy", "seller": 1, "user": 1, "payment_mode": "COD", "orderMsg": "", "subtotal": 200, "payment": "unpaid"}, "model": "veggex.order", "pk": 112}, {"fields": {"status": "PLACED", "category": null, "timeOfUpdate": null, "timeOfCreate": "2015-10-29T18:06:59.999Z", "deliveryTime": "2015-10-29", "invoices": [], "orderType": "dummy", "seller": 1, "user": 1, "payment_mode": "COD", "orderMsg": "", "subtotal": 2, "payment": "unpaid"}, "model": "veggex.order", "pk": 113}, {"fields": {"status": "PLACED", "category": null, "timeOfUpdate": "2015-10-29T02:59:39Z", "timeOfCreate": "2015-10-29T18:06:59.999Z", "deliveryTime": "2015-10-30", "invoices": [], "orderType": "dummy", "seller": 1, "user": 1, "payment_mode": "COD", "orderMsg": "", "subtotal": 80, "payment": "unpaid"}, "model": "veggex.order", "pk": 114}, {"fields": {"status": "PLACED", "category": null, "timeOfUpdate": "2015-10-29T02:59:27Z", "timeOfCreate": "2015-10-29T18:06:59.999Z", "deliveryTime": "2015-10-29", "invoices": [], "orderType": "dummy", "seller": 1, "user": 1, "payment_mode": "COD", "orderMsg": "", "subtotal": 20, "payment": "unpaid"}, "model": "veggex.order", "pk": 115}, {"fields": {"status": "PLACED", "category": null, "timeOfUpdate": "2015-10-29T02:59:16Z", "timeOfCreate": "2015-10-29T18:06:59.999Z", "deliveryTime": "2015-10-30", "invoices": [], "orderType": "dummy", "seller": 3, "user": 1, "payment_mode": "COD", "orderMsg": "", "subtotal": 1000, "payment": "unpaid"}, "model": "veggex.order", "pk": 116}, {"fields": {"status": "PLACED", "category": null, "timeOfUpdate": "2015-10-29T02:59:04Z", "timeOfCreate": "2015-10-29T18:06:59.999Z", "deliveryTime": "2015-10-30", "invoices": [], "orderType": "dummy", "seller": 6, "user": 1, "payment_mode": "COD", "orderMsg": "", "subtotal": 1000, "payment": "unpaid"}, "model": "veggex.order", "pk": 117}, {"fields": {"status": "PLACED", "category": null, "timeOfUpdate": "2015-10-29T02:58:50Z", "timeOfCreate": "2015-10-29T18:06:59.999Z", "deliveryTime": "2015-10-30", "invoices": [], "orderType": "dummy", "seller": 6, "user": 1, "payment_mode": "COD", "orderMsg": "", "subtotal": 10, "payment": "unpaid"}, "model": "veggex.order", "pk": 118}, {"fields": {"status": "PLACED", "category": null, "timeOfUpdate": "2015-10-29T03:29:57.310Z", "timeOfCreate": "2015-10-29T03:29:57.310Z", "deliveryTime": "2015-10-30", "invoices": [], "orderType": "real", "seller": 1, "user": 1, "payment_mode": "COD", "orderMsg": "goo", "subtotal": 245, "payment": "unpaid"}, "model": "veggex.order", "pk": 119}, {"fields": {"status": "PLACED", "category": null, "timeOfUpdate": "2015-10-29T03:36:30.331Z", "timeOfCreate": "2015-10-29T03:36:30.331Z", "deliveryTime": "2015-10-30", "invoices": [], "orderType": "dummy", "seller": 3, "user": 1, "payment_mode": "COD", "orderMsg": "", "subtotal": 5, "payment": "unpaid"}, "model": "veggex.order", "pk": 120}, {"fields": {"status": "PLACED", "category": null, "timeOfUpdate": "2015-10-29T03:37:00.044Z", "timeOfCreate": "2015-10-29T03:37:00.044Z", "deliveryTime": "2015-10-30", "invoices": [], "orderType": "dummy", "seller": 6, "user": 1, "payment_mode": "COD", "orderMsg": "", "subtotal": 11100, "payment": "unpaid"}, "model": "veggex.order", "pk": 121}, {"fields": {"status": "PLACED", "category": null, "timeOfUpdate": "2015-10-30T06:23:13.913Z", "timeOfCreate": "2015-10-30T06:23:13.913Z", "deliveryTime": "2015-10-31", "invoices": [], "orderType": "real", "seller": 3, "user": 1, "payment_mode": "COD", "orderMsg": "some test message", "subtotal": 1323, "payment": "unpaid"}, "model": "veggex.order", "pk": 122}, {"fields": {"status": "PLACED", "category": null, "timeOfUpdate": "2015-10-31T07:00:32.407Z", "timeOfCreate": "2015-10-31T07:00:32.407Z", "deliveryTime": "2015-11-01", "invoices": [], "orderType": "real", "seller": 1, "user": 1, "payment_mode": "COD", "orderMsg": "some test message", "subtotal": 2323, "payment": "unpaid"}, "model": "veggex.order", "pk": 123}, {"fields": {"status": "PLACED", "category": null, "timeOfUpdate": "2015-10-31T07:00:47.112Z", "timeOfCreate": "2015-10-31T07:00:47.112Z", "deliveryTime": "2015-10-31", "invoices": [], "orderType": "real", "seller": 3, "user": 1, "payment_mode": "COD", "orderMsg": "some test message", "subtotal": 2123, "payment": "unpaid"}, "model": "veggex.order", "pk": 124}, {"fields": {"status": "PLACED", "category": null, "timeOfUpdate": "2015-10-31T14:36:55.480Z", "timeOfCreate": "2015-10-31T14:36:55.480Z", "deliveryTime": "2015-10-31", "invoices": [73], "orderType": "dummy", "seller": 1, "user": 1, "payment_mode": "COD", "orderMsg": "", "subtotal": 400, "payment": "unpaid"}, "model": "veggex.order", "pk": 125}, {"fields": {"status": "PLACED", "category": null, "timeOfUpdate": "2015-10-31T22:37:53.909Z", "timeOfCreate": "2015-10-31T22:37:53.909Z", "deliveryTime": "2015-11-01", "invoices": [74, 75, 76, 77, 78], "orderType": "dummy", "seller": 1, "user": 1, "payment_mode": "COD", "orderMsg": "", "subtotal": 200, "payment": "unpaid"}, "model": "veggex.order", "pk": 126}, {"fields": {"status": "PLACED", "category": null, "timeOfUpdate": "2015-10-31T22:55:27.059Z", "timeOfCreate": "2015-10-31T22:55:27.059Z", "deliveryTime": "2015-11-01", "invoices": [79, 80, 81, 82, 83], "orderType": "dummy", "seller": 3, "user": 1, "payment_mode": "COD", "orderMsg": "", "subtotal": 6004, "payment": "unpaid"}, "model": "veggex.order", "pk": 127}, {"fields": {"status": "PLACED", "category": null, "timeOfUpdate": "2015-11-01T00:56:13.885Z", "timeOfCreate": "2015-11-01T00:56:13.885Z", "deliveryTime": "2015-11-01", "invoices": [], "orderType": "dummy", "seller": 3, "user": 1, "payment_mode": "COD", "orderMsg": "", "subtotal": 1000, "payment": "unpaid"}, "model": "veggex.order", "pk": 128}, {"fields": {"status": "PLACED", "category": null, "timeOfUpdate": "2015-11-01T01:35:37.696Z", "timeOfCreate": "2015-11-01T01:35:37.696Z", "deliveryTime": "2015-11-01", "invoices": [84], "orderType": "dummy", "seller": 3, "user": 1, "payment_mode": "COD", "orderMsg": "", "subtotal": 1010, "payment": "unpaid"}, "model": "veggex.order", "pk": 129}, {"fields": {"status": "PLACED", "category": null, "timeOfUpdate": "2015-11-01T01:36:55.463Z", "timeOfCreate": "2015-11-01T01:36:55.463Z", "deliveryTime": "2015-11-01", "invoices": [85], "orderType": "dummy", "seller": 1, "user": 1, "payment_mode": "COD", "orderMsg": "", "subtotal": 465, "payment": "unpaid"}, "model": "veggex.order", "pk": 130}, {"fields": {"status": "PLACED", "category": null, "timeOfUpdate": "2015-11-01T01:38:55.953Z", "timeOfCreate": "2015-11-01T01:38:55.953Z", "deliveryTime": "2015-11-02", "invoices": [86], "orderType": "dummy", "seller": 4, "user": 1, "payment_mode": "COD", "orderMsg": "", "subtotal": 1000, "payment": "unpaid"}, "model": "veggex.order", "pk": 131}, {"fields": {"status": "PLACED", "category": null, "timeOfUpdate": "2015-11-01T01:40:55.763Z", "timeOfCreate": "2015-11-01T01:40:55.763Z", "deliveryTime": "2015-11-02", "invoices": [87, 88], "orderType": "dummy", "seller": 6, "user": 1, "payment_mode": "COD", "orderMsg": "", "subtotal": 300, "payment": "unpaid"}, "model": "veggex.order", "pk": 132}, {"fields": {"status": "PLACED", "category": null, "timeOfUpdate": "2015-11-01T01:55:17.854Z", "timeOfCreate": "2015-11-01T01:55:17.854Z", "deliveryTime": "2015-11-01", "invoices": [89], "orderType": "dummy", "seller": 6, "user": 1, "payment_mode": "COD", "orderMsg": "", "subtotal": 1230, "payment": "unpaid"}, "model": "veggex.order", "pk": 133}, {"fields": {"status": "PLACED", "category": null, "timeOfUpdate": "2015-11-01T08:20:44.194Z", "timeOfCreate": "2015-11-01T08:20:44.194Z", "deliveryTime": "2015-11-02", "invoices": [90], "orderType": "dummy", "seller": 1, "user": 1, "payment_mode": "COD", "orderMsg": "d", "subtotal": 100, "payment": "unpaid"}, "model": "veggex.order", "pk": 134}, {"fields": {"status": "PLACED", "category": null, "timeOfUpdate": "2015-11-01T08:31:22.002Z", "timeOfCreate": "2015-11-01T08:31:22.002Z", "deliveryTime": "2015-11-02", "invoices": [91], "orderType": "dummy", "seller": 1, "user": 1, "payment_mode": "COD", "orderMsg": "aaaaaa", "subtotal": 0, "payment": "unpaid"}, "model": "veggex.order", "pk": 135}, {"fields": {"status": "PLACED", "category": null, "timeOfUpdate": "2015-11-01T08:31:52.179Z", "timeOfCreate": "2015-11-01T08:31:52.179Z", "deliveryTime": "2015-11-01", "invoices": [92], "orderType": "dummy", "seller": 1, "user": 1, "payment_mode": "COD", "orderMsg": "ff", "subtotal": 0, "payment": "unpaid"}, "model": "veggex.order", "pk": 136}, {"fields": {"status": "PLACED", "category": null, "timeOfUpdate": "2015-11-01T08:33:42.020Z", "timeOfCreate": "2015-11-01T08:33:42.020Z", "deliveryTime": "2105-10-31", "invoices": [93], "orderType": "dummy", "seller": 3, "user": 1, "payment_mode": "COD", "orderMsg": "Some message", "subtotal": 1123, "payment": "unpaid"}, "model": "veggex.order", "pk": 137}, {"fields": {"status": "PLACED", "category": null, "timeOfUpdate": "2015-11-01T09:24:20.854Z", "timeOfCreate": "2015-11-01T09:24:20.854Z", "deliveryTime": "2015-11-01", "invoices": [94], "orderType": "dummy", "seller": 1, "user": 1, "payment_mode": "COD", "orderMsg": "", "subtotal": 245, "payment": "unpaid"}, "model": "veggex.order", "pk": 138}, {"fields": {"status": "PLACED", "category": null, "timeOfUpdate": "2015-11-01T10:39:18.528Z", "timeOfCreate": "2015-11-01T10:39:18.528Z", "deliveryTime": "2015-01-11", "invoices": [95], "orderType": "dummy", "seller": 3, "user": 1, "payment_mode": "COD", "orderMsg": "No message", "subtotal": 2000, "payment": "unpaid"}, "model": "veggex.order", "pk": 139}, {"fields": {"status": "PLACED", "category": null, "timeOfUpdate": "2015-11-01T10:51:37.831Z", "timeOfCreate": "2015-11-01T10:51:37.831Z", "deliveryTime": "2015-01-11", "invoices": [96], "orderType": "dummy", "seller": 3, "user": 1, "payment_mode": "COD", "orderMsg": "No message", "subtotal": 0, "payment": "unpaid"}, "model": "veggex.order", "pk": 140}, {"fields": {"status": "PLACED", "category": null, "timeOfUpdate": "2015-11-01T10:55:16.355Z", "timeOfCreate": "2015-11-01T10:55:16.355Z", "deliveryTime": "2015-11-01", "invoices": [97], "orderType": "dummy", "seller": 3, "user": 1, "payment_mode": "COD", "orderMsg": "sssssss", "subtotal": 0, "payment": "unpaid"}, "model": "veggex.order", "pk": 141}, {"fields": {"status": "PLACED", "category": null, "timeOfUpdate": "2015-11-01T14:49:12.358Z", "timeOfCreate": "2015-11-01T14:49:12.358Z", "deliveryTime": "2015-11-12", "invoices": [98], "orderType": "dummy", "seller": 1, "user": 1, "payment_mode": "COD", "orderMsg": "", "subtotal": 43725, "payment": "unpaid"}, "model": "veggex.order", "pk": 142}, {"fields": {"status": "PLACED", "category": null, "timeOfUpdate": "2015-11-01T17:10:55.588Z", "timeOfCreate": "2015-11-01T17:10:55.588Z", "deliveryTime": "2015-11-11", "invoices": [99], "orderType": "dummy", "seller": 3, "user": 1, "payment_mode": "COD", "orderMsg": "No message", "subtotal": 10, "payment": "unpaid"}, "model": "veggex.order", "pk": 143}, {"fields": {"status": "PLACED", "category": null, "timeOfUpdate": "2015-11-01T18:16:57.003Z", "timeOfCreate": "2015-11-01T18:16:57.003Z", "deliveryTime": "2015-01-11", "invoices": [100], "orderType": "dummy", "seller": 1, "user": 1, "payment_mode": "COD", "orderMsg": "No message", "subtotal": 1345, "payment": "unpaid"}, "model": "veggex.order", "pk": 144}, {"fields": {"status": "PLACED", "category": null, "timeOfUpdate": "2015-11-01T19:22:35.811Z", "timeOfCreate": "2015-11-01T19:22:35.811Z", "deliveryTime": "2015-02-11", "invoices": [101], "orderType": "dummy", "seller": 3, "user": 1, "payment_mode": "COD", "orderMsg": "chkout dis order", "subtotal": 0, "payment": "unpaid"}, "model": "veggex.order", "pk": 145}, {"fields": {"status": "PLACED", "category": null, "timeOfUpdate": "2015-11-01T20:15:34.267Z", "timeOfCreate": "2015-11-01T20:15:34.267Z", "deliveryTime": "2015-03-11", "invoices": [102], "orderType": "dummy", "seller": 3, "user": 1, "payment_mode": "COD", "orderMsg": "No message", "subtotal": 143, "payment": "unpaid"}, "model": "veggex.order", "pk": 146}, {"fields": {"status": "PLACED", "category": null, "timeOfUpdate": "2015-11-01T20:18:07.770Z", "timeOfCreate": "2015-11-01T20:18:07.770Z", "deliveryTime": "2015-03-11", "invoices": [103], "orderType": "dummy", "seller": 3, "user": 1, "payment_mode": "COD", "orderMsg": "No message", "subtotal": 0, "payment": "unpaid"}, "model": "veggex.order", "pk": 147}, {"fields": {"status": "PLACED", "category": null, "timeOfUpdate": "2015-11-01T20:23:00.078Z", "timeOfCreate": "2015-11-01T20:23:00.078Z", "deliveryTime": "2015-04-11", "invoices": [104], "orderType": "dummy", "seller": 1, "user": 1, "payment_mode": "COD", "orderMsg": "No message", "subtotal": 0, "payment": "unpaid"}, "model": "veggex.order", "pk": 148}, {"fields": {"status": "PLACED", "category": null, "timeOfUpdate": "2015-11-01T23:11:25.305Z", "timeOfCreate": "2015-11-01T23:11:25.305Z", "deliveryTime": "2015-11-02", "invoices": [105], "orderType": "dummy", "seller": 1, "user": 1, "payment_mode": "COD", "orderMsg": "", "subtotal": 4550, "payment": "unpaid"}, "model": "veggex.order", "pk": 149}, {"fields": {"status": "PLACED", "category": null, "timeOfUpdate": "2015-11-02T00:09:25.179Z", "timeOfCreate": "2015-11-02T00:09:25.179Z", "deliveryTime": "2015-11-02", "invoices": [], "orderType": "dummy", "seller": 1, "user": 1, "payment_mode": "COD", "orderMsg": "", "subtotal": 200, "payment": "unpaid"}, "model": "veggex.order", "pk": 150}, {"fields": {"status": "PLACED", "category": null, "timeOfUpdate": "2015-11-02T01:48:36.394Z", "timeOfCreate": "2015-11-02T01:48:36.394Z", "deliveryTime": "2015-11-02", "invoices": [106], "orderType": "dummy", "seller": 6, "user": 1, "payment_mode": "COD", "orderMsg": "Hhhj", "subtotal": 12300, "payment": "unpaid"}, "model": "veggex.order", "pk": 151}, {"fields": {"status": "PLACED", "category": null, "timeOfUpdate": "2015-11-02T02:01:54.047Z", "timeOfCreate": "2015-11-02T02:01:54.047Z", "deliveryTime": "2015-11-02", "invoices": [], "orderType": "dummy", "seller": 6, "user": 1, "payment_mode": "COD", "orderMsg": "", "subtotal": 300, "payment": "unpaid"}, "model": "veggex.order", "pk": 152}, {"fields": {"status": "PLACED", "category": null, "timeOfUpdate": "2015-11-02T09:48:32.575Z", "timeOfCreate": "2015-11-02T09:48:32.575Z", "deliveryTime": "2015-11-02", "invoices": [], "orderType": "real", "seller": 1, "user": 7, "payment_mode": "COD", "orderMsg": "", "subtotal": 900, "payment": "unpaid"}, "model": "veggex.order", "pk": 153}, {"fields": {"status": "PLACED", "category": null, "timeOfUpdate": "2015-11-02T09:50:51.973Z", "timeOfCreate": "2015-11-02T09:50:51.973Z", "deliveryTime": "2015-11-02", "invoices": [107], "orderType": "dummy", "seller": 3, "user": 7, "payment_mode": "COD", "orderMsg": "", "subtotal": 11246, "payment": "unpaid"}, "model": "veggex.order", "pk": 154}, {"fields": {"product": 10, "qtyInUnits": 1, "pricePerUnit": 45, "priceType": "as per mandi rates", "order": 104, "unit": "kg"}, "model": "veggex.orderitem", "pk": 138}, {"fields": {"product": 10, "qtyInUnits": 1, "pricePerUnit": 1, "priceType": "as per mandi rates", "order": 105, "unit": "kg"}, "model": "veggex.orderitem", "pk": 139}, {"fields": {"product": 10, "qtyInUnits": 1, "pricePerUnit": 45, "priceType": "as per mandi rates", "order": 106, "unit": "kg"}, "model": "veggex.orderitem", "pk": 140}, {"fields": {"product": 10, "qtyInUnits": 1, "pricePerUnit": 1, "priceType": "as per mandi rates", "order": 107, "unit": "kg"}, "model": "veggex.orderitem", "pk": 141}, {"fields": {"product": 11, "qtyInUnits": 1, "pricePerUnit": 100, "priceType": "as per mandi rates", "order": 108, "unit": "kg"}, "model": "veggex.orderitem", "pk": 142}, {"fields": {"product": 11, "qtyInUnits": 1, "pricePerUnit": 1, "priceType": "as per mandi rates", "order": 109, "unit": "kg"}, "model": "veggex.orderitem", "pk": 143}, {"fields": {"product": 11, "qtyInUnits": 1, "pricePerUnit": 1000, "priceType": "as per mandi rates", "order": 110, "unit": "kg"}, "model": "veggex.orderitem", "pk": 144}, {"fields": {"product": 11, "qtyInUnits": 1, "pricePerUnit": 100, "priceType": "as per mandi rates", "order": 111, "unit": "kg"}, "model": "veggex.orderitem", "pk": 145}, {"fields": {"product": 11, "qtyInUnits": 1, "pricePerUnit": 200, "priceType": "as per mandi rates", "order": 112, "unit": "kg"}, "model": "veggex.orderitem", "pk": 146}, {"fields": {"product": 11, "qtyInUnits": 1, "pricePerUnit": 2, "priceType": "as per mandi rates", "order": 113, "unit": "kg"}, "model": "veggex.orderitem", "pk": 147}, {"fields": {"product": 13, "qtyInUnits": 1, "pricePerUnit": 80, "priceType": "as per mandi rates", "order": 114, "unit": "kg"}, "model": "veggex.orderitem", "pk": 148}, {"fields": {"product": 13, "qtyInUnits": 1, "pricePerUnit": 20, "priceType": "as per mandi rates", "order": 115, "unit": "kg"}, "model": "veggex.orderitem", "pk": 149}, {"fields": {"product": 37, "qtyInUnits": 1, "pricePerUnit": 1000, "priceType": "custom rates", "order": 116, "unit": "kg"}, "model": "veggex.orderitem", "pk": 150}, {"fields": {"product": 77, "qtyInUnits": 1, "pricePerUnit": 1000, "priceType": "custom rates", "order": 117, "unit": "kg"}, "model": "veggex.orderitem", "pk": 151}, {"fields": {"product": 79, "qtyInUnits": 1, "pricePerUnit": 10, "priceType": "custom rates", "order": 118, "unit": "kg"}, "model": "veggex.orderitem", "pk": 152}, {"fields": {"product": 1011, "qtyInUnits": 1, "pricePerUnit": 100, "priceType": "as per mandi rates", "order": 119, "unit": "kg"}, "model": "veggex.orderitem", "pk": 153}, {"fields": {"product": 10, "qtyInUnits": 1, "pricePerUnit": 45, "priceType": "as per mandi rates", "order": 119, "unit": "kg"}, "model": "veggex.orderitem", "pk": 154}, {"fields": {"product": 11, "qtyInUnits": 1, "pricePerUnit": 100, "priceType": "as per mandi rates", "order": 119, "unit": "kg"}, "model": "veggex.orderitem", "pk": 155}, {"fields": {"product": 37, "qtyInUnits": 5, "pricePerUnit": 1, "priceType": "custom rates", "order": 120, "unit": "kg"}, "model": "veggex.orderitem", "pk": 156}, {"fields": {"product": 79, "qtyInUnits": 1, "pricePerUnit": 11100, "priceType": "custom rates", "order": 121, "unit": "kg"}, "model": "veggex.orderitem", "pk": 157}, {"fields": {"product": 1035, "qtyInUnits": 1, "pricePerUnit": 1, "priceType": "custom rates", "order": 122, "unit": "kg"}, "model": "veggex.orderitem", "pk": 158}, {"fields": {"product": 37, "qtyInUnits": 1, "pricePerUnit": 1, "priceType": "custom rates", "order": 122, "unit": "kg"}, "model": "veggex.orderitem", "pk": 159}, {"fields": {"product": 11, "qtyInUnits": 1, "pricePerUnit": 100, "priceType": "as per mandi rates", "order": 123, "unit": "kg"}, "model": "veggex.orderitem", "pk": 160}, {"fields": {"product": 9, "qtyInUnits": 1, "pricePerUnit": 100, "priceType": "custom rates", "order": 123, "unit": "kg"}, "model": "veggex.orderitem", "pk": 161}, {"fields": {"product": 37, "qtyInUnits": 1, "pricePerUnit": 1, "priceType": "custom rates", "order": 124, "unit": "kg"}, "model": "veggex.orderitem", "pk": 162}, {"fields": {"product": 11, "qtyInUnits": 2, "pricePerUnit": 100, "priceType": "as per mandi rates", "order": 125, "unit": "kg"}, "model": "veggex.orderitem", "pk": 163}, {"fields": {"product": 9, "qtyInUnits": 2, "pricePerUnit": 100, "priceType": "custom rates", "order": 125, "unit": "kg"}, "model": "veggex.orderitem", "pk": 164}, {"fields": {"product": 11, "qtyInUnits": 1, "pricePerUnit": 100, "priceType": "as per mandi rates", "order": 126, "unit": "kg"}, "model": "veggex.orderitem", "pk": 165}, {"fields": {"product": 9, "qtyInUnits": 1, "pricePerUnit": 100, "priceType": "custom rates", "order": 126, "unit": "kg"}, "model": "veggex.orderitem", "pk": 166}, {"fields": {"product": 1035, "qtyInUnits": 1, "pricePerUnit": 123, "priceType": "custom rates", "order": 127, "unit": "kg"}, "model": "veggex.orderitem", "pk": 167}, {"fields": {"product": 38, "qtyInUnits": 2, "pricePerUnit": 10, "priceType": "custom rates", "order": 127, "unit": "kg"}, "model": "veggex.orderitem", "pk": 168}, {"fields": {"product": 37, "qtyInUnits": 5, "pricePerUnit": 1000, "priceType": "custom rates", "order": 127, "unit": "kg"}, "model": "veggex.orderitem", "pk": 169}, {"fields": {"product": 35, "qtyInUnits": 7, "pricePerUnit": 123, "priceType": "custom rates", "order": 127, "unit": "kg"}, "model": "veggex.orderitem", "pk": 170}, {"fields": {"product": 37, "qtyInUnits": 1, "pricePerUnit": 1000, "priceType": "custom rates", "order": 128, "unit": "kg"}, "model": "veggex.orderitem", "pk": 171}, {"fields": {"product": 37, "qtyInUnits": 1, "pricePerUnit": 1000, "priceType": "custom rates", "order": 129, "unit": "kg"}, "model": "veggex.orderitem", "pk": 172}, {"fields": {"product": 38, "qtyInUnits": 1, "pricePerUnit": 10, "priceType": "custom rates", "order": 129, "unit": "kg"}, "model": "veggex.orderitem", "pk": 173}, {"fields": {"product": 1016, "qtyInUnits": 1, "pricePerUnit": 200, "priceType": "as per mandi rates", "order": 130, "unit": "kg"}, "model": "veggex.orderitem", "pk": 174}, {"fields": {"product": 13, "qtyInUnits": 2, "pricePerUnit": 80, "priceType": "as per mandi rates", "order": 130, "unit": "kg"}, "model": "veggex.orderitem", "pk": 175}, {"fields": {"product": 12, "qtyInUnits": 1, "pricePerUnit": 60, "priceType": "as per mandi rates", "order": 130, "unit": "kg"}, "model": "veggex.orderitem", "pk": 176}, {"fields": {"product": 10, "qtyInUnits": 1, "pricePerUnit": 45, "priceType": "as per mandi rates", "order": 130, "unit": "kg"}, "model": "veggex.orderitem", "pk": 177}, {"fields": {"product": 7, "qtyInUnits": 1, "pricePerUnit": 1000, "priceType": "custom rates", "order": 131, "unit": "kg"}, "model": "veggex.orderitem", "pk": 178}, {"fields": {"product": 715, "qtyInUnits": 1, "pricePerUnit": 300, "priceType": "as per mandi rates", "order": 132, "unit": "kg"}, "model": "veggex.orderitem", "pk": 179}, {"fields": {"product": 75, "qtyInUnits": 1, "pricePerUnit": 1230, "priceType": "custom rates", "order": 133, "unit": "kg"}, "model": "veggex.orderitem", "pk": 180}, {"fields": {"product": 9, "qtyInUnits": 1, "pricePerUnit": 100, "priceType": "custom rates", "order": 134, "unit": "kg"}, "model": "veggex.orderitem", "pk": 181}, {"fields": {"product": 37, "qtyInUnits": 1, "pricePerUnit": 1000, "priceType": "custom rates", "order": 137, "unit": "kg"}, "model": "veggex.orderitem", "pk": 182}, {"fields": {"product": 35, "qtyInUnits": 1, "pricePerUnit": 123, "priceType": "custom rates", "order": 137, "unit": "kg"}, "model": "veggex.orderitem", "pk": 183}, {"fields": {"product": 10, "qtyInUnits": 1, "pricePerUnit": 45, "priceType": "as per mandi rates", "order": 138, "unit": "kg"}, "model": "veggex.orderitem", "pk": 184}, {"fields": {"product": 9, "qtyInUnits": 2, "pricePerUnit": 100, "priceType": "custom rates", "order": 138, "unit": "kg"}, "model": "veggex.orderitem", "pk": 185}, {"fields": {"product": 37, "qtyInUnits": 2, "pricePerUnit": 1000, "priceType": "custom rates", "order": 139, "unit": "kg"}, "model": "veggex.orderitem", "pk": 186}, {"fields": {"product": 10, "qtyInUnits": 25, "pricePerUnit": 45, "priceType": "as per mandi rates", "order": 142, "unit": "kg"}, "model": "veggex.orderitem", "pk": 187}, {"fields": {"product": 9, "qtyInUnits": 424, "pricePerUnit": 100, "priceType": "custom rates", "order": 142, "unit": "kg"}, "model": "veggex.orderitem", "pk": 188}, {"fields": {"product": 1016, "qtyInUnits": 1, "pricePerUnit": 200, "priceType": "as per mandi rates", "order": 142, "unit": "kg"}, "model": "veggex.orderitem", "pk": 189}, {"fields": {"product": 38, "qtyInUnits": 1, "pricePerUnit": 10, "priceType": "custom rates", "order": 143, "unit": "kg"}, "model": "veggex.orderitem", "pk": 190}, {"fields": {"product": 14, "qtyInUnits": 3, "pricePerUnit": 80, "priceType": "as per mandi rates", "order": 144, "unit": "kg"}, "model": "veggex.orderitem", "pk": 191}, {"fields": {"product": 13, "qtyInUnits": 2, "pricePerUnit": 80, "priceType": "as per mandi rates", "order": 144, "unit": "kg"}, "model": "veggex.orderitem", "pk": 192}, {"fields": {"product": 12, "qtyInUnits": 2, "pricePerUnit": 60, "priceType": "as per mandi rates", "order": 144, "unit": "kg"}, "model": "veggex.orderitem", "pk": 193}, {"fields": {"product": 11, "qtyInUnits": 3, "pricePerUnit": 100, "priceType": "as per mandi rates", "order": 144, "unit": "kg"}, "model": "veggex.orderitem", "pk": 194}, {"fields": {"product": 10, "qtyInUnits": 5, "pricePerUnit": 45, "priceType": "as per mandi rates", "order": 144, "unit": "kg"}, "model": "veggex.orderitem", "pk": 195}, {"fields": {"product": 9, "qtyInUnits": 3, "pricePerUnit": 100, "priceType": "custom rates", "order": 144, "unit": "kg"}, "model": "veggex.orderitem", "pk": 196}, {"fields": {"product": 1035, "qtyInUnits": 1, "pricePerUnit": 123, "priceType": "custom rates", "order": 146, "unit": "kg"}, "model": "veggex.orderitem", "pk": 197}, {"fields": {"product": 38, "qtyInUnits": 2, "pricePerUnit": 10, "priceType": "custom rates", "order": 146, "unit": "kg"}, "model": "veggex.orderitem", "pk": 198}, {"fields": {"product": 1016, "qtyInUnits": 4, "pricePerUnit": 200, "priceType": "as per mandi rates", "order": 149, "unit": "kg"}, "model": "veggex.orderitem", "pk": 199}, {"fields": {"product": 14, "qtyInUnits": 10, "pricePerUnit": 80, "priceType": "as per mandi rates", "order": 149, "unit": "kg"}, "model": "veggex.orderitem", "pk": 200}, {"fields": {"product": 13, "qtyInUnits": 20, "pricePerUnit": 80, "priceType": "as per mandi rates", "order": 149, "unit": "kg"}, "model": "veggex.orderitem", "pk": 201}, {"fields": {"product": 10, "qtyInUnits": 30, "pricePerUnit": 45, "priceType": "as per mandi rates", "order": 149, "unit": "kg"}, "model": "veggex.orderitem", "pk": 202}, {"fields": {"product": 9, "qtyInUnits": 2, "pricePerUnit": 100, "priceType": "custom rates", "order": 150, "unit": "kg"}, "model": "veggex.orderitem", "pk": 203}, {"fields": {"product": 75, "qtyInUnits": 10, "pricePerUnit": 1230, "priceType": "custom rates", "order": 151, "unit": "kg"}, "model": "veggex.orderitem", "pk": 204}, {"fields": {"product": 75, "qtyInUnits": 10, "pricePerUnit": 30, "priceType": "custom rates", "order": 152, "unit": "kg"}, "model": "veggex.orderitem", "pk": 205}, {"fields": {"product": 1010, "qtyInUnits": 20, "pricePerUnit": 45, "priceType": "as per mandi rates", "order": 153, "unit": "kg"}, "model": "veggex.orderitem", "pk": 206}, {"fields": {"product": 37, "qtyInUnits": 11, "pricePerUnit": 1000, "priceType": "custom rates", "order": 154, "unit": "kg"}, "model": "veggex.orderitem", "pk": 207}, {"fields": {"product": 35, "qtyInUnits": 2, "pricePerUnit": 123, "priceType": "custom rates", "order": 154, "unit": "kg"}, "model": "veggex.orderitem", "pk": 208}, {"fields": {"remainingstock": 0.0, "product": 5, "timeOfCreate": "2015-10-20", "user": 1}, "model": "veggex.currentstock", "pk": 23}, {"fields": {"remainingstock": 0.0, "product": 512, "timeOfCreate": "2015-10-20", "user": 1}, "model": "veggex.currentstock", "pk": 24}, {"fields": {"remainingstock": 0.0, "product": 511, "timeOfCreate": "2015-10-20", "user": 1}, "model": "veggex.currentstock", "pk": 25}, {"fields": {"remainingstock": 1.0, "product": 510, "timeOfCreate": "2015-10-20", "user": 1}, "model": "veggex.currentstock", "pk": 26}, {"fields": {"remainingstock": 0.7, "product": 55, "timeOfCreate": "2015-10-20", "user": 1}, "model": "veggex.currentstock", "pk": 27}, {"fields": {"remainingstock": 1.0, "product": 59, "timeOfCreate": "2015-10-20", "user": 1}, "model": "veggex.currentstock", "pk": 28}, {"fields": {"remainingstock": 26.0, "product": 9, "timeOfCreate": "2015-10-20", "user": 6}, "model": "veggex.currentstock", "pk": 29}, {"fields": {"remainingstock": 1.0, "product": 10, "timeOfCreate": "2015-10-20", "user": 6}, "model": "veggex.currentstock", "pk": 30}, {"fields": {"remainingstock": 1.0, "product": 2, "timeOfCreate": "2015-10-20", "user": 1}, "model": "veggex.currentstock", "pk": 31}, {"fields": {"remainingstock": 1.0, "product": 1, "timeOfCreate": "2015-10-23", "user": 1}, "model": "veggex.currentstock", "pk": 32}, {"fields": {"remainingstock": 7.0, "product": 1016, "timeOfCreate": "2015-10-23", "user": 1}, "model": "veggex.currentstock", "pk": 34}, {"fields": {"remainingstock": 4.0, "product": 1035, "timeOfCreate": "2015-10-27", "user": 1}, "model": "veggex.currentstock", "pk": 35}, {"fields": {"remainingstock": 1.0, "product": 1038, "timeOfCreate": "2015-10-27", "user": 1}, "model": "veggex.currentstock", "pk": 36}, {"fields": {"remainingstock": 11.0, "product": 2210719, "timeOfCreate": "2015-10-27", "user": 5}, "model": "veggex.currentstock", "pk": 37}, {"fields": {"remainingstock": 1.0, "product": 2210718, "timeOfCreate": "2015-10-27", "user": 5}, "model": "veggex.currentstock", "pk": 38}, {"fields": {"remainingstock": 2.0, "product": 1038, "timeOfCreate": "2015-10-27", "user": 5}, "model": "veggex.currentstock", "pk": 39}, {"fields": {"remainingstock": 2.0, "product": 108, "timeOfCreate": "2015-10-27", "user": 5}, "model": "veggex.currentstock", "pk": 40}, {"fields": {"remainingstock": 4.0, "product": 11, "timeOfCreate": "2015-10-28", "user": 1}, "model": "veggex.currentstock", "pk": 41}, {"fields": {"remainingstock": 63.0, "product": 10, "timeOfCreate": "2015-10-28", "user": 1}, "model": "veggex.currentstock", "pk": 42}, {"fields": {"remainingstock": 1.0, "product": 15, "timeOfCreate": "2015-10-28", "user": 1}, "model": "veggex.currentstock", "pk": 43}, {"fields": {"remainingstock": 26.0, "product": 13, "timeOfCreate": "2015-10-29", "user": 1}, "model": "veggex.currentstock", "pk": 44}, {"fields": {"remainingstock": 4.0, "product": 37, "timeOfCreate": "2015-10-29", "user": 1}, "model": "veggex.currentstock", "pk": 45}, {"fields": {"remainingstock": 0.0, "product": 77, "timeOfCreate": "2015-10-29", "user": 1}, "model": "veggex.currentstock", "pk": 46}, {"fields": {"remainingstock": 2.0, "product": 79, "timeOfCreate": "2015-10-29", "user": 1}, "model": "veggex.currentstock", "pk": 47}, {"fields": {"remainingstock": 0.0, "product": 1011, "timeOfCreate": "2015-10-29", "user": 1}, "model": "veggex.currentstock", "pk": 48}, {"fields": {"remainingstock": 435.0, "product": 9, "timeOfCreate": "2015-10-31", "user": 1}, "model": "veggex.currentstock", "pk": 49}, {"fields": {"remainingstock": 6.0, "product": 38, "timeOfCreate": "2015-11-01", "user": 1}, "model": "veggex.currentstock", "pk": 50}, {"fields": {"remainingstock": 8.0, "product": 35, "timeOfCreate": "2015-11-01", "user": 1}, "model": "veggex.currentstock", "pk": 51}, {"fields": {"remainingstock": 3.0, "product": 12, "timeOfCreate": "2015-11-01", "user": 1}, "model": "veggex.currentstock", "pk": 52}, {"fields": {"remainingstock": 1.0, "product": 7, "timeOfCreate": "2015-11-01", "user": 1}, "model": "veggex.currentstock", "pk": 53}, {"fields": {"remainingstock": 1.0, "product": 715, "timeOfCreate": "2015-11-01", "user": 1}, "model": "veggex.currentstock", "pk": 54}, {"fields": {"remainingstock": 21.0, "product": 75, "timeOfCreate": "2015-11-01", "user": 1}, "model": "veggex.currentstock", "pk": 55}, {"fields": {"remainingstock": 13.0, "product": 14, "timeOfCreate": "2015-11-01", "user": 1}, "model": "veggex.currentstock", "pk": 56}, {"fields": {"remainingstock": 20.0, "product": 1010, "timeOfCreate": "2015-11-02", "user": 7}, "model": "veggex.currentstock", "pk": 57}, {"fields": {"remainingstock": 11.0, "product": 37, "timeOfCreate": "2015-11-02", "user": 7}, "model": "veggex.currentstock", "pk": 58}, {"fields": {"remainingstock": 2.0, "product": 35, "timeOfCreate": "2015-11-02", "user": 7}, "model": "veggex.currentstock", "pk": 59}, {"fields": {"comment": "", "timeOfCreate": "2015-10-14", "user": 1, "consumption": 1.0, "stock": 24}, "model": "veggex.stockconsumption", "pk": 1}, {"fields": {"comment": "", "timeOfCreate": "2015-10-18", "user": 1, "consumption": 0.1, "stock": 25}, "model": "veggex.stockconsumption", "pk": 2}, {"fields": {"comment": null, "timeOfCreate": "2015-10-20", "user": 1, "consumption": 0.3, "stock": 25}, "model": "veggex.stockconsumption", "pk": 3}, {"fields": {"comment": "", "timeOfCreate": "2015-10-13", "user": 1, "consumption": 0.1, "stock": 25}, "model": "veggex.stockconsumption", "pk": 4}, {"fields": {"comment": null, "timeOfCreate": "2015-10-20", "user": 1, "consumption": 0.2, "stock": 25}, "model": "veggex.stockconsumption", "pk": 5}, {"fields": {"comment": "", "timeOfCreate": "2015-10-16", "user": 1, "consumption": 0.0, "stock": 25}, "model": "veggex.stockconsumption", "pk": 6}, {"fields": {"comment": null, "timeOfCreate": "2015-10-20", "user": 1, "consumption": 0.0, "stock": 23}, "model": "veggex.stockconsumption", "pk": 7}, {"fields": {"comment": null, "timeOfCreate": "2015-10-20", "user": 1, "consumption": 0.1, "stock": 27}, "model": "veggex.stockconsumption", "pk": 8}, {"fields": {"comment": null, "timeOfCreate": "2015-10-29", "user": 1, "consumption": 6.0, "stock": 41}, "model": "veggex.stockconsumption", "pk": 9}, {"fields": {"comment": null, "timeOfCreate": "2015-10-29", "user": 1, "consumption": 8.0, "stock": 42}, "model": "veggex.stockconsumption", "pk": 10}, {"fields": {"comment": null, "timeOfCreate": "2015-10-29", "user": 1, "consumption": 1.0, "stock": 31}, "model": "veggex.stockconsumption", "pk": 11}, {"fields": {"comment": null, "timeOfCreate": "2015-11-01", "user": 1, "consumption": 0.3, "stock": 27}, "model": "veggex.stockconsumption", "pk": 12}, {"fields": {"comment": null, "wastage": 1.0, "timeOfCreate": "2015-10-20", "user": 1, "stock": 23}, "model": "veggex.stockwastage", "pk": 10}, {"fields": {"comment": null, "wastage": 0.0, "timeOfCreate": "2015-10-20", "user": 1, "stock": 23}, "model": "veggex.stockwastage", "pk": 11}, {"fields": {"comment": null, "wastage": 5.0, "timeOfCreate": "2015-10-20", "user": 1, "stock": 24}, "model": "veggex.stockwastage", "pk": 12}, {"fields": {"comment": null, "wastage": 1.0, "timeOfCreate": "2015-10-20", "user": 1, "stock": 28}, "model": "veggex.stockwastage", "pk": 13}, {"fields": {"comment": null, "wastage": 0.9, "timeOfCreate": "2015-10-20", "user": 1, "stock": 27}, "model": "veggex.stockwastage", "pk": 14}, {"fields": {"comment": null, "wastage": 1.0, "timeOfCreate": "2015-10-20", "user": 1, "stock": 26}, "model": "veggex.stockwastage", "pk": 15}, {"fields": {"comment": null, "wastage": 0.0, "timeOfCreate": "2015-10-23", "user": 1, "stock": 23}, "model": "veggex.stockwastage", "pk": 16}, {"fields": {"comment": null, "wastage": 7.0, "timeOfCreate": "2015-10-29", "user": 1, "stock": 42}, "model": "veggex.stockwastage", "pk": 17}, {"fields": {"comment": null, "wastage": 1.0, "timeOfCreate": "2015-10-29", "user": 1, "stock": 48}, "model": "veggex.stockwastage", "pk": 18}, {"fields": {"comment": null, "wastage": 1.0, "timeOfCreate": "2015-10-29", "user": 1, "stock": 46}, "model": "veggex.stockwastage", "pk": 19}, {"fields": {"comment": null, "wastage": 1.0, "timeOfCreate": "2015-10-29", "user": 1, "stock": 25}, "model": "veggex.stockwastage", "pk": 20}, {"fields": {"comment": null, "wastage": 12.0, "timeOfCreate": "2015-10-30", "user": 1, "stock": 41}, "model": "veggex.stockwastage", "pk": 21}, {"fields": {"comment": null, "wastage": 3.0, "timeOfCreate": "2015-11-01", "user": 1, "stock": 41}, "model": "veggex.stockwastage", "pk": 22}, {"fields": {"comment": null, "wastage": 14.0, "timeOfCreate": "2015-11-01", "user": 1, "stock": 45}, "model": "veggex.stockwastage", "pk": 23}]