[{"fields": {"description": "these kind of vegetables are being used for fuck", "name": "Vegetables", "coverphoto": "./vegetables.png"}, "model": "veggex.category", "pk": 1}, {"fields": {"description": "Django administration Welcome, admin. View site / Change password / Log out Home \u203a Veggex \u203a Products \u203a rakesh Change product History  Name: Description: Category:  Change  Add PopularityIndex: Unit: PriceType: PricePerUnit: Coverphoto: Currently: ./Rees52-Raspberry-Pi-2-Model-SDL605139026-1-07246_r4", "name": "Fruits", "coverphoto": "./fruits.png"}, "model": "veggex.category", "pk": 2}, {"fields": {"city": "delhi", "state": "raj", "pincode": 110016, "area": "delhi"}, "model": "veggex.address", "pk": 1}, {"fields": {"mobile": 9810111213, "message": "Hi guys,\r\n\r\nInteresting venture.\r\n\r\nWould love to have a chat.\r\n\r\nPortfolio and background - www.utsavsomani.com\r\n\r\nBest,\r\nUtsav Somani", "name": "Utsav Somani", "email": "hi@utsavsomani.com"}, "model": "veggex.contact", "pk": 1}, {"fields": {"mobile": 7042363861, "message": "doing great :-* \r\nAmber, Rakesh and team ... very nice :-*\r\n\r\nloads of love and tonnes of hugs \r\ngarima", "name": "Garima Yadav", "email": "garima.chhavi@gmail.com"}, "model": "veggex.contact", "pk": 2}, {"fields": {"cartTotal": 1250, "timeOfUpdate": "2015-09-19T14:27:29.587Z", "timeOfCreate": "2015-09-19T14:27:29.587Z"}, "model": "veggex.cart", "pk": 1}, {"fields": {"cartTotal": 27996, "timeOfUpdate": "2015-09-19T13:07:14.456Z", "timeOfCreate": "2015-09-19T13:07:14.456Z"}, "model": "veggex.cart", "pk": 2}, {"fields": {"cartTotal": 0, "timeOfUpdate": "2015-09-19T13:00:55.848Z", "timeOfCreate": "2015-09-19T13:00:55.848Z"}, "model": "veggex.cart", "pk": 3}, {"fields": {"cartTotal": 0, "timeOfUpdate": "2015-09-18T16:13:08.736Z", "timeOfCreate": "2015-09-18T16:13:08.736Z"}, "model": "veggex.cart", "pk": 4}, {"fields": {"cartTotal": 0, "timeOfUpdate": "2015-09-18T16:13:14.911Z", "timeOfCreate": "2015-09-18T16:13:14.911Z"}, "model": "veggex.cart", "pk": 5}, {"fields": {"cartTotal": 0, "timeOfUpdate": "2015-09-18T16:13:20.316Z", "timeOfCreate": "2015-09-18T16:13:20.316Z"}, "model": "veggex.cart", "pk": 6}, {"fields": {"nameOfOwner": "Hatim Singh", "institutionType": "veg. vendors", "mobileNo": 8377950711, "profilePhoto": "./1269438_708935059120411_1743592332_o_Cropped.jpg", "cart": 2, "nameOfInstitution": "Mezbaan", "address": 1, "mailId": "rak.dev007@gmail.com", "gpsLocation": "", "password": "pbkdf2_sha256$20000$xcPbF0CMVCyw$eZECZo2qDkuIVr8+UxTiIosfDPdHx6mMQNhUbp3AAjM="}, "model": "veggex.user", "pk": 3}, {"fields": {"nameOfOwner": "Shubham", "institutionType": "hotels", "mobileNo": 8449091239, "profilePhoto": "./255390_4223000579700_1242451309_n_Cropped.jpg", "cart": 1, "nameOfInstitution": "Shubham", "address": 1, "mailId": "ra@gmail.com", "gpsLocation": "", "password": "pbkdf2_sha256$12000$LwPATwemj5J2$ftGbMJSKtho6HrM+uXoKDHBRc7Uxgg+Pn9Ay5ySDk6E="}, "model": "veggex.user", "pk": 4}, {"fields": {"nameOfOwner": "PC Yadav", "institutionType": "hotels", "mobileNo": 9289010333, "profilePhoto": "./255390_4223000579700_1242451309_n_Cropped_6b0QkxH.jpg", "cart": 3, "nameOfInstitution": "PC Hotels", "address": 1, "mailId": "info@mive.in", "gpsLocation": "", "password": "pbkdf2_sha256$20000$zAvkslEN3qXO$gPPOFn2xQR4FHdJkxcAsIyCvBUwmBGDS+0g33xrOWEY="}, "model": "veggex.user", "pk": 5}, {"fields": {"nameOfOwner": "Anagar", "institutionType": "hotels", "mobileNo": 9999999999, "profilePhoto": "./sb.jpg", "cart": 4, "nameOfInstitution": "Angara", "address": null, "mailId": "rak.dev007@gmail.com", "gpsLocation": "", "password": "pbkdf2_sha256$20000$2pi5WuWd76c3$SMYUW7RCx3GgD6KSoRHJpB9yGolUrChFBVusKAtjNbA="}, "model": "veggex.user", "pk": 6}, {"fields": {"nameOfOwner": "test", "institutionType": "hotels", "mobileNo": 123456789, "profilePhoto": "./1654221_956833487662614_4256020199414774531_n_Cropped.jpg", "cart": 5, "nameOfInstitution": "Test", "address": null, "mailId": "rak.dev007@gmail.com", "gpsLocation": "", "password": "pbkdf2_sha256$20000$7oWfiSkXcXK0$O45JhQVzk2mXo/9mIVtUT2ein2osuRHb+TS+bQJoEMg="}, "model": "veggex.user", "pk": 7}, {"fields": {"nameOfMandi": "azadpur", "Photo": "./1654221_956833487662614_4256020199414774531_n.jpg", "description": "hh", "address": 1}, "model": "veggex.mandi", "pk": 1}, {"fields": {"mobileNo": 837795071166, "profilePhoto": "./26af7f70-314c-45fa-8056-2ff2ff2c8fcf.jpg", "nameOfSeller": "Mive PVT LTD", "address": 1, "mailId": "rak.dev007@gmail.com", "mandi": 1}, "model": "veggex.seller", "pk": 1}, {"fields": {"category": 1, "origin": "chomu", "qualityRemarks": "dd", "name": "Tomatoes", "grade": "e", "pricePerUnit": 100, "isPerishable": true, "seller": 1, "status": 1, "unit": "10 kg", "maxAvailableUnits": 1000, "popularityIndex": null, "coverphoto": "./tomatoes-_low.jpg", "priceType": "custom rates", "description": "xx"}, "model": "veggex.product", "pk": 1}, {"fields": {"category": 2, "origin": "jaipur", "qualityRemarks": "fff", "name": "Apple - Grade A", "grade": "e", "pricePerUnit": 2400, "isPerishable": false, "seller": null, "status": 1, "unit": "20 kg", "maxAvailableUnits": 12, "popularityIndex": 4, "coverphoto": "./apples2.jpg", "priceType": "as per mandi rates", "description": "ff"}, "model": "veggex.product", "pk": 2}, {"fields": {"category": 2, "origin": "agra", "qualityRemarks": "dgds", "name": "Green Apple", "grade": "e", "pricePerUnit": 123, "isPerishable": false, "seller": null, "status": 0, "unit": "kg", "maxAvailableUnits": 12, "popularityIndex": null, "coverphoto": "./image-4-compressed_FMUSsJZ.jpg", "priceType": "custom rates", "description": "http://www.mive.in/main"}, "model": "veggex.product", "pk": 3}, {"fields": {"category": 1, "origin": "delhi", "qualityRemarks": "ddsf", "name": "Carrot - Grade A", "grade": "e", "pricePerUnit": 1250, "isPerishable": true, "seller": 1, "status": 1, "unit": "80 kg", "maxAvailableUnits": 12, "popularityIndex": 4, "coverphoto": "./image-2-compressed_0U1BLaq.jpg", "priceType": "as per mandi rates", "description": "http://www.mive.in/main"}, "model": "veggex.product", "pk": 4}, {"fields": {"category": 2, "origin": "usa", "qualityRemarks": "superb quality , ideal for shakes ", "name": "Cherry ", "grade": "e", "pricePerUnit": 5500, "isPerishable": false, "seller": 1, "status": 1, "unit": "5 kg", "maxAvailableUnits": 12, "popularityIndex": 4, "coverphoto": "./cherry_PNG611.jpg", "priceType": "custom rates", "description": "red cherry "}, "model": "veggex.product", "pk": 9}, {"fields": {"category": 2, "origin": "agra ", "qualityRemarks": "amazing quality ", "name": "Oranges", "grade": "e", "pricePerUnit": 400, "isPerishable": false, "seller": 1, "status": 1, "unit": "1 kg", "maxAvailableUnits": 100, "popularityIndex": 9, "coverphoto": "./ORANGES.jpg", "priceType": "as per mandi rates", "description": "Juicy sweet orange. \r\nORANGE MINI from THAILAND "}, "model": "veggex.product", "pk": 10}, {"fields": {"category": 1, "origin": "agra ", "qualityRemarks": "superp quality and perishable ", "name": "Lemons ", "grade": "e", "pricePerUnit": 22, "isPerishable": true, "seller": 1, "status": 1, "unit": "kg", "maxAvailableUnits": 452, "popularityIndex": 5, "coverphoto": "./lemons.jpg", "priceType": "as per mandi rates", "description": "juicy lemon "}, "model": "veggex.product", "pk": 11}, {"fields": {"category": 1, "origin": "Agra ", "qualityRemarks": "superb quality ", "name": "CauliFlower ", "grade": "e", "pricePerUnit": 820, "isPerishable": false, "seller": 1, "status": 1, "unit": "20kg", "maxAvailableUnits": 20, "popularityIndex": 5, "coverphoto": "./cauliflower.jpg", "priceType": "as per mandi rates", "description": "White Cauliflower "}, "model": "veggex.product", "pk": 12}, {"fields": {"category": 2, "origin": "china ", "qualityRemarks": "juicy litchi ", "name": "Litchi ", "grade": "e", "pricePerUnit": 80, "isPerishable": false, "seller": 1, "status": 0, "unit": "kg", "maxAvailableUnits": 4, "popularityIndex": 6, "coverphoto": "./LICHI.jpg", "priceType": "as per mandi rates", "description": "Juicy lichi "}, "model": "veggex.product", "pk": 13}, {"fields": {"category": 2, "origin": "india", "qualityRemarks": "amazing sweet grapes ", "name": "Black Grapes ", "grade": "e", "pricePerUnit": 80, "isPerishable": false, "seller": 1, "status": 0, "unit": "kg", "maxAvailableUnits": 120, "popularityIndex": 9, "coverphoto": "./black_grapes.jpg", "priceType": "as per mandi rates", "description": "Sweet grapes "}, "model": "veggex.product", "pk": 14}, {"fields": {"category": 2, "origin": "nagpur ", "qualityRemarks": "sweet guavas with less seeds ", "name": "Guava ", "grade": "e", "pricePerUnit": 30, "isPerishable": false, "seller": 1, "status": 0, "unit": "kg", "maxAvailableUnits": 50, "popularityIndex": 4, "coverphoto": "./guava1.jpg", "priceType": "as per mandi rates", "description": "sweet guava "}, "model": "veggex.product", "pk": 15}, {"fields": {"category": 2, "origin": "newzealand", "qualityRemarks": "superb quality ", "name": "Kiwi Fruit ", "grade": "e", "pricePerUnit": 850, "isPerishable": false, "seller": 1, "status": 1, "unit": "3 kg", "maxAvailableUnits": 10, "popularityIndex": 7, "coverphoto": "./FreshKiwiFruitPhoto5.jpg", "priceType": "as per mandi rates", "description": "Newzealand imported Kiwi fruit "}, "model": "veggex.product", "pk": 16}, {"fields": {"category": 2, "origin": "west bengal ", "qualityRemarks": "sweet fruit ,less seeds", "name": "Amrood ", "grade": "e", "pricePerUnit": 425, "isPerishable": false, "seller": 1, "status": 1, "unit": "10 kg ", "maxAvailableUnits": 25, "popularityIndex": 6, "coverphoto": "./guava1_G7UN0gZ.jpg", "priceType": "as per mandi rates", "description": "Amrood - WB"}, "model": "veggex.product", "pk": 18}, {"fields": {"category": 2, "origin": "MAH", "qualityRemarks": "SWEET BANANa ", "name": "Banana ", "grade": "e", "pricePerUnit": 1150, "isPerishable": false, "seller": 1, "status": 1, "unit": "100 kg ", "maxAvailableUnits": 4, "popularityIndex": 6, "coverphoto": "./Bananas-Great-Food-Pre-Post-Workout.jpg", "priceType": "as per mandi rates", "description": "BANANA"}, "model": "veggex.product", "pk": 19}, {"fields": {"category": 2, "origin": "PUNJAB ", "qualityRemarks": "SOFT AND SWEET PEARS ", "name": "Pears - Grade A ", "grade": "e", "pricePerUnit": 350, "isPerishable": false, "seller": 1, "status": 1, "unit": "15 kg", "maxAvailableUnits": 21, "popularityIndex": 5, "coverphoto": "./pear_green.jpg", "priceType": "custom rates", "description": "PUN \r\n\r\nGRADE -A "}, "model": "veggex.product", "pk": 20}, {"fields": {"category": 2, "origin": "west bengal", "qualityRemarks": "JUICY PINEAPPLE ", "name": "Pine Apple - Grade A", "grade": "e", "pricePerUnit": 36, "isPerishable": false, "seller": 1, "status": 1, "unit": "1 KG", "maxAvailableUnits": 25, "popularityIndex": 4, "coverphoto": "./27-health-benefits-of-pineapple-fruit.jpg", "priceType": "as per mandi rates", "description": "WB/KERALA/RAJ./T.NADU \r\n "}, "model": "veggex.product", "pk": 21}, {"fields": {"category": 2, "origin": "PUNJAB", "qualityRemarks": "SWEET JAMUN ", "name": "Jamun - Grade A", "grade": "e", "pricePerUnit": 2500, "isPerishable": false, "seller": 1, "status": 1, "unit": "20 kg", "maxAvailableUnits": 4, "popularityIndex": 7, "coverphoto": "./Jamun.jpg", "priceType": "as per mandi rates", "description": "PUNJAB "}, "model": "veggex.product", "pk": 22}, {"fields": {"category": 2, "origin": "ARUNACHAL PRADESH ", "qualityRemarks": "RED AND SWEET ", "name": "Water Melon - Grade A ", "grade": "e", "pricePerUnit": 35, "isPerishable": false, "seller": 1, "status": 1, "unit": "1 kg", "maxAvailableUnits": 45, "popularityIndex": 6, "coverphoto": "./d0e5Watermelon21.jpg", "priceType": "as per mandi rates", "description": "AP"}, "model": "veggex.product", "pk": 23}, {"fields": {"category": 2, "origin": "HP ", "qualityRemarks": "ALMD", "name": "Almond - Grade A", "grade": "e", "pricePerUnit": 450, "isPerishable": false, "seller": 1, "status": 1, "unit": "4 kg", "maxAvailableUnits": 10, "popularityIndex": null, "coverphoto": "./almonds-face-packs.jpg", "priceType": "as per mandi rates", "description": "HP "}, "model": "veggex.product", "pk": 24}, {"fields": {"category": 2, "origin": "PUNJAB", "qualityRemarks": "GOOD", "name": "Mushroom - Grade A", "grade": "e", "pricePerUnit": 160, "isPerishable": false, "seller": 1, "status": 1, "unit": "1 kg", "maxAvailableUnits": 4, "popularityIndex": 4, "coverphoto": "./Mushroom-Vegetable.jpg", "priceType": "as per mandi rates", "description": "MUSHROOM HP/ PUN / HAR/ UTK "}, "model": "veggex.product", "pk": 25}, {"fields": {"category": 1, "origin": "HP", "qualityRemarks": "GOOD", "name": "Potato - Grade - A1", "grade": "e", "pricePerUnit": 1400, "isPerishable": false, "seller": 1, "status": 1, "unit": "80 kg", "maxAvailableUnits": 55, "popularityIndex": 9, "coverphoto": "./potato.jpg", "priceType": "as per mandi rates", "description": "HP/Shimla "}, "model": "veggex.product", "pk": 26}, {"fields": {"category": 2, "origin": "Thailand ", "qualityRemarks": "good ", "name": "Melon ", "grade": "e", "pricePerUnit": 450, "isPerishable": false, "seller": 1, "status": 1, "unit": "8 kg", "maxAvailableUnits": 45, "popularityIndex": 4, "coverphoto": "./1622_melon.jpg", "priceType": "custom rates", "description": "melon from thailand "}, "model": "veggex.product", "pk": 27}, {"fields": {"category": 1, "origin": "uttar pradesh", "qualityRemarks": "good ", "name": "Arvi - Grade A ", "grade": "e", "pricePerUnit": 575, "isPerishable": false, "seller": 1, "status": 1, "unit": "50 kg", "maxAvailableUnits": 4, "popularityIndex": 4, "coverphoto": "./DSCN1983.jpg", "priceType": "as per mandi rates", "description": ""}, "model": "veggex.product", "pk": 28}, {"fields": {"category": 1, "origin": "UP", "qualityRemarks": "GOod ", "name": "Amla - Grade A", "grade": "e", "pricePerUnit": 800, "isPerishable": false, "seller": 1, "status": 1, "unit": "20 kg", "maxAvailableUnits": 4, "popularityIndex": 7, "coverphoto": "./Taiyo_amla_fruit.jpg", "priceType": "as per mandi rates", "description": "t.NADU / UP/Har"}, "model": "veggex.product", "pk": 29}, {"fields": {"category": 1, "origin": "uttar pradesh", "qualityRemarks": "good ", "name": "Brinjal - Grade A", "grade": "e", "pricePerUnit": 400, "isPerishable": false, "seller": 1, "status": 1, "unit": "40 kg", "maxAvailableUnits": 5, "popularityIndex": 7, "coverphoto": "./brinjal_long.jpg", "priceType": "as per mandi rates", "description": "brinjal from rajasthan, up "}, "model": "veggex.product", "pk": 30}, {"fields": {"category": 1, "origin": "karnataka", "qualityRemarks": "good ", "name": "Cabbage - Grade A", "grade": "e", "pricePerUnit": 650, "isPerishable": false, "seller": 1, "status": 1, "unit": "40 kg", "maxAvailableUnits": 5, "popularityIndex": 6, "coverphoto": "./raw-cabbage.jpg", "priceType": "as per mandi rates", "description": "leafy "}, "model": "veggex.product", "pk": 31}, {"fields": {"category": 1, "origin": "bihar ", "qualityRemarks": "good ", "name": "Cucumber - Grade A", "grade": "e", "pricePerUnit": 500, "isPerishable": false, "seller": 1, "status": 1, "unit": "40 kg", "maxAvailableUnits": 50, "popularityIndex": 8, "coverphoto": "./Cucumber.jpg", "priceType": "as per mandi rates", "description": "Cucumber "}, "model": "veggex.product", "pk": 32}, {"fields": {"category": 1, "origin": "kullu ", "qualityRemarks": "good ", "name": "Garlic - Grade A ", "grade": "e", "pricePerUnit": 4800, "isPerishable": false, "seller": 1, "status": 1, "unit": "40 kg", "maxAvailableUnits": 52, "popularityIndex": 2, "coverphoto": "./garlic-04.jpg", "priceType": "as per mandi rates", "description": "good "}, "model": "veggex.product", "pk": 33}, {"fields": {"category": 1, "origin": "chattisgarh ", "qualityRemarks": "good ", "name": "Gourd - Grade A ", "grade": "e", "pricePerUnit": 170, "isPerishable": false, "seller": 1, "status": 1, "unit": "25 kg", "maxAvailableUnits": 45, "popularityIndex": 7, "coverphoto": "./bottlegourd.jpg", "priceType": "as per mandi rates", "description": "Good Gourd "}, "model": "veggex.product", "pk": 34}, {"fields": {"category": 1, "origin": "kerala ", "qualityRemarks": "good", "name": "Kathal - Grade A ", "grade": "e", "pricePerUnit": 600, "isPerishable": false, "seller": 1, "status": 1, "unit": "40 kg", "maxAvailableUnits": 4, "popularityIndex": 7, "coverphoto": "./KT.jpg", "priceType": "as per mandi rates", "description": "kathal from kerala "}, "model": "veggex.product", "pk": 35}, {"fields": {"category": 1, "origin": "nasik ", "qualityRemarks": "good ", "name": "Onion - Grade A", "grade": "e", "pricePerUnit": 1450, "isPerishable": false, "seller": 1, "status": 1, "unit": "40kg", "maxAvailableUnits": 40, "popularityIndex": 9, "coverphoto": "./Red-Onion-2.jpg", "priceType": "as per mandi rates", "description": "good "}, "model": "veggex.product", "pk": 36}, {"fields": {"category": 1, "origin": "uttar pradesh", "qualityRemarks": "good ", "name": "Spinach -Grade A", "grade": "e", "pricePerUnit": 600, "isPerishable": false, "seller": 1, "status": 1, "unit": "40kg", "maxAvailableUnits": 50, "popularityIndex": 7, "coverphoto": "./270609-spinach.jpg", "priceType": "as per mandi rates", "description": "LEAFY"}, "model": "veggex.product", "pk": 37}, {"fields": {"category": 2, "origin": "USA ", "qualityRemarks": "good ", "name": "Dragan ", "grade": "e", "pricePerUnit": 3000, "isPerishable": false, "seller": 1, "status": 1, "unit": "10kg", "maxAvailableUnits": 10, "popularityIndex": 8, "coverphoto": "./tumblr_mh0aj3T6Yn1qg5xklo1_r1_1280.jpg", "priceType": "as per mandi rates", "description": "USA"}, "model": "veggex.product", "pk": 38}, {"fields": {"category": 2, "origin": "Gujrat ", "qualityRemarks": "good", "name": "Chikoo - Grade A", "grade": "e", "pricePerUnit": 300, "isPerishable": false, "seller": 1, "status": 1, "unit": "10 kg", "maxAvailableUnits": 20, "popularityIndex": 6, "coverphoto": "./27-health-benefits-of-pineapple-fruit_BPBeTYD.jpg", "priceType": "as per mandi rates", "description": "chikoo"}, "model": "veggex.product", "pk": 39}, {"fields": {"category": 2, "origin": "J&K", "qualityRemarks": "good", "name": "Plum - Grade A ", "grade": "e", "pricePerUnit": 400, "isPerishable": false, "seller": 1, "status": 1, "unit": "8 kg", "maxAvailableUnits": 20, "popularityIndex": null, "coverphoto": "./Plum-Casselman1.jpg", "priceType": "as per mandi rates", "description": "red Plum"}, "model": "veggex.product", "pk": 40}, {"fields": {"category": 2, "origin": "karnataka", "qualityRemarks": "good ", "name": "Coconut ", "grade": "e", "pricePerUnit": 3400, "isPerishable": false, "seller": 1, "status": 1, "unit": "220 pc", "maxAvailableUnits": 10, "popularityIndex": 6, "coverphoto": "./coconuts.jpg", "priceType": "as per mandi rates", "description": "coconut"}, "model": "veggex.product", "pk": 41}, {"fields": {"category": 2, "origin": "UP", "qualityRemarks": "good", "name": "Nakh - Grade A", "grade": "e", "pricePerUnit": 200, "isPerishable": false, "seller": 1, "status": 1, "unit": "8 kg", "maxAvailableUnits": 12, "popularityIndex": 3, "coverphoto": "./NAKH.jpg", "priceType": "as per mandi rates", "description": "Nakh "}, "model": "veggex.product", "pk": 42}, {"fields": {"category": 2, "origin": "UTK", "qualityRemarks": "good", "name": "Peach - Grade A", "grade": "e", "pricePerUnit": 250, "isPerishable": false, "seller": 1, "status": 1, "unit": "14 kg", "maxAvailableUnits": 12, "popularityIndex": 6, "coverphoto": "./peach-image-free-1.jpg", "priceType": "custom rates", "description": "peach from utk "}, "model": "veggex.product", "pk": 43}, {"fields": {"category": 1, "origin": "haryana", "qualityRemarks": "good ", "name": "Lady Finger - Grade A ", "grade": "e", "pricePerUnit": 550, "isPerishable": false, "seller": 1, "status": 1, "unit": "40 kg", "maxAvailableUnits": 10, "popularityIndex": 4, "coverphoto": "./06102012331.jpg", "priceType": "as per mandi rates", "description": "LADY FINGER "}, "model": "veggex.product", "pk": 44}, {"fields": {"category": 1, "origin": "haryana", "qualityRemarks": "amazing ", "name": "Mint - Grade A", "grade": "e", "pricePerUnit": 1600, "isPerishable": false, "seller": 1, "status": 1, "unit": "40 kg ", "maxAvailableUnits": 10, "popularityIndex": 4, "coverphoto": "./mint-leaves.jpg", "priceType": "as per mandi rates", "description": "MiNT "}, "model": "veggex.product", "pk": 45}, {"fields": {"category": 1, "origin": "rajasthan", "qualityRemarks": "GOOD ", "name": "Bitter Gourd - Grade A ", "grade": "e", "pricePerUnit": 625, "isPerishable": false, "seller": 1, "status": 1, "unit": "40kg", "maxAvailableUnits": 10, "popularityIndex": 5, "coverphoto": "./24126_bitter-gourd.jpg", "priceType": "as per mandi rates", "description": "bitter gourd from uTK/Raj"}, "model": "veggex.product", "pk": 46}, {"fields": {"product": [1, 2, 3, 4, 43, 44, 45], "user": 3}, "model": "veggex.customcategoryproducts", "pk": 1}, {"fields": {"product": [1, 2, 3, 4], "user": 4}, "model": "veggex.customcategoryproducts", "pk": 2}, {"fields": {"product": [2], "user": 7}, "model": "veggex.customcategoryproducts", "pk": 3}, {"fields": {"product": [1, 2], "user": 6}, "model": "veggex.customcategoryproducts", "pk": 4}, {"fields": {"product": [1, 2], "user": 3}, "model": "veggex.customcategoryproducts", "pk": 5}, {"fields": {"product": [2, 3], "user": 5}, "model": "veggex.customcategoryproducts", "pk": 6}, {"fields": {"qtyInUnits": 1, "product": 2, "cart": 2}, "model": "veggex.cartitem", "pk": 15}, {"fields": {"qtyInUnits": 1, "product": 4, "cart": 2}, "model": "veggex.cartitem", "pk": 16}, {"fields": {"qtyInUnits": 2, "product": 41, "cart": 2}, "model": "veggex.cartitem", "pk": 17}, {"fields": {"qtyInUnits": 1, "product": 40, "cart": 2}, "model": "veggex.cartitem", "pk": 18}, {"fields": {"qtyInUnits": 2, "product": 39, "cart": 2}, "model": "veggex.cartitem", "pk": 19}, {"fields": {"qtyInUnits": 1, "product": 4, "cart": 1}, "model": "veggex.cartitem", "pk": 20}, {"fields": {"status": "PLACED", "timeOfUpdate": "2015-09-13T07:39:09.389Z", "timeOfCreate": "2015-09-13T07:39:09.389Z", "deliveryTime": "13.09.2015", "user": 4, "payment_mode": "COD", "subtotal": 223}, "model": "veggex.order", "pk": 1}, {"fields": {"status": "PLACED", "timeOfUpdate": "2015-09-13T08:06:45.678Z", "timeOfCreate": "2015-09-13T08:06:45.678Z", "deliveryTime": "13.09.2015", "user": 4, "payment_mode": "COD", "subtotal": 123}, "model": "veggex.order", "pk": 2}, {"fields": {"status": "PLACED", "timeOfUpdate": "2015-09-13T16:32:00.223Z", "timeOfCreate": "2015-09-13T16:32:00.223Z", "deliveryTime": "14.09.2015", "user": 5, "payment_mode": "COD", "subtotal": 471}, "model": "veggex.order", "pk": 3}, {"fields": {"status": "PLACED", "timeOfUpdate": "2015-09-13T16:32:51.103Z", "timeOfCreate": "2015-09-13T16:32:51.103Z", "deliveryTime": "14.09.2015", "user": 5, "payment_mode": "COD", "subtotal": 4342}, "model": "veggex.order", "pk": 4}, {"fields": {"status": "PLACED", "timeOfUpdate": "2015-09-13T23:54:40.718Z", "timeOfCreate": "2015-09-13T23:54:40.718Z", "deliveryTime": null, "user": 6, "payment_mode": "COD", "subtotal": 80}, "model": "veggex.order", "pk": 5}, {"fields": {"status": "PLACED", "timeOfUpdate": "2015-09-13T23:55:09.900Z", "timeOfCreate": "2015-09-13T23:55:09.900Z", "deliveryTime": null, "user": 6, "payment_mode": "COD", "subtotal": 90}, "model": "veggex.order", "pk": 6}, {"fields": {"status": "PLACED", "timeOfUpdate": "2015-09-14T02:28:21.724Z", "timeOfCreate": "2015-09-14T02:28:21.724Z", "deliveryTime": "15.09.2015", "user": 4, "payment_mode": "COD", "subtotal": 1127}, "model": "veggex.order", "pk": 7}, {"fields": {"status": "PLACED", "timeOfUpdate": "2015-09-14T03:03:24.114Z", "timeOfCreate": "2015-09-14T03:03:24.114Z", "deliveryTime": null, "user": 3, "payment_mode": "COD", "subtotal": 1150}, "model": "veggex.order", "pk": 8}, {"fields": {"status": "PLACED", "timeOfUpdate": "2015-09-14T08:15:03.024Z", "timeOfCreate": "2015-09-14T08:15:03.024Z", "deliveryTime": null, "user": 3, "payment_mode": "COD", "subtotal": 800}, "model": "veggex.order", "pk": 9}, {"fields": {"status": "PLACED", "timeOfUpdate": "2015-09-14T10:16:32.116Z", "timeOfCreate": "2015-09-14T10:16:32.116Z", "deliveryTime": null, "user": 3, "payment_mode": "COD", "subtotal": 9430}, "model": "veggex.order", "pk": 10}, {"fields": {"status": "PLACED", "timeOfUpdate": "2015-09-15T11:28:38.223Z", "timeOfCreate": "2015-09-15T11:28:38.223Z", "deliveryTime": "16.09.2015", "user": 3, "payment_mode": "COD", "subtotal": 3210}, "model": "veggex.order", "pk": 11}, {"fields": {"status": "PLACED", "timeOfUpdate": "2015-09-15T16:10:45.749Z", "timeOfCreate": "2015-09-15T16:10:45.749Z", "deliveryTime": "16.09.2015", "user": 4, "payment_mode": "COD", "subtotal": 53242}, "model": "veggex.order", "pk": 12}, {"fields": {"status": "PLACED", "timeOfUpdate": "2015-09-15T16:35:45.661Z", "timeOfCreate": "2015-09-15T16:35:45.661Z", "deliveryTime": "16.09.2015", "user": 3, "payment_mode": "COD", "subtotal": 6350}, "model": "veggex.order", "pk": 13}, {"fields": {"status": "PLACED", "timeOfUpdate": "2015-09-15T17:45:36.269Z", "timeOfCreate": "2015-09-15T17:45:36.269Z", "deliveryTime": "16.09.2015", "user": 7, "payment_mode": "COD", "subtotal": 400}, "model": "veggex.order", "pk": 14}, {"fields": {"status": "PLACED", "timeOfUpdate": "2015-09-16T05:58:47.762Z", "timeOfCreate": "2015-09-16T05:58:47.762Z", "deliveryTime": "17.09.2015", "user": 7, "payment_mode": "COD", "subtotal": 7272}, "model": "veggex.order", "pk": 15}, {"fields": {"status": "PLACED", "timeOfUpdate": "2015-09-16T16:33:08.580Z", "timeOfCreate": "2015-09-16T16:33:08.580Z", "deliveryTime": "17.09.2015", "user": 4, "payment_mode": "COD", "subtotal": 5070}, "model": "veggex.order", "pk": 16}, {"fields": {"status": "PLACED", "timeOfUpdate": "2015-09-18T16:26:45.020Z", "timeOfCreate": "2015-09-18T16:26:45.020Z", "deliveryTime": "19.09.2015", "user": 3, "payment_mode": "COD", "subtotal": 6750}, "model": "veggex.order", "pk": 17}, {"fields": {"status": "PLACED", "timeOfUpdate": "2015-09-19T10:24:47.716Z", "timeOfCreate": "2015-09-19T10:24:47.716Z", "deliveryTime": null, "user": 3, "payment_mode": "COD", "subtotal": 7550}, "model": "veggex.order", "pk": 18}, {"fields": {"status": "PLACED", "timeOfUpdate": "2015-09-19T10:43:03.699Z", "timeOfCreate": "2015-09-19T10:43:03.699Z", "deliveryTime": "20.09.2015", "user": 3, "payment_mode": "COD", "subtotal": 16546}, "model": "veggex.order", "pk": 19}, {"fields": {"product": 11, "qtyInUnits": 1, "priceType": "as per mandi rates", "order": 1, "unit": "kg", "priceAtThatTime": 100}, "model": "veggex.orderitem", "pk": 1}, {"fields": {"product": 4, "qtyInUnits": 1, "priceType": "custom rates", "order": 1, "unit": "kg", "priceAtThatTime": 123}, "model": "veggex.orderitem", "pk": 2}, {"fields": {"product": 4, "qtyInUnits": 1, "priceType": "custom rates", "order": 2, "unit": "kg", "priceAtThatTime": 123}, "model": "veggex.orderitem", "pk": 3}, {"fields": {"product": 1, "qtyInUnits": 3, "priceType": "custom rates", "order": 3, "unit": "10 kg", "priceAtThatTime": 100}, "model": "veggex.orderitem", "pk": 4}, {"fields": {"product": 4, "qtyInUnits": 3, "priceType": "custom rates", "order": 3, "unit": "kg", "priceAtThatTime": 15}, "model": "veggex.orderitem", "pk": 5}, {"fields": {"product": 11, "qtyInUnits": 2, "priceType": "as per mandi rates", "order": 3, "unit": "kg", "priceAtThatTime": 22}, "model": "veggex.orderitem", "pk": 6}, {"fields": {"product": 12, "qtyInUnits": 2, "priceType": "as per mandi rates", "order": 3, "unit": "kg", "priceAtThatTime": 41}, "model": "veggex.orderitem", "pk": 7}, {"fields": {"product": 1, "qtyInUnits": 3, "priceType": "custom rates", "order": 4, "unit": "10 kg", "priceAtThatTime": 100}, "model": "veggex.orderitem", "pk": 8}, {"fields": {"product": 4, "qtyInUnits": 3, "priceType": "custom rates", "order": 4, "unit": "kg", "priceAtThatTime": 15}, "model": "veggex.orderitem", "pk": 9}, {"fields": {"product": 11, "qtyInUnits": 2, "priceType": "as per mandi rates", "order": 4, "unit": "kg", "priceAtThatTime": 22}, "model": "veggex.orderitem", "pk": 10}, {"fields": {"product": 12, "qtyInUnits": 3, "priceType": "as per mandi rates", "order": 4, "unit": "kg", "priceAtThatTime": 41}, "model": "veggex.orderitem", "pk": 11}, {"fields": {"product": 2, "qtyInUnits": 3, "priceType": "custom rates", "order": 4, "unit": "kg", "priceAtThatTime": 90}, "model": "veggex.orderitem", "pk": 12}, {"fields": {"product": 9, "qtyInUnits": 3, "priceType": "custom rates", "order": 4, "unit": "kg", "priceAtThatTime": 1000}, "model": "veggex.orderitem", "pk": 13}, {"fields": {"product": 14, "qtyInUnits": 2, "priceType": "as per mandi rates", "order": 4, "unit": "kg", "priceAtThatTime": 80}, "model": "veggex.orderitem", "pk": 14}, {"fields": {"product": 16, "qtyInUnits": 2, "priceType": "as per mandi rates", "order": 4, "unit": "kg", "priceAtThatTime": 200}, "model": "veggex.orderitem", "pk": 15}, {"fields": {"product": 13, "qtyInUnits": 1, "priceType": "as per mandi rates", "order": 5, "unit": "kg", "priceAtThatTime": 80}, "model": "veggex.orderitem", "pk": 16}, {"fields": {"product": 2, "qtyInUnits": 1, "priceType": "custom rates", "order": 6, "unit": "kg", "priceAtThatTime": 90}, "model": "veggex.orderitem", "pk": 17}, {"fields": {"product": 2, "qtyInUnits": 1, "priceType": "custom rates", "order": 7, "unit": "kg", "priceAtThatTime": 90}, "model": "veggex.orderitem", "pk": 18}, {"fields": {"product": 9, "qtyInUnits": 1, "priceType": "custom rates", "order": 7, "unit": "kg", "priceAtThatTime": 1000}, "model": "veggex.orderitem", "pk": 19}, {"fields": {"product": 4, "qtyInUnits": 1, "priceType": "custom rates", "order": 7, "unit": "kg", "priceAtThatTime": 15}, "model": "veggex.orderitem", "pk": 20}, {"fields": {"product": 11, "qtyInUnits": 1, "priceType": "as per mandi rates", "order": 7, "unit": "kg", "priceAtThatTime": 22}, "model": "veggex.orderitem", "pk": 21}, {"fields": {"product": 16, "qtyInUnits": 3, "priceType": "as per mandi rates", "order": 8, "unit": "kg", "priceAtThatTime": 200}, "model": "veggex.orderitem", "pk": 22}, {"fields": {"product": 2, "qtyInUnits": 3, "priceType": "custom rates", "order": 8, "unit": "kg", "priceAtThatTime": 90}, "model": "veggex.orderitem", "pk": 23}, {"fields": {"product": 1, "qtyInUnits": 2, "priceType": "custom rates", "order": 8, "unit": "10 kg", "priceAtThatTime": 100}, "model": "veggex.orderitem", "pk": 24}, {"fields": {"product": 14, "qtyInUnits": 1, "priceType": "as per mandi rates", "order": 8, "unit": "kg", "priceAtThatTime": 80}, "model": "veggex.orderitem", "pk": 25}, {"fields": {"product": 2, "qtyInUnits": 3, "priceType": "custom rates", "order": 9, "unit": "kg", "priceAtThatTime": 90}, "model": "veggex.orderitem", "pk": 26}, {"fields": {"product": 16, "qtyInUnits": 1, "priceType": "as per mandi rates", "order": 9, "unit": "kg", "priceAtThatTime": 200}, "model": "veggex.orderitem", "pk": 27}, {"fields": {"product": 4, "qtyInUnits": 1, "priceType": "custom rates", "order": 9, "unit": "10 kg", "priceAtThatTime": 150}, "model": "veggex.orderitem", "pk": 28}, {"fields": {"product": 1, "qtyInUnits": 1, "priceType": "custom rates", "order": 9, "unit": "10 kg", "priceAtThatTime": 100}, "model": "veggex.orderitem", "pk": 29}, {"fields": {"product": 14, "qtyInUnits": 1, "priceType": "as per mandi rates", "order": 9, "unit": "kg", "priceAtThatTime": 80}, "model": "veggex.orderitem", "pk": 30}, {"fields": {"product": 13, "qtyInUnits": 1, "priceType": "as per mandi rates", "order": 10, "unit": "kg", "priceAtThatTime": 80}, "model": "veggex.orderitem", "pk": 31}, {"fields": {"product": 24, "qtyInUnits": 3, "priceType": "as per mandi rates", "order": 10, "unit": "4 kg", "priceAtThatTime": 450}, "model": "veggex.orderitem", "pk": 32}, {"fields": {"product": 9, "qtyInUnits": 1, "priceType": "custom rates", "order": 10, "unit": "5 kg", "priceAtThatTime": 5500}, "model": "veggex.orderitem", "pk": 33}, {"fields": {"product": 2, "qtyInUnits": 1, "priceType": "as per mandi rates", "order": 10, "unit": "20 kg", "priceAtThatTime": 2400}, "model": "veggex.orderitem", "pk": 34}, {"fields": {"product": 1, "qtyInUnits": 1, "priceType": "custom rates", "order": 10, "unit": "10 kg", "priceAtThatTime": 100}, "model": "veggex.orderitem", "pk": 35}, {"fields": {"product": 4, "qtyInUnits": 1, "priceType": "as per mandi rates", "order": 11, "unit": "80 kg", "priceAtThatTime": 1250}, "model": "veggex.orderitem", "pk": 36}, {"fields": {"product": 1, "qtyInUnits": 8, "priceType": "custom rates", "order": 11, "unit": "10 kg", "priceAtThatTime": 100}, "model": "veggex.orderitem", "pk": 37}, {"fields": {"product": 28, "qtyInUnits": 1, "priceType": "as per mandi rates", "order": 11, "unit": "50 kg", "priceAtThatTime": 575}, "model": "veggex.orderitem", "pk": 38}, {"fields": {"product": 25, "qtyInUnits": 1, "priceType": "as per mandi rates", "order": 11, "unit": "1 kg", "priceAtThatTime": 160}, "model": "veggex.orderitem", "pk": 39}, {"fields": {"product": 18, "qtyInUnits": 1, "priceType": "as per mandi rates", "order": 11, "unit": "10 kg ", "priceAtThatTime": 425}, "model": "veggex.orderitem", "pk": 40}, {"fields": {"product": 2, "qtyInUnits": 15, "priceType": "as per mandi rates", "order": 12, "unit": "20 kg", "priceAtThatTime": 2400}, "model": "veggex.orderitem", "pk": 41}, {"fields": {"product": 9, "qtyInUnits": 1, "priceType": "custom rates", "order": 12, "unit": "5 kg", "priceAtThatTime": 5500}, "model": "veggex.orderitem", "pk": 42}, {"fields": {"product": 3, "qtyInUnits": 4, "priceType": "custom rates", "order": 12, "unit": "kg", "priceAtThatTime": 123}, "model": "veggex.orderitem", "pk": 43}, {"fields": {"product": 4, "qtyInUnits": 9, "priceType": "as per mandi rates", "order": 12, "unit": "80 kg", "priceAtThatTime": 1250}, "model": "veggex.orderitem", "pk": 44}, {"fields": {"product": 1, "qtyInUnits": 3, "priceType": "custom rates", "order": 13, "unit": "10 kg", "priceAtThatTime": 100}, "model": "veggex.orderitem", "pk": 45}, {"fields": {"product": 2, "qtyInUnits": 2, "priceType": "as per mandi rates", "order": 13, "unit": "20 kg", "priceAtThatTime": 2400}, "model": "veggex.orderitem", "pk": 46}, {"fields": {"product": 4, "qtyInUnits": 1, "priceType": "as per mandi rates", "order": 13, "unit": "80 kg", "priceAtThatTime": 1250}, "model": "veggex.orderitem", "pk": 47}, {"fields": {"product": 10, "qtyInUnits": 1, "priceType": "as per mandi rates", "order": 14, "unit": "1 kg", "priceAtThatTime": 400}, "model": "veggex.orderitem", "pk": 48}, {"fields": {"product": 32, "qtyInUnits": 1, "priceType": "as per mandi rates", "order": 15, "unit": "40 kg", "priceAtThatTime": 500}, "model": "veggex.orderitem", "pk": 49}, {"fields": {"product": 31, "qtyInUnits": 1, "priceType": "as per mandi rates", "order": 15, "unit": "40 kg", "priceAtThatTime": 650}, "model": "veggex.orderitem", "pk": 50}, {"fields": {"product": 30, "qtyInUnits": 1, "priceType": "as per mandi rates", "order": 15, "unit": "40 kg", "priceAtThatTime": 400}, "model": "veggex.orderitem", "pk": 51}, {"fields": {"product": 27, "qtyInUnits": 1, "priceType": "custom rates", "order": 15, "unit": "8 kg", "priceAtThatTime": 450}, "model": "veggex.orderitem", "pk": 52}, {"fields": {"product": 24, "qtyInUnits": 1, "priceType": "as per mandi rates", "order": 15, "unit": "4 kg", "priceAtThatTime": 450}, "model": "veggex.orderitem", "pk": 53}, {"fields": {"product": 11, "qtyInUnits": 1, "priceType": "as per mandi rates", "order": 15, "unit": "kg", "priceAtThatTime": 22}, "model": "veggex.orderitem", "pk": 54}, {"fields": {"product": 2, "qtyInUnits": 2, "priceType": "as per mandi rates", "order": 15, "unit": "20 kg", "priceAtThatTime": 2400}, "model": "veggex.orderitem", "pk": 55}, {"fields": {"product": 23, "qtyInUnits": 2, "priceType": "as per mandi rates", "order": 16, "unit": "1 kg", "priceAtThatTime": 35}, "model": "veggex.orderitem", "pk": 56}, {"fields": {"product": 22, "qtyInUnits": 2, "priceType": "as per mandi rates", "order": 16, "unit": "20 kg", "priceAtThatTime": 2500}, "model": "veggex.orderitem", "pk": 57}, {"fields": {"product": 9, "qtyInUnits": 1, "priceType": "custom rates", "order": 17, "unit": "5 kg", "priceAtThatTime": 5500}, "model": "veggex.orderitem", "pk": 58}, {"fields": {"product": 4, "qtyInUnits": 1, "priceType": "as per mandi rates", "order": 17, "unit": "80 kg", "priceAtThatTime": 1250}, "model": "veggex.orderitem", "pk": 59}, {"fields": {"product": 1, "qtyInUnits": 8, "priceType": "custom rates", "order": 18, "unit": "10 kg", "priceAtThatTime": 100}, "model": "veggex.orderitem", "pk": 60}, {"fields": {"product": 11, "qtyInUnits": 3, "priceType": "as per mandi rates", "order": 19, "unit": "kg", "priceAtThatTime": 22}, "model": "veggex.orderitem", "pk": 61}, {"fields": {"product": 12, "qtyInUnits": 4, "priceType": "as per mandi rates", "order": 19, "unit": "20kg", "priceAtThatTime": 820}, "model": "veggex.orderitem", "pk": 62}, {"fields": {"product": 16, "qtyInUnits": 4, "priceType": "as per mandi rates", "order": 19, "unit": "3 kg", "priceAtThatTime": 850}, "model": "veggex.orderitem", "pk": 63}, {"fields": {"product": 18, "qtyInUnits": 4, "priceType": "as per mandi rates", "order": 19, "unit": "10 kg ", "priceAtThatTime": 425}, "model": "veggex.orderitem", "pk": 64}, {"fields": {"product": 10, "qtyInUnits": 5, "priceType": "as per mandi rates", "order": 19, "unit": "1 kg", "priceAtThatTime": 400}, "model": "veggex.orderitem", "pk": 65}, {"fields": {"product": 2, "qtyInUnits": 2, "priceType": "as per mandi rates", "order": 19, "unit": "20 kg", "priceAtThatTime": 2400}, "model": "veggex.orderitem", "pk": 66}, {"fields": {"product": 1, "qtyInUnits": 1, "priceType": "custom rates", "order": 19, "unit": "10 kg", "priceAtThatTime": 100}, "model": "veggex.orderitem", "pk": 67}, {"fields": {"product": 40, "qtyInUnits": 3, "priceType": "as per mandi rates", "order": 19, "unit": "8 kg", "priceAtThatTime": 400}, "model": "veggex.orderitem", "pk": 68}]