[
   {
      "fields":{
         "city":"delhi",
         "state":"delhi",
         "pincode":110016,
         "area":"delhi"
      },
      "model":"veggex.address",
      "pk":1
   },
   {
      "fields":{
         "nameOfMandi":"azadpur",
         "Photo":"",
         "description":"dadasdd",
         "address":1
      },
      "model":"veggex.mandi",
      "pk":1
   },
   {
      "fields":{
         "description":"these kind of vegetables are being used for fuck",
         "name":"Chicken",
         "coverphoto":""
      },
      "model":"veggex.category",
      "pk":1
   },
   {
      "fields":{
         "description":"Django administration Welcome, admin. View site / Change password / Log out Home \u203a Veggex \u203a Products \u203a rakesh Change product History  Name: Description: Category:  Change  Add PopularityIndex: Unit: PriceType: PricePerUnit: Coverphoto: Currently: ./Rees52-Raspberry-Pi-2-Model-SDL605139026-1-07246_r4",
         "name":"Mutton",
         "coverphoto":""
      },
      "model":"veggex.category",
      "pk":2
   },
   {
      "fields":{
         "description":"Django administration Welcome, admin. View site / Change password / Log out Home \u203a Veggex \u203a Products \u203a rakesh Change product History  Name: Description: Category:  Change  Add PopularityIndex: Unit: PriceType: PricePerUnit: Coverphoto: Currently: ./Rees52-Raspberry-Pi-2-Model-SDL605139026-1-07246_r4",
         "name":"Mutton",
         "coverphoto":""
      },
      "model":"veggex.category",
      "pk":3
   },
   {
      "fields":{
         "description":"Django administration Welcome, admin. View site / Change password / Log out Home \u203a Veggex \u203a Products \u203a rakesh Change product History  Name: Description: Category:  Change  Add PopularityIndex: Unit: PriceType: PricePerUnit: Coverphoto: Currently: ./Rees52-Raspberry-Pi-2-Model-SDL605139026-1-07246_r4",
         "name":"Fruits",
         "coverphoto":""
      },
      "model":"veggex.category",
      "pk":4
   },
   {
      "fields":{
         "description":"these kind of vegetables are being used for fuck",
         "name":"Spices",
         "coverphoto":""
      },
      "model":"veggex.category",
      "pk":5
   },
   {
      "fields":{
         "rating":0,
         "mobileNo":8377950711,
         "profilePhoto":"./web.png",
         "nameOfSeller":"Mive",
         "address":1,
         "mailId":"ra@gmail.com",
         "mandi":1,
         "categories":null
      },
      "model":"veggex.seller",
      "pk":1
   },
   {
      "fields":{
         "rating":0,
         "mobileNo":12,
         "profilePhoto":"",
         "nameOfSeller":"SupplyOnWheels",
         "address":1,
         "mailId":"rak.dev007@gmail.com",
         "mandi":1,
         "categories":null
      },
      "model":"veggex.seller",
      "pk":2
   },
   {
      "fields":{
         "rating":0,
         "mobileNo":1234,
         "profilePhoto":"",
         "nameOfSeller":"Grofers",
         "address":1,
         "mailId":"grof@gmail.com",
         "mandi":1,
         "categories":null
      },
      "model":"veggex.seller",
      "pk":3
   },
   {
      "fields":{
         "rating":0,
         "mobileNo":12345,
         "profilePhoto":"./website17_sI0Nfj3.png",
         "nameOfSeller":"Bigbasket",
         "address":1,
         "mailId":"rak.dev007@gmail.com",
         "mandi":1,
         "categories":"fyt,ret,tyu"
      },
      "model":"veggex.seller",
      "pk":4
   },
   {
      "fields":{
         "rating":0,
         "mobileNo":77777778,
         "profilePhoto":"./Vegetable_2.png",
         "nameOfSeller":"zopnow",
         "address":1,
         "mailId":"rak.dev007@gmail.com",
         "mandi":1,
         "categories":"fyt,ret,tyu"
      },
      "model":"veggex.seller",
      "pk":5
   },
   {
      "fields":{
         "rating":0,
         "mobileNo":9289010333,
         "profilePhoto":"./Vegetable_1.png",
         "nameOfSeller":"Peppertap",
         "address":1,
         "mailId":"pcy.iitd@gmail.com",
         "mandi":1,
         "categories":"chicken,paranthe"
      },
      "model":"veggex.seller",
      "pk":6
   },
   {
      "fields":{
         "category":4,
         "origin":"chomu",
         "qualityRemarks":"yoo",
         "name":"rakesh",
         "grade":"Grade-A",
         "pricePerUnit":10,
         "isPerishable":true,
         "related_products":[
            2
         ],
         "seller":2,
         "status":1,
         "unit":"kg",
         "maxAvailableUnits":1000,
         "popularityIndex":4,
         "coverphoto":"./Whatsapp.png",
         "priceType":"as per mandi rates",
         "description":"fff"
      },
      "model":"veggex.product",
      "pk":1
   },
   {
      "fields":{
         "category":4,
         "origin":"delhi",
         "qualityRemarks":"ff",
         "name":"kellaff",
         "grade":"Grade-B",
         "pricePerUnit":12,
         "isPerishable":false,
         "related_products":[
            1
         ],
         "seller":2,
         "status":1,
         "unit":"kg",
         "maxAvailableUnits":12,
         "popularityIndex":null,
         "coverphoto":"./website17.png",
         "priceType":"custom rates",
         "description":""
      },
      "model":"veggex.product",
      "pk":2
   },
   {
      "fields":{
         "category":1,
         "origin":"delhi",
         "qualityRemarks":"dsd",
         "name":"1Apple",
         "grade":"",
         "pricePerUnit":123,
         "isPerishable":false,
         "related_products":[

         ],
         "seller":4,
         "status":1,
         "unit":"kg",
         "maxAvailableUnits":12,
         "popularityIndex":null,
         "coverphoto":"./e.jpg",
         "priceType":"custom rates",
         "description":"cfsc"
      },
      "model":"veggex.product",
      "pk":5
   },
   {
      "fields":{
         "category":2,
         "origin":"Delhi",
         "qualityRemarks":"ff",
         "name":"1a",
         "grade":"",
         "pricePerUnit":1000,
         "isPerishable":false,
         "related_products":[

         ],
         "seller":4,
         "status":1,
         "unit":"kg",
         "maxAvailableUnits":1212,
         "popularityIndex":null,
         "coverphoto":"./image-2-compressed.jpg",
         "priceType":"custom rates",
         "description":"ddd"
      },
      "model":"veggex.product",
      "pk":7
   },
   {
      "fields":{
         "category":1,
         "origin":"ggg",
         "qualityRemarks":"dddd",
         "name":"1Green Apple",
         "grade":"",
         "pricePerUnit":10,
         "isPerishable":false,
         "related_products":[

         ],
         "seller":4,
         "status":1,
         "unit":"kg",
         "maxAvailableUnits":1000,
         "popularityIndex":null,
         "coverphoto":"./image-4-compressed.jpg",
         "priceType":"custom rates",
         "description":"gdfg"
      },
      "model":"veggex.product",
      "pk":8
   },
   {
      "fields":{
         "category":2,
         "origin":"agra",
         "qualityRemarks":"superb quality , ideal for shakes ",
         "name":"1Cherry ",
         "grade":"",
         "pricePerUnit":100,
         "isPerishable":false,
         "related_products":[

         ],
         "seller":1,
         "status":1,
         "unit":"kg",
         "maxAvailableUnits":12,
         "popularityIndex":4,
         "coverphoto":"./cherry_PNG611.jpg",
         "priceType":"custom rates",
         "description":"red cherry "
      },
      "model":"veggex.product",
      "pk":9
   },
   {
      "fields":{
         "category":2,
         "origin":"agra ",
         "qualityRemarks":"amazing quality ",
         "name":"1Oranges",
         "grade":"",
         "pricePerUnit":45,
         "isPerishable":false,
         "related_products":[

         ],
         "seller":1,
         "status":1,
         "unit":"kg",
         "maxAvailableUnits":100,
         "popularityIndex":9,
         "coverphoto":"./ORANGES.jpg",
         "priceType":"as per mandi rates",
         "description":"Juicy sweet orange "
      },
      "model":"veggex.product",
      "pk":10
   },
   {
      "fields":{
         "category":1,
         "origin":"agra ",
         "qualityRemarks":"superp quality and perishable ",
         "name":"1Lemons ",
         "grade":"",
         "pricePerUnit":100,
         "isPerishable":true,
         "related_products":[

         ],
         "seller":1,
         "status":1,
         "unit":"kg",
         "maxAvailableUnits":452,
         "popularityIndex":5,
         "coverphoto":"./lemons.jpg",
         "priceType":"as per mandi rates",
         "description":"juicy lemon "
      },
      "model":"veggex.product",
      "pk":11
   },
   {
      "fields":{
         "category":1,
         "origin":"Agra ",
         "qualityRemarks":"superb quality ",
         "name":"1CauliFlower ",
         "grade":"",
         "pricePerUnit":60,
         "isPerishable":false,
         "related_products":[

         ],
         "seller":1,
         "status":1,
         "unit":"kg",
         "maxAvailableUnits":20,
         "popularityIndex":5,
         "coverphoto":"./cauliflower.jpg",
         "priceType":"as per mandi rates",
         "description":"White Cauliflower "
      },
      "model":"veggex.product",
      "pk":12
   },
   {
      "fields":{
         "category":2,
         "origin":"china ",
         "qualityRemarks":"juicy litchi ",
         "name":"1Litchi ",
         "grade":"",
         "pricePerUnit":80,
         "isPerishable":false,
         "related_products":[

         ],
         "seller":1,
         "status":1,
         "unit":"kg",
         "maxAvailableUnits":4,
         "popularityIndex":6,
         "coverphoto":"./LICHI.jpg",
         "priceType":"as per mandi rates",
         "description":"Juicy lichi "
      },
      "model":"veggex.product",
      "pk":13
   },
   {
      "fields":{
         "category":2,
         "origin":"india",
         "qualityRemarks":"amazing sweet grapes ",
         "name":"1Black Grapes ",
         "grade":"",
         "pricePerUnit":80,
         "isPerishable":false,
         "related_products":[

         ],
         "seller":1,
         "status":1,
         "unit":"kg",
         "maxAvailableUnits":120,
         "popularityIndex":9,
         "coverphoto":"./black_grapes.jpg",
         "priceType":"as per mandi rates",
         "description":"Sweet grapes "
      },
      "model":"veggex.product",
      "pk":14
   },
   {
      "fields":{
         "category":2,
         "origin":"nagpur ",
         "qualityRemarks":"sweet guavas with less seeds ",
         "name":"1Guava ",
         "grade":"",
         "pricePerUnit":30,
         "isPerishable":false,
         "related_products":[

         ],
         "seller":1,
         "status":1,
         "unit":"kg",
         "maxAvailableUnits":50,
         "popularityIndex":4,
         "coverphoto":"./guava1.jpg",
         "priceType":"as per mandi rates",
         "description":"sweet guava "
      },
      "model":"veggex.product",
      "pk":15
   },
   {
      "fields":{
         "category":2,
         "origin":"newzealand",
         "qualityRemarks":"superb quality ",
         "name":"1Kiwi Fruit ",
         "grade":"",
         "pricePerUnit":200,
         "isPerishable":false,
         "related_products":[

         ],
         "seller":1,
         "status":1,
         "unit":"kg",
         "maxAvailableUnits":10,
         "popularityIndex":7,
         "coverphoto":"./FreshKiwiFruitPhoto5.jpg",
         "priceType":"as per mandi rates",
         "description":"Newzealand imported Kiwi fruit "
      },
      "model":"veggex.product",
      "pk":16
   },
   {
      "fields":{
         "category":1,
         "origin":"delhi",
         "qualityRemarks":"dsd",
         "name":"grof1Apple",
         "grade":"",
         "pricePerUnit":123,
         "isPerishable":false,
         "related_products":[

         ],
         "seller":3,
         "status":1,
         "unit":"kg",
         "maxAvailableUnits":12,
         "popularityIndex":null,
         "coverphoto":"./e.jpg",
         "priceType":"custom rates",
         "description":"cfsc"
      },
      "model":"veggex.product",
      "pk":35
   },
   {
      "fields":{
         "category":2,
         "origin":"Delhi",
         "qualityRemarks":"ff",
         "name":"grof1a",
         "grade":"",
         "pricePerUnit":1000,
         "isPerishable":false,
         "related_products":[

         ],
         "seller":3,
         "status":1,
         "unit":"kg",
         "maxAvailableUnits":1212,
         "popularityIndex":null,
         "coverphoto":"./image-2-compressed.jpg",
         "priceType":"custom rates",
         "description":"ddd"
      },
      "model":"veggex.product",
      "pk":37
   },
   {
      "fields":{
         "category":1,
         "origin":"ggg",
         "qualityRemarks":"dddd",
         "name":"grof1Green Apple",
         "grade":"",
         "pricePerUnit":10,
         "isPerishable":false,
         "related_products":[

         ],
         "seller":3,
         "status":1,
         "unit":"kg",
         "maxAvailableUnits":1000,
         "popularityIndex":null,
         "coverphoto":"./image-4-compressed.jpg",
         "priceType":"custom rates",
         "description":"gdfg"
      },
      "model":"veggex.product",
      "pk":38
   },
   {
      "fields":{
         "category":1,
         "origin":"delhi",
         "qualityRemarks":"dsd",
         "name":"zopnowApple",
         "grade":"",
         "pricePerUnit":123,
         "isPerishable":false,
         "related_products":[

         ],
         "seller":5,
         "status":1,
         "unit":"kg",
         "maxAvailableUnits":12,
         "popularityIndex":null,
         "coverphoto":"./e.jpg",
         "priceType":"custom rates",
         "description":"cfsc"
      },
      "model":"veggex.product",
      "pk":55
   },
   {
      "fields":{
         "category":2,
         "origin":"Delhi",
         "qualityRemarks":"ff",
         "name":"zopnowa",
         "grade":"",
         "pricePerUnit":1000,
         "isPerishable":false,
         "related_products":[

         ],
         "seller":5,
         "status":1,
         "unit":"kg",
         "maxAvailableUnits":1212,
         "popularityIndex":null,
         "coverphoto":"./image-2-compressed.jpg",
         "priceType":"custom rates",
         "description":"ddd"
      },
      "model":"veggex.product",
      "pk":57
   },
   {
      "fields":{
         "category":1,
         "origin":"ggg",
         "qualityRemarks":"dddd",
         "name":"zopnowGreen Apple",
         "grade":"",
         "pricePerUnit":10,
         "isPerishable":false,
         "related_products":[

         ],
         "seller":5,
         "status":1,
         "unit":"kg",
         "maxAvailableUnits":1000,
         "popularityIndex":null,
         "coverphoto":"./image-4-compressed.jpg",
         "priceType":"custom rates",
         "description":"gdfg"
      },
      "model":"veggex.product",
      "pk":58
   },
   {
      "fields":{
         "category":2,
         "origin":"agra",
         "qualityRemarks":"superb quality , ideal for shakes ",
         "name":"zopnowCherry ",
         "grade":"",
         "pricePerUnit":100,
         "isPerishable":false,
         "related_products":[

         ],
         "seller":5,
         "status":1,
         "unit":"kg",
         "maxAvailableUnits":12,
         "popularityIndex":4,
         "coverphoto":"./cherry_PNG611.jpg",
         "priceType":"custom rates",
         "description":"red cherry "
      },
      "model":"veggex.product",
      "pk":59
   },
   {
      "fields":{
         "category":1,
         "origin":"delhi",
         "qualityRemarks":"dsd",
         "name":"peppertapApple",
         "grade":"",
         "pricePerUnit":123,
         "isPerishable":false,
         "related_products":[

         ],
         "seller":6,
         "status":1,
         "unit":"kg",
         "maxAvailableUnits":12,
         "popularityIndex":null,
         "coverphoto":"./e.jpg",
         "priceType":"custom rates",
         "description":"cfsc"
      },
      "model":"veggex.product",
      "pk":75
   },
   {
      "fields":{
         "category":2,
         "origin":"Delhi",
         "qualityRemarks":"ff",
         "name":"peppertapa",
         "grade":"",
         "pricePerUnit":1000,
         "isPerishable":false,
         "related_products":[

         ],
         "seller":6,
         "status":1,
         "unit":"kg",
         "maxAvailableUnits":1212,
         "popularityIndex":null,
         "coverphoto":"./image-2-compressed.jpg",
         "priceType":"custom rates",
         "description":"ddd"
      },
      "model":"veggex.product",
      "pk":77
   },
   {
      "fields":{
         "category":1,
         "origin":"ggg",
         "qualityRemarks":"dddd",
         "name":"peppertapGreen Apple",
         "grade":"",
         "pricePerUnit":10,
         "isPerishable":false,
         "related_products":[

         ],
         "seller":6,
         "status":1,
         "unit":"kg",
         "maxAvailableUnits":1000,
         "popularityIndex":null,
         "coverphoto":"./image-4-compressed.jpg",
         "priceType":"custom rates",
         "description":"gdfg"
      },
      "model":"veggex.product",
      "pk":78
   },
   {
      "fields":{
         "category":2,
         "origin":"agra",
         "qualityRemarks":"superb quality , ideal for shakes ",
         "name":"peppertapCherry ",
         "grade":"",
         "pricePerUnit":100,
         "isPerishable":false,
         "related_products":[

         ],
         "seller":6,
         "status":1,
         "unit":"kg",
         "maxAvailableUnits":12,
         "popularityIndex":4,
         "coverphoto":"./cherry_PNG611.jpg",
         "priceType":"custom rates",
         "description":"red cherry "
      },
      "model":"veggex.product",
      "pk":79
   },
   {
      "fields":{
         "category":2,
         "origin":"agra ",
         "qualityRemarks":"amazing quality ",
         "name":"zopnowOranges",
         "grade":"",
         "pricePerUnit":45,
         "isPerishable":false,
         "related_products":[

         ],
         "seller":5,
         "status":1,
         "unit":"kg",
         "maxAvailableUnits":100,
         "popularityIndex":9,
         "coverphoto":"./ORANGES.jpg",
         "priceType":"as per mandi rates",
         "description":"Juicy sweet orange "
      },
      "model":"veggex.product",
      "pk":510
   },
   {
      "fields":{
         "category":1,
         "origin":"agra ",
         "qualityRemarks":"superp quality and perishable ",
         "name":"zopnowLemons ",
         "grade":"",
         "pricePerUnit":100,
         "isPerishable":true,
         "related_products":[

         ],
         "seller":5,
         "status":1,
         "unit":"kg",
         "maxAvailableUnits":452,
         "popularityIndex":5,
         "coverphoto":"./lemons.jpg",
         "priceType":"as per mandi rates",
         "description":"juicy lemon "
      },
      "model":"veggex.product",
      "pk":511
   },
   {
      "fields":{
         "category":1,
         "origin":"Agra ",
         "qualityRemarks":"superb quality ",
         "name":"zopnowCauliFlower ",
         "grade":"",
         "pricePerUnit":60,
         "isPerishable":false,
         "related_products":[

         ],
         "seller":5,
         "status":1,
         "unit":"kg",
         "maxAvailableUnits":20,
         "popularityIndex":5,
         "coverphoto":"./cauliflower.jpg",
         "priceType":"as per mandi rates",
         "description":"White Cauliflower "
      },
      "model":"veggex.product",
      "pk":512
   },
   {
      "fields":{
         "category":2,
         "origin":"china ",
         "qualityRemarks":"juicy litchi ",
         "name":"zopnowLitchi ",
         "grade":"",
         "pricePerUnit":80,
         "isPerishable":false,
         "related_products":[

         ],
         "seller":5,
         "status":1,
         "unit":"kg",
         "maxAvailableUnits":4,
         "popularityIndex":6,
         "coverphoto":"./LICHI.jpg",
         "priceType":"as per mandi rates",
         "description":"Juicy lichi "
      },
      "model":"veggex.product",
      "pk":513
   },
   {
      "fields":{
         "category":2,
         "origin":"india",
         "qualityRemarks":"amazing sweet grapes ",
         "name":"zopnowBlack Grapes ",
         "grade":"",
         "pricePerUnit":80,
         "isPerishable":false,
         "related_products":[

         ],
         "seller":5,
         "status":1,
         "unit":"kg",
         "maxAvailableUnits":120,
         "popularityIndex":9,
         "coverphoto":"./black_grapes.jpg",
         "priceType":"as per mandi rates",
         "description":"Sweet grapes "
      },
      "model":"veggex.product",
      "pk":514
   },
   {
      "fields":{
         "category":2,
         "origin":"nagpur ",
         "qualityRemarks":"sweet guavas with less seeds ",
         "name":"zopnowGuava ",
         "grade":"",
         "pricePerUnit":30,
         "isPerishable":false,
         "related_products":[

         ],
         "seller":5,
         "status":1,
         "unit":"kg",
         "maxAvailableUnits":50,
         "popularityIndex":4,
         "coverphoto":"./guava1.jpg",
         "priceType":"as per mandi rates",
         "description":"sweet guava "
      },
      "model":"veggex.product",
      "pk":515
   },
   {
      "fields":{
         "category":2,
         "origin":"newzealand",
         "qualityRemarks":"superb quality ",
         "name":"zopnowKiwi Fruit ",
         "grade":"",
         "pricePerUnit":200,
         "isPerishable":false,
         "related_products":[

         ],
         "seller":5,
         "status":1,
         "unit":"kg",
         "maxAvailableUnits":10,
         "popularityIndex":7,
         "coverphoto":"./FreshKiwiFruitPhoto5.jpg",
         "priceType":"as per mandi rates",
         "description":"Newzealand imported Kiwi fruit "
      },
      "model":"veggex.product",
      "pk":516
   },
   {
      "fields":{
         "category":2,
         "origin":"agra ",
         "qualityRemarks":"amazing quality ",
         "name":"peppertapOranges",
         "grade":"",
         "pricePerUnit":45,
         "isPerishable":false,
         "related_products":[

         ],
         "seller":6,
         "status":1,
         "unit":"kg",
         "maxAvailableUnits":100,
         "popularityIndex":9,
         "coverphoto":"./ORANGES.jpg",
         "priceType":"as per mandi rates",
         "description":"Juicy sweet orange "
      },
      "model":"veggex.product",
      "pk":710
   },
   {
      "fields":{
         "category":1,
         "origin":"agra ",
         "qualityRemarks":"superp quality and perishable ",
         "name":"peppertapLemons ",
         "grade":"",
         "pricePerUnit":100,
         "isPerishable":true,
         "related_products":[

         ],
         "seller":6,
         "status":1,
         "unit":"kg",
         "maxAvailableUnits":452,
         "popularityIndex":5,
         "coverphoto":"./lemons.jpg",
         "priceType":"as per mandi rates",
         "description":"juicy lemon "
      },
      "model":"veggex.product",
      "pk":711
   },
   {
      "fields":{
         "category":1,
         "origin":"Agra ",
         "qualityRemarks":"superb quality ",
         "name":"peppertapCauliFlower ",
         "grade":"",
         "pricePerUnit":60,
         "isPerishable":false,
         "related_products":[

         ],
         "seller":6,
         "status":1,
         "unit":"kg",
         "maxAvailableUnits":20,
         "popularityIndex":5,
         "coverphoto":"./cauliflower.jpg",
         "priceType":"as per mandi rates",
         "description":"White Cauliflower "
      },
      "model":"veggex.product",
      "pk":712
   },
   {
      "fields":{
         "category":2,
         "origin":"china ",
         "qualityRemarks":"juicy litchi ",
         "name":"peppertapLitchi ",
         "grade":"",
         "pricePerUnit":80,
         "isPerishable":false,
         "related_products":[

         ],
         "seller":6,
         "status":1,
         "unit":"kg",
         "maxAvailableUnits":4,
         "popularityIndex":6,
         "coverphoto":"./LICHI.jpg",
         "priceType":"as per mandi rates",
         "description":"Juicy lichi "
      },
      "model":"veggex.product",
      "pk":713
   },
   {
      "fields":{
         "category":2,
         "origin":"india",
         "qualityRemarks":"amazing sweet grapes ",
         "name":"peppertapBlack Grapes ",
         "grade":"",
         "pricePerUnit":80,
         "isPerishable":false,
         "related_products":[

         ],
         "seller":6,
         "status":1,
         "unit":"kg",
         "maxAvailableUnits":120,
         "popularityIndex":9,
         "coverphoto":"./black_grapes.jpg",
         "priceType":"as per mandi rates",
         "description":"Sweet grapes "
      },
      "model":"veggex.product",
      "pk":714
   },
   {
      "fields":{
         "category":2,
         "origin":"nagpur ",
         "qualityRemarks":"sweet guavas with less seeds ",
         "name":"peppertapGuava ",
         "grade":"",
         "pricePerUnit":30,
         "isPerishable":false,
         "related_products":[

         ],
         "seller":6,
         "status":1,
         "unit":"kg",
         "maxAvailableUnits":50,
         "popularityIndex":4,
         "coverphoto":"./guava1.jpg",
         "priceType":"as per mandi rates",
         "description":"sweet guava "
      },
      "model":"veggex.product",
      "pk":715
   },
   {
      "fields":{
         "category":2,
         "origin":"newzealand",
         "qualityRemarks":"superb quality ",
         "name":"peppertapKiwi Fruit ",
         "grade":"",
         "pricePerUnit":200,
         "isPerishable":false,
         "related_products":[

         ],
         "seller":6,
         "status":1,
         "unit":"kg",
         "maxAvailableUnits":10,
         "popularityIndex":7,
         "coverphoto":"./FreshKiwiFruitPhoto5.jpg",
         "priceType":"as per mandi rates",
         "description":"Newzealand imported Kiwi fruit "
      },
      "model":"veggex.product",
      "pk":716
   },
   {
      "fields":{
         "products":[
            11
         ],
         "seller":1
      },
      "model":"veggex.categoryvendor",
      "pk":24
   },
   {
      "fields":{
         "products":[
            1,
            2
         ],
         "seller":2
      },
      "model":"veggex.categoryvendor",
      "pk":25
   },
   {
      "fields":{
         "products":[
            10,
            11,
            14
         ],
         "seller":1
      },
      "model":"veggex.categoryvendor",
      "pk":26
   },
   {
      "fields":{
         "products":[
            9,
            10,
            11,
            12
         ],
         "seller":1
      },
      "model":"veggex.categoryvendor",
      "pk":27
   },
   {
      "fields":{
         "products":[
            35,
            37,
            38
         ],
         "seller":3
      },
      "model":"veggex.categoryvendor",
      "pk":28
   },
   {
      "fields":{
         "products":[
            8
         ],
         "seller":4
      },
      "model":"veggex.categoryvendor",
      "pk":30
   },
   {
      "fields":{
         "cartTotal":-2147483568,
         "timeOfUpdate":null,
         "timeOfCreate":null
      },
      "model":"veggex.cart",
      "pk":1
   },
   {
      "fields":{
         "cartTotal":1092,
         "timeOfUpdate":null,
         "timeOfCreate":null
      },
      "model":"veggex.cart",
      "pk":2
   },
   {
      "fields":{
         "cartTotal":1223,
         "timeOfUpdate":null,
         "timeOfCreate":null
      },
      "model":"veggex.cart",
      "pk":3
   },
   {
      "fields":{
         "nameOfOwner":"Rakesh Yadav",
         "institutionType":"hotels",
         "mobileNo":8377950711,
         "profilePhoto":"./rajat_Cropped.jpg",
         "cart":1,
         "owner":null,
         "nameOfInstitution":"Mezbaan restaurents",
         "address":1,
         "mailId":"rak.dev007@gmail.com",
         "gpsLocation":"",
         "password":"pbkdf2_sha256$20000$xcPbF0CMVCyw$eZECZo2qDkuIVr8+UxTiIosfDPdHx6mMQNhUbp3AAjM=",
         "categories":[
            26,
            28,
            30
         ]
      },
      "model":"veggex.user",
      "pk":1
   },
   {
      "fields":{
         "nameOfOwner":"Shyam lal",
         "institutionType":"hotels",
         "mobileNo":9928524925,
         "profilePhoto":"./unnamed.png",
         "cart":2,
         "owner":null,
         "nameOfInstitution":"Cafe Coffe Day",
         "address":1,
         "mailId":"info@mive.in",
         "gpsLocation":"",
         "password":"pbkdf2_sha256$20000$xcPbF0CMVCyw$eZECZo2qDkuIVr8+UxTiIosfDPdHx6mMQNhUbp3AAjM=",
         "categories":[
            24,
            25
         ]
      },
      "model":"veggex.user",
      "pk":2
   },
   {
      "fields":{
         "nameOfOwner":"twwe",
         "institutionType":"hotels",
         "mobileNo":9352132140,
         "profilePhoto":"./pc_205x205.jpg",
         "cart":3,
         "owner":null,
         "nameOfInstitution":"New hotel",
         "address":1,
         "mailId":"kjfjs@p.com",
         "gpsLocation":"",
         "password":"pbkdf2_sha256$20000$xcPbF0CMVCyw$eZECZo2qDkuIVr8+UxTiIosfDPdHx6mMQNhUbp3AAjM=",
         "categories":[
            27
         ]
      },
      "model":"veggex.user",
      "pk":3
   },
   {
      "fields":{
         "qtyInUnits":1,
         "product":7,
         "timeOfUpdate":null,
         "timeOfCreate":null,
         "cart":2
      },
      "model":"veggex.cartitem",
      "pk":42
   },
   {
      "fields":{
         "qtyInUnits":1,
         "product":13,
         "timeOfUpdate":null,
         "timeOfCreate":null,
         "cart":2
      },
      "model":"veggex.cartitem",
      "pk":47
   },
   {
      "fields":{
         "qtyInUnits":1,
         "product":2,
         "timeOfUpdate":null,
         "timeOfCreate":null,
         "cart":2
      },
      "model":"veggex.cartitem",
      "pk":56
   },
   {
      "fields":{
         "qtyInUnits":1,
         "product":35,
         "timeOfUpdate":null,
         "timeOfCreate":null,
         "cart":3
      },
      "model":"veggex.cartitem",
      "pk":62
   },
   {
      "fields":{
         "qtyInUnits":1,
         "product":37,
         "timeOfUpdate":null,
         "timeOfCreate":null,
         "cart":3
      },
      "model":"veggex.cartitem",
      "pk":63
   },
   {
      "fields":{
         "qtyInUnits":1,
         "product":11,
         "timeOfUpdate":null,
         "timeOfCreate":null,
         "cart":3
      },
      "model":"veggex.cartitem",
      "pk":64
   },
   {
      "fields":{
         "qtyInUnits":1,
         "product":14,
         "timeOfUpdate":null,
         "timeOfCreate":null,
         "cart":1
      },
      "model":"veggex.cartitem",
      "pk":71
   },
   {
      "fields":{
         "status":"PLACED",
         "category":null,
         "timeOfUpdate":null,
         "timeOfCreate":null,
         "deliveryTime":"2015-10-15",
         "seller":null,
         "user":1,
         "payment_mode":"COD",
         "orderMsg":"fsfsfsf",
         "subtotal":360
      },
      "model":"veggex.order",
      "pk":1
   },
   {
      "fields":{
         "status":"PLACED",
         "category":null,
         "timeOfUpdate":null,
         "timeOfCreate":null,
         "deliveryTime":"2015-10-23",
         "seller":null,
         "user":1,
         "payment_mode":"COD",
         "orderMsg":"lklkl",
         "subtotal":1090
      },
      "model":"veggex.order",
      "pk":2
   },
   {
      "fields":{
         "status":"PLACED",
         "category":null,
         "timeOfUpdate":null,
         "timeOfCreate":null,
         "deliveryTime":"2015-10-29",
         "seller":null,
         "user":1,
         "payment_mode":"COD",
         "orderMsg":"check",
         "subtotal":22
      },
      "model":"veggex.order",
      "pk":3
   },
   {
      "fields":{
         "status":"PLACED",
         "category":2,
         "timeOfUpdate":null,
         "timeOfCreate":null,
         "deliveryTime":"2015-10-22",
         "seller":1,
         "user":1,
         "payment_mode":"COD",
         "orderMsg":"asdsff",
         "subtotal":260
      },
      "model":"veggex.order",
      "pk":4
   },
   {
      "fields":{
         "status":"PLACED",
         "category":4,
         "timeOfUpdate":null,
         "timeOfCreate":null,
         "deliveryTime":"2015-10-17",
         "seller":2,
         "user":1,
         "payment_mode":"COD",
         "orderMsg":"Ggg",
         "subtotal":10
      },
      "model":"veggex.order",
      "pk":5
   },
   {
      "fields":{
         "status":"PLACED",
         "category":null,
         "timeOfUpdate":null,
         "timeOfCreate":null,
         "deliveryTime":"2015-10-16",
         "seller":1,
         "user":1,
         "payment_mode":"COD",
         "orderMsg":"ijk",
         "subtotal":845
      },
      "model":"veggex.order",
      "pk":6
   },
   {
      "fields":{
         "status":"PLACED",
         "category":null,
         "timeOfUpdate":null,
         "timeOfCreate":null,
         "deliveryTime":"2015-10-16",
         "seller":1,
         "user":1,
         "payment_mode":"COD",
         "orderMsg":"ijk",
         "subtotal":845
      },
      "model":"veggex.order",
      "pk":7
   },
   {
      "fields":{
         "status":"PLACED",
         "category":null,
         "timeOfUpdate":null,
         "timeOfCreate":null,
         "deliveryTime":"2015-10-16",
         "seller":1,
         "user":1,
         "payment_mode":"COD",
         "orderMsg":"ijk",
         "subtotal":845
      },
      "model":"veggex.order",
      "pk":8
   },
   {
      "fields":{
         "status":"PLACED",
         "category":null,
         "timeOfUpdate":null,
         "timeOfCreate":null,
         "deliveryTime":"2015-10-22",
         "seller":2,
         "user":1,
         "payment_mode":"COD",
         "orderMsg":"gjhgj",
         "subtotal":12
      },
      "model":"veggex.order",
      "pk":9
   },
   {
      "fields":{
         "status":"PLACED",
         "category":null,
         "timeOfUpdate":null,
         "timeOfCreate":null,
         "deliveryTime":"2015-10-28",
         "seller":1,
         "user":3,
         "payment_mode":"COD",
         "orderMsg":"fs",
         "subtotal":300
      },
      "model":"veggex.order",
      "pk":10
   },
   {
      "fields":{
         "status":"PLACED",
         "category":null,
         "timeOfUpdate":null,
         "timeOfCreate":null,
         "deliveryTime":"2015-10-16",
         "seller":3,
         "user":1,
         "payment_mode":"COD",
         "orderMsg":"eesrewrew",
         "subtotal":4383
      },
      "model":"veggex.order",
      "pk":11
   },
   {
      "fields":{
         "status":"PLACED",
         "category":null,
         "timeOfUpdate":null,
         "timeOfCreate":null,
         "deliveryTime":"2015-10-23",
         "seller":2,
         "user":1,
         "payment_mode":"COD",
         "orderMsg":"fsfsffs",
         "subtotal":22
      },
      "model":"veggex.order",
      "pk":12
   },
   {
      "fields":{
         "status":"PLACED",
         "category":null,
         "timeOfUpdate":null,
         "timeOfCreate":null,
         "deliveryTime":"2015-10-16",
         "seller":2,
         "user":1,
         "payment_mode":"COD",
         "orderMsg":"afdffsf",
         "subtotal":220
      },
      "model":"veggex.order",
      "pk":13
   },
   {
      "fields":{
         "status":"PLACED",
         "category":null,
         "timeOfUpdate":null,
         "timeOfCreate":null,
         "deliveryTime":"2015-10-17",
         "seller":2,
         "user":1,
         "payment_mode":"COD",
         "orderMsg":"dfsfsd",
         "subtotal":11200
      },
      "model":"veggex.order",
      "pk":14
   },
   {
      "fields":{
         "status":"PLACED",
         "category":null,
         "timeOfUpdate":null,
         "timeOfCreate":null,
         "deliveryTime":"2015-10-23",
         "seller":1,
         "user":1,
         "payment_mode":"COD",
         "orderMsg":"hkh",
         "subtotal":1590
      },
      "model":"veggex.order",
      "pk":15
   },
   {
      "fields":{
         "status":"PLACED",
         "category":null,
         "timeOfUpdate":null,
         "timeOfCreate":null,
         "deliveryTime":"2015-10-22",
         "seller":6,
         "user":1,
         "payment_mode":"COD",
         "orderMsg":"jhkhkjh",
         "subtotal":3153
      },
      "model":"veggex.order",
      "pk":16
   },
   {
      "fields":{
         "product":12,
         "qtyInUnits":6,
         "priceType":"as per mandi rates",
         "order":1,
         "unit":"kg",
         "priceAtThatTime":60
      },
      "model":"veggex.orderitem",
      "pk":1
   },
   {
      "fields":{
         "product":10,
         "qtyInUnits":4,
         "priceType":"as per mandi rates",
         "order":2,
         "unit":"kg",
         "priceAtThatTime":45
      },
      "model":"veggex.orderitem",
      "pk":2
   },
   {
      "fields":{
         "product":13,
         "qtyInUnits":2,
         "priceType":"as per mandi rates",
         "order":2,
         "unit":"kg",
         "priceAtThatTime":80
      },
      "model":"veggex.orderitem",
      "pk":3
   },
   {
      "fields":{
         "product":15,
         "qtyInUnits":5,
         "priceType":"as per mandi rates",
         "order":2,
         "unit":"kg",
         "priceAtThatTime":30
      },
      "model":"veggex.orderitem",
      "pk":4
   },
   {
      "fields":{
         "product":16,
         "qtyInUnits":3,
         "priceType":"as per mandi rates",
         "order":2,
         "unit":"kg",
         "priceAtThatTime":200
      },
      "model":"veggex.orderitem",
      "pk":5
   },
   {
      "fields":{
         "product":1,
         "qtyInUnits":1,
         "priceType":"as per mandi rates",
         "order":3,
         "unit":"kg",
         "priceAtThatTime":10
      },
      "model":"veggex.orderitem",
      "pk":6
   },
   {
      "fields":{
         "product":2,
         "qtyInUnits":1,
         "priceType":"custom rates",
         "order":3,
         "unit":"kg",
         "priceAtThatTime":12
      },
      "model":"veggex.orderitem",
      "pk":7
   },
   {
      "fields":{
         "product":9,
         "qtyInUnits":1,
         "priceType":"custom rates",
         "order":4,
         "unit":"kg",
         "priceAtThatTime":100
      },
      "model":"veggex.orderitem",
      "pk":8
   },
   {
      "fields":{
         "product":13,
         "qtyInUnits":2,
         "priceType":"as per mandi rates",
         "order":4,
         "unit":"kg",
         "priceAtThatTime":80
      },
      "model":"veggex.orderitem",
      "pk":9
   },
   {
      "fields":{
         "product":1,
         "qtyInUnits":1,
         "priceType":"as per mandi rates",
         "order":5,
         "unit":"kg",
         "priceAtThatTime":10
      },
      "model":"veggex.orderitem",
      "pk":10
   },
   {
      "fields":{
         "product":10,
         "qtyInUnits":5,
         "priceType":"as per mandi rates",
         "order":6,
         "unit":"kg",
         "priceAtThatTime":45
      },
      "model":"veggex.orderitem",
      "pk":11
   },
   {
      "fields":{
         "product":12,
         "qtyInUnits":7,
         "priceType":"as per mandi rates",
         "order":6,
         "unit":"kg",
         "priceAtThatTime":60
      },
      "model":"veggex.orderitem",
      "pk":12
   },
   {
      "fields":{
         "product":16,
         "qtyInUnits":1,
         "priceType":"as per mandi rates",
         "order":6,
         "unit":"kg",
         "priceAtThatTime":200
      },
      "model":"veggex.orderitem",
      "pk":13
   },
   {
      "fields":{
         "product":10,
         "qtyInUnits":5,
         "priceType":"as per mandi rates",
         "order":7,
         "unit":"kg",
         "priceAtThatTime":45
      },
      "model":"veggex.orderitem",
      "pk":14
   },
   {
      "fields":{
         "product":12,
         "qtyInUnits":7,
         "priceType":"as per mandi rates",
         "order":7,
         "unit":"kg",
         "priceAtThatTime":60
      },
      "model":"veggex.orderitem",
      "pk":15
   },
   {
      "fields":{
         "product":16,
         "qtyInUnits":1,
         "priceType":"as per mandi rates",
         "order":7,
         "unit":"kg",
         "priceAtThatTime":200
      },
      "model":"veggex.orderitem",
      "pk":16
   },
   {
      "fields":{
         "product":10,
         "qtyInUnits":5,
         "priceType":"as per mandi rates",
         "order":8,
         "unit":"kg",
         "priceAtThatTime":45
      },
      "model":"veggex.orderitem",
      "pk":17
   },
   {
      "fields":{
         "product":12,
         "qtyInUnits":7,
         "priceType":"as per mandi rates",
         "order":8,
         "unit":"kg",
         "priceAtThatTime":60
      },
      "model":"veggex.orderitem",
      "pk":18
   },
   {
      "fields":{
         "product":16,
         "qtyInUnits":1,
         "priceType":"as per mandi rates",
         "order":8,
         "unit":"kg",
         "priceAtThatTime":200
      },
      "model":"veggex.orderitem",
      "pk":19
   },
   {
      "fields":{
         "product":2,
         "qtyInUnits":1,
         "priceType":"custom rates",
         "order":9,
         "unit":"kg",
         "priceAtThatTime":12
      },
      "model":"veggex.orderitem",
      "pk":20
   },
   {
      "fields":{
         "product":11,
         "qtyInUnits":3,
         "priceType":"as per mandi rates",
         "order":10,
         "unit":"kg",
         "priceAtThatTime":100
      },
      "model":"veggex.orderitem",
      "pk":21
   },
   {
      "fields":{
         "product":35,
         "qtyInUnits":11,
         "priceType":"custom rates",
         "order":11,
         "unit":"kg",
         "priceAtThatTime":123
      },
      "model":"veggex.orderitem",
      "pk":22
   },
   {
      "fields":{
         "product":37,
         "qtyInUnits":3,
         "priceType":"custom rates",
         "order":11,
         "unit":"kg",
         "priceAtThatTime":1000
      },
      "model":"veggex.orderitem",
      "pk":23
   },
   {
      "fields":{
         "product":38,
         "qtyInUnits":3,
         "priceType":"custom rates",
         "order":11,
         "unit":"kg",
         "priceAtThatTime":10
      },
      "model":"veggex.orderitem",
      "pk":24
   },
   {
      "fields":{
         "product":1,
         "qtyInUnits":1,
         "priceType":"as per mandi rates",
         "order":12,
         "unit":"kg",
         "priceAtThatTime":10
      },
      "model":"veggex.orderitem",
      "pk":25
   },
   {
      "fields":{
         "product":2,
         "qtyInUnits":1,
         "priceType":"custom rates",
         "order":12,
         "unit":"kg",
         "priceAtThatTime":12
      },
      "model":"veggex.orderitem",
      "pk":26
   },
   {
      "fields":{
         "product":1,
         "qtyInUnits":10,
         "priceType":"as per mandi rates",
         "order":13,
         "unit":"kg",
         "priceAtThatTime":10
      },
      "model":"veggex.orderitem",
      "pk":27
   },
   {
      "fields":{
         "product":2,
         "qtyInUnits":10,
         "priceType":"custom rates",
         "order":13,
         "unit":"kg",
         "priceAtThatTime":12
      },
      "model":"veggex.orderitem",
      "pk":28
   },
   {
      "fields":{
         "product":1,
         "qtyInUnits":1000,
         "priceType":"as per mandi rates",
         "order":14,
         "unit":"kg",
         "priceAtThatTime":10
      },
      "model":"veggex.orderitem",
      "pk":29
   },
   {
      "fields":{
         "product":2,
         "qtyInUnits":100,
         "priceType":"custom rates",
         "order":14,
         "unit":"kg",
         "priceAtThatTime":12
      },
      "model":"veggex.orderitem",
      "pk":30
   },
   {
      "fields":{
         "product":9,
         "qtyInUnits":2,
         "priceType":"custom rates",
         "order":15,
         "unit":"kg",
         "priceAtThatTime":100
      },
      "model":"veggex.orderitem",
      "pk":31
   },
   {
      "fields":{
         "product":11,
         "qtyInUnits":1,
         "priceType":"as per mandi rates",
         "order":15,
         "unit":"kg",
         "priceAtThatTime":100
      },
      "model":"veggex.orderitem",
      "pk":32
   },
   {
      "fields":{
         "product":12,
         "qtyInUnits":1,
         "priceType":"as per mandi rates",
         "order":15,
         "unit":"kg",
         "priceAtThatTime":60
      },
      "model":"veggex.orderitem",
      "pk":33
   },
   {
      "fields":{
         "product":15,
         "qtyInUnits":1,
         "priceType":"as per mandi rates",
         "order":15,
         "unit":"kg",
         "priceAtThatTime":30
      },
      "model":"veggex.orderitem",
      "pk":34
   },
   {
      "fields":{
         "product":16,
         "qtyInUnits":6,
         "priceType":"as per mandi rates",
         "order":15,
         "unit":"kg",
         "priceAtThatTime":200
      },
      "model":"veggex.orderitem",
      "pk":35
   },
   {
      "fields":{
         "product":78,
         "qtyInUnits":3,
         "priceType":"custom rates",
         "order":16,
         "unit":"kg",
         "priceAtThatTime":10
      },
      "model":"veggex.orderitem",
      "pk":36
   },
   {
      "fields":{
         "product":77,
         "qtyInUnits":3,
         "priceType":"custom rates",
         "order":16,
         "unit":"kg",
         "priceAtThatTime":1000
      },
      "model":"veggex.orderitem",
      "pk":37
   },
   {
      "fields":{
         "product":75,
         "qtyInUnits":1,
         "priceType":"custom rates",
         "order":16,
         "unit":"kg",
         "priceAtThatTime":123
      },
      "model":"veggex.orderitem",
      "pk":38
   }
]