[{"fields": {"body": "Test Notification from mive", "timeOfCreate": "2015-10-23T18:10:54.374Z", "seen": 1, "link": "#", "title": "New Notification"}, "model": "veggex.sellernotification", "pk": 4}, {"fields": {"body": "Congratulations you have recieved a new order orderId57", "timeOfCreate": "2015-10-23T18:14:09.059Z", "seen": 0, "link": "seller/orderDetail?orderId=57", "title": "Order recieved"}, "model": "veggex.sellernotification", "pk": 5}, {"fields": {"body": "Congratulations you have recieved a new order orderId58", "timeOfCreate": "2015-10-23T18:15:02.801Z", "seen": 0, "link": "seller/orderDetail?orderId=58", "title": "Order recieved"}, "model": "veggex.sellernotification", "pk": 6}, {"fields": {"body": "Congratulations you have recieved a new order orderId59", "timeOfCreate": "2015-10-23T18:15:48.875Z", "seen": 1, "link": "seller/orderDetail?orderId=59", "title": "Order recieved"}, "model": "veggex.sellernotification", "pk": 7}, {"fields": {"body": "Test notification from mive", "timeOfCreate": "2015-10-20T00:11:32.718Z", "seen": 0, "link": "#", "title": "New Notification"}, "model": "veggex.notification", "pk": 1}, {"fields": {"body": "Your order has been placed succesfully with orderId:53", "timeOfCreate": "2015-10-23T17:10:38.693Z", "seen": 1, "link": "#", "title": "Order Placed"}, "model": "veggex.notification", "pk": 2}, {"fields": {"body": "Your order has been placed succesfully with orderId:54", "timeOfCreate": "2015-10-23T17:10:16.936Z", "seen": 1, "link": "#", "title": "Order Placed"}, "model": "veggex.notification", "pk": 3}, {"fields": {"body": "Your order has been placed succesfully with orderId:55", "timeOfCreate": "2015-10-23T17:41:56.749Z", "seen": 1, "link": "#", "title": "Order Placed"}, "model": "veggex.notification", "pk": 4}, {"fields": {"body": "Your order has been placed succesfully with orderId:56", "timeOfCreate": "2015-10-23T17:43:29.496Z", "seen": 1, "link": "orderDetail?orderId=56", "title": "Order Placed"}, "model": "veggex.notification", "pk": 5}, {"fields": {"body": "Your order has been placed succesfully with orderId:57", "timeOfCreate": "2015-10-23T18:14:08.859Z", "seen": 0, "link": "orderDetail?orderId=57", "title": "Order Placed"}, "model": "veggex.notification", "pk": 6}, {"fields": {"body": "Your order has been placed succesfully with orderId:58", "timeOfCreate": "2015-10-23T18:15:02.258Z", "seen": 0, "link": "orderDetail?orderId=58", "title": "Order Placed"}, "model": "veggex.notification", "pk": 7}, {"fields": {"body": "Your order has been placed succesfully with orderId:59", "timeOfCreate": "2015-10-23T18:15:40.367Z", "seen": 0, "link": "orderDetail?orderId=59", "title": "Order Placed"}, "model": "veggex.notification", "pk": 8}, {"fields": {"body": "Your order has been recieved succesfully with orderId:60", "timeOfCreate": "2015-10-26T22:27:19.237Z", "seen": 1, "link": "orderDetail?orderId=60", "title": "Order Recieved"}, "model": "veggex.notification", "pk": 9}, {"fields": {"body": "Your order has been recieved succesfully with orderId:61", "timeOfCreate": "2015-10-27T00:17:08.053Z", "seen": 1, "link": "orderDetail?orderId=61", "title": "Order Recieved"}, "model": "veggex.notification", "pk": 10}, {"fields": {"body": "Your order has been recieved succesfully with orderId:62", "timeOfCreate": "2015-10-27T08:55:40.169Z", "seen": 0, "link": "orderDetail?orderId=62", "title": "Order Recieved"}, "model": "veggex.notification", "pk": 11}, {"fields": {"body": "Your order has been recieved succesfully with orderId:63", "timeOfCreate": "2015-10-27T18:20:06.095Z", "seen": 1, "link": "orderDetail?orderId=63", "title": "Order Recieved"}, "model": "veggex.notification", "pk": 12}, {"fields": {"city": "delhi", "state": "delhi", "pincode": 110016, "area": "delhi"}, "model": "veggex.address", "pk": 1}, {"fields": {"city": "New Delhi", "state": "Delhi", "pincode": 110016, "area": "Hauz Khas"}, "model": "veggex.address", "pk": 2}, {"fields": {"city": "Delhi", "state": "DL", "pincode": 110016, "area": "delhi"}, "model": "veggex.address", "pk": 3}, {"fields": {"city": "Delhi", "state": "DL", "pincode": 110016, "area": "delhi"}, "model": "veggex.address", "pk": 4}, {"fields": {"nameOfMandi": "azadpur", "Photo": "", "description": "dadasdd", "address": 1}, "model": "veggex.mandi", "pk": 1}, {"fields": {"description": "these kind of vegetables are being used for fuck", "name": "Chicken", "coverphoto": ""}, "model": "veggex.category", "pk": 1}, {"fields": {"description": "Django administration Welcome, admin. View site / Change password / Log out Home \u203a Veggex \u203a Products \u203a rakesh Change product History  Name: Description: Category:  Change  Add PopularityIndex: Unit: PriceType: PricePerUnit: Coverphoto: Currently: ./Rees52-Raspberry-Pi-2-Model-SDL605139026-1-07246_r4", "name": "Mutton", "coverphoto": ""}, "model": "veggex.category", "pk": 2}, {"fields": {"description": "Django administration Welcome, admin. View site / Change password / Log out Home \u203a Veggex \u203a Products \u203a rakesh Change product History  Name: Description: Category:  Change  Add PopularityIndex: Unit: PriceType: PricePerUnit: Coverphoto: Currently: ./Rees52-Raspberry-Pi-2-Model-SDL605139026-1-07246_r4", "name": "Mutton", "coverphoto": ""}, "model": "veggex.category", "pk": 3}, {"fields": {"description": "Django administration Welcome, admin. View site / Change password / Log out Home \u203a Veggex \u203a Products \u203a rakesh Change product History  Name: Description: Category:  Change  Add PopularityIndex: Unit: PriceType: PricePerUnit: Coverphoto: Currently: ./Rees52-Raspberry-Pi-2-Model-SDL605139026-1-07246_r4", "name": "Fruits", "coverphoto": ""}, "model": "veggex.category", "pk": 4}, {"fields": {"description": "these kind of vegetables are being used for fuck", "name": "Spices", "coverphoto": ""}, "model": "veggex.category", "pk": 5}, {"fields": {"status": 1, "rating": 0, "mobileNo": 8377950711, "profilePhoto": "./web.png", "nameOfSeller": "Mive", "notifications": [7, 4], "address": 1, "mailId": "ra@gmail.com", "password": "pbkdf2_sha256$20000$xcPbF0CMVCyw$eZECZo2qDkuIVr8+UxTiIosfDPdHx6mMQNhUbp3AAjM=", "categories": ""}, "model": "veggex.seller", "pk": 1}, {"fields": {"status": 1, "rating": 0, "mobileNo": 14, "profilePhoto": "", "nameOfSeller": "aonwhe", "notifications": [], "address": 1, "mailId": "rak.dev007@gmail.com", "password": "pbkdf2_sha256$20000$xcPbF0CMVCyw$eZECZo2qDkuIVr8+UxTiIosfDPdHx6mMQNhUbp3AAjM=", "categories": null}, "model": "veggex.seller", "pk": 2}, {"fields": {"status": 1, "rating": 0, "mobileNo": 12378, "profilePhoto": "", "nameOfSeller": "Grofers", "notifications": [], "address": 1, "mailId": "grof@gmail.com", "password": "pbkdf2_sha256$20000$xcPbF0CMVCyw$eZECZo2qDkuIVr8+UxTiIosfDPdHx6mMQNhUbp3AAjM=", "categories": ""}, "model": "veggex.seller", "pk": 3}, {"fields": {"status": 1, "rating": 0, "mobileNo": 12349, "profilePhoto": "./website17_sI0Nfj3.png", "nameOfSeller": "Bigba", "notifications": [], "address": 1, "mailId": "rak.dev007@gmail.com", "password": "pbkdf2_sha256$20000$xcPbF0CMVCyw$eZECZo2qDkuIVr8+UxTiIosfDPdHx6mMQNhUbp3AAjM=", "categories": "fyt,ret,tyu"}, "model": "veggex.seller", "pk": 4}, {"fields": {"status": 1, "rating": 0, "mobileNo": 77777783, "profilePhoto": "./Vegetable_2.png", "nameOfSeller": "zopnow", "notifications": [5], "address": 1, "mailId": "rak.dev007@gmail.com", "password": "pbkdf2_sha256$20000$xcPbF0CMVCyw$eZECZo2qDkuIVr8+UxTiIosfDPdHx6mMQNhUbp3AAjM=", "categories": "fyt,ret,tyu"}, "model": "veggex.seller", "pk": 5}, {"fields": {"status": 1, "rating": 0, "mobileNo": 9289010339, "profilePhoto": "./Vegetable_1.png", "nameOfSeller": "Prtap", "notifications": [], "address": 1, "mailId": "pcy.iitd@gmail.com", "password": "pbkdf2_sha256$20000$xcPbF0CMVCyw$eZECZo2qDkuIVr8+UxTiIosfDPdHx6mMQNhUbp3AAjM=", "categories": "chicken,paranthe"}, "model": "veggex.seller", "pk": 6}, {"fields": {"status": 1, "rating": 0, "mobileNo": 91289010345, "profilePhoto": "./Vegetable_1.png", "nameOfSeller": "petap", "notifications": [], "address": 1, "mailId": "pcy.iitd1@gmail.com", "password": "pbkdf2_sha256$20000$xcPbF0CMVCyw$eZECZo2qDkuIVr8+UxTiIosfDPdHx6mMQNhUbp3AAjM=", "categories": "chicken,paranthe"}, "model": "veggex.seller", "pk": 16}, {"fields": {"status": 0, "rating": 0, "mobileNo": 121212, "profilePhoto": "", "nameOfSeller": "Bibyan", "notifications": [], "address": 3, "mailId": "ry197089@gmail.com", "password": "pbkdf2_sha256$20000$xcPbF0CMVCyw$eZECZo2qDkuIVr8+UxTiIosfDPdHx6mMQNhUbp3AAjM=", "categories": "xuz"}, "model": "veggex.seller", "pk": 35}, {"fields": {"status": 1, "rating": 0, "mobileNo": 1111, "profilePhoto": "", "nameOfSeller": "Ghisu", "notifications": [], "address": 4, "mailId": "ry197089@gmail.com", "password": "pbkdf2_sha256$20000$xcPbF0CMVCyw$eZECZo2qDkuIVr8+UxTiIosfDPdHx6mMQNhUbp3AAjM=", "categories": "dummy names"}, "model": "veggex.seller", "pk": 36}, {"fields": {"category": 4, "origin": "chomu", "qualityRemarks": "yoo", "name": "rakesh", "grade": "Grade-A", "pricePerUnit": 10, "isPerishable": true, "related_products": [2, 102], "seller": 2, "status": 1, "unit": "kg", "maxAvailableUnits": 1000, "popularityIndex": 4, "coverphoto": "./Whatsapp.png", "priceType": "as per mandi rates", "description": "fff"}, "model": "veggex.product", "pk": 1}, {"fields": {"category": 4, "origin": "delhi", "qualityRemarks": "ff", "name": "kellaff", "grade": "Grade-B", "pricePerUnit": 12, "isPerishable": false, "related_products": [1, 101], "seller": 2, "status": 1, "unit": "kg", "maxAvailableUnits": 12, "popularityIndex": null, "coverphoto": "./website17.png", "priceType": "custom rates", "description": ""}, "model": "veggex.product", "pk": 2}, {"fields": {"category": 1, "origin": "delhi", "qualityRemarks": "dsd", "name": "1Apple", "grade": "", "pricePerUnit": 123, "isPerishable": false, "related_products": [], "seller": 4, "status": 1, "unit": "kg", "maxAvailableUnits": 12, "popularityIndex": null, "coverphoto": "./e.jpg", "priceType": "custom rates", "description": "cfsc"}, "model": "veggex.product", "pk": 5}, {"fields": {"category": 2, "origin": "Delhi", "qualityRemarks": "ff", "name": "1a", "grade": "", "pricePerUnit": 1000, "isPerishable": false, "related_products": [], "seller": 4, "status": 1, "unit": "kg", "maxAvailableUnits": 1212, "popularityIndex": null, "coverphoto": "./image-2-compressed.jpg", "priceType": "custom rates", "description": "ddd"}, "model": "veggex.product", "pk": 7}, {"fields": {"category": 1, "origin": "ggg", "qualityRemarks": "dddd", "name": "1Green Apple", "grade": "", "pricePerUnit": 10, "isPerishable": false, "related_products": [], "seller": 4, "status": 1, "unit": "kg", "maxAvailableUnits": 1000, "popularityIndex": null, "coverphoto": "./image-4-compressed.jpg", "priceType": "custom rates", "description": "gdfg"}, "model": "veggex.product", "pk": 8}, {"fields": {"category": 2, "origin": "agra", "qualityRemarks": "superb quality , ideal for shakes ", "name": "1Cherry ", "grade": "", "pricePerUnit": 100, "isPerishable": false, "related_products": [], "seller": 1, "status": 1, "unit": "kg", "maxAvailableUnits": 12, "popularityIndex": 4, "coverphoto": "./cherry_PNG611.jpg", "priceType": "custom rates", "description": "red cherry "}, "model": "veggex.product", "pk": 9}, {"fields": {"category": 2, "origin": "agra ", "qualityRemarks": "amazing quality ", "name": "1Oranges", "grade": "", "pricePerUnit": 45, "isPerishable": false, "related_products": [], "seller": 1, "status": 1, "unit": "kg", "maxAvailableUnits": 100, "popularityIndex": 9, "coverphoto": "./ORANGES.jpg", "priceType": "as per mandi rates", "description": "Juicy sweet orange "}, "model": "veggex.product", "pk": 10}, {"fields": {"category": 1, "origin": "agra ", "qualityRemarks": "superp quality and perishable ", "name": "1Lemons ", "grade": "", "pricePerUnit": 100, "isPerishable": true, "related_products": [], "seller": 1, "status": 1, "unit": "kg", "maxAvailableUnits": 452, "popularityIndex": 5, "coverphoto": "./lemons.jpg", "priceType": "as per mandi rates", "description": "juicy lemon "}, "model": "veggex.product", "pk": 11}, {"fields": {"category": 1, "origin": "Agra ", "qualityRemarks": "superb quality ", "name": "1CauliFlower ", "grade": "", "pricePerUnit": 60, "isPerishable": false, "related_products": [], "seller": 1, "status": 1, "unit": "kg", "maxAvailableUnits": 20, "popularityIndex": 5, "coverphoto": "./cauliflower.jpg", "priceType": "as per mandi rates", "description": "White Cauliflower "}, "model": "veggex.product", "pk": 12}, {"fields": {"category": 2, "origin": "china ", "qualityRemarks": "juicy litchi ", "name": "1Litchi ", "grade": "", "pricePerUnit": 80, "isPerishable": false, "related_products": [], "seller": 1, "status": 1, "unit": "kg", "maxAvailableUnits": 4, "popularityIndex": 6, "coverphoto": "./LICHI.jpg", "priceType": "as per mandi rates", "description": "Juicy lichi "}, "model": "veggex.product", "pk": 13}, {"fields": {"category": 2, "origin": "india", "qualityRemarks": "amazing sweet grapes ", "name": "1Black Grapes ", "grade": "", "pricePerUnit": 80, "isPerishable": false, "related_products": [], "seller": 1, "status": 1, "unit": "kg", "maxAvailableUnits": 120, "popularityIndex": 9, "coverphoto": "./black_grapes.jpg", "priceType": "as per mandi rates", "description": "Sweet grapes "}, "model": "veggex.product", "pk": 14}, {"fields": {"category": 2, "origin": "nagpur ", "qualityRemarks": "sweet guavas with less seeds ", "name": "1Guava ", "grade": "", "pricePerUnit": 30, "isPerishable": false, "related_products": [], "seller": 1, "status": 1, "unit": "kg", "maxAvailableUnits": 50, "popularityIndex": 4, "coverphoto": "./guava1.jpg", "priceType": "as per mandi rates", "description": "sweet guava "}, "model": "veggex.product", "pk": 15}, {"fields": {"category": 2, "origin": "newzealand", "qualityRemarks": "superb quality ", "name": "1Kiwi Fruit ", "grade": "", "pricePerUnit": 200, "isPerishable": false, "related_products": [], "seller": 1, "status": 1, "unit": "kg", "maxAvailableUnits": 10, "popularityIndex": 7, "coverphoto": "./FreshKiwiFruitPhoto5.jpg", "priceType": "as per mandi rates", "description": "Newzealand imported Kiwi fruit "}, "model": "veggex.product", "pk": 16}, {"fields": {"category": 1, "origin": "delhi", "qualityRemarks": "dsd", "name": "grof1Apple", "grade": "", "pricePerUnit": 123, "isPerishable": false, "related_products": [], "seller": 3, "status": 1, "unit": "kg", "maxAvailableUnits": 12, "popularityIndex": null, "coverphoto": "./e.jpg", "priceType": "custom rates", "description": "cfsc"}, "model": "veggex.product", "pk": 35}, {"fields": {"category": 2, "origin": "Delhi", "qualityRemarks": "ff", "name": "grof1a", "grade": "", "pricePerUnit": 1000, "isPerishable": false, "related_products": [], "seller": 3, "status": 1, "unit": "kg", "maxAvailableUnits": 1212, "popularityIndex": null, "coverphoto": "./image-2-compressed.jpg", "priceType": "custom rates", "description": "ddd"}, "model": "veggex.product", "pk": 37}, {"fields": {"category": 1, "origin": "ggg", "qualityRemarks": "dddd", "name": "grof1Green Apple", "grade": "", "pricePerUnit": 10, "isPerishable": false, "related_products": [], "seller": 3, "status": 1, "unit": "kg", "maxAvailableUnits": 1000, "popularityIndex": null, "coverphoto": "./image-4-compressed.jpg", "priceType": "custom rates", "description": "gdfg"}, "model": "veggex.product", "pk": 38}, {"fields": {"category": 1, "origin": "delhi", "qualityRemarks": "dsd", "name": "zoApple", "grade": "", "pricePerUnit": 123, "isPerishable": false, "related_products": [], "seller": 5, "status": 1, "unit": "kg", "maxAvailableUnits": 12, "popularityIndex": null, "coverphoto": "./e.jpg", "priceType": "custom rates", "description": "cfsc"}, "model": "veggex.product", "pk": 55}, {"fields": {"category": 2, "origin": "Delhi", "qualityRemarks": "ff", "name": "zoa", "grade": "", "pricePerUnit": 1000, "isPerishable": false, "related_products": [], "seller": 5, "status": 1, "unit": "kg", "maxAvailableUnits": 1212, "popularityIndex": null, "coverphoto": "./image-2-compressed.jpg", "priceType": "custom rates", "description": "ddd"}, "model": "veggex.product", "pk": 57}, {"fields": {"category": 1, "origin": "ggg", "qualityRemarks": "dddd", "name": "zoGreen Apple", "grade": "", "pricePerUnit": 10, "isPerishable": false, "related_products": [], "seller": 5, "status": 1, "unit": "kg", "maxAvailableUnits": 1000, "popularityIndex": null, "coverphoto": "./image-4-compressed.jpg", "priceType": "custom rates", "description": "gdfg"}, "model": "veggex.product", "pk": 58}, {"fields": {"category": 2, "origin": "agra", "qualityRemarks": "superb quality , ideal for shakes ", "name": "zoCherry ", "grade": "", "pricePerUnit": 100, "isPerishable": false, "related_products": [], "seller": 5, "status": 1, "unit": "kg", "maxAvailableUnits": 12, "popularityIndex": 4, "coverphoto": "./cherry_PNG611.jpg", "priceType": "custom rates", "description": "red cherry "}, "model": "veggex.product", "pk": 59}, {"fields": {"category": 1, "origin": "delhi", "qualityRemarks": "dsd", "name": "ptApple", "grade": "", "pricePerUnit": 123, "isPerishable": false, "related_products": [], "seller": 6, "status": 1, "unit": "kg", "maxAvailableUnits": 12, "popularityIndex": null, "coverphoto": "./e.jpg", "priceType": "custom rates", "description": "cfsc"}, "model": "veggex.product", "pk": 75}, {"fields": {"category": 2, "origin": "Delhi", "qualityRemarks": "ff", "name": "pta", "grade": "", "pricePerUnit": 1000, "isPerishable": false, "related_products": [], "seller": 6, "status": 1, "unit": "kg", "maxAvailableUnits": 1212, "popularityIndex": null, "coverphoto": "./image-2-compressed.jpg", "priceType": "custom rates", "description": "ddd"}, "model": "veggex.product", "pk": 77}, {"fields": {"category": 1, "origin": "ggg", "qualityRemarks": "dddd", "name": "ptGreen Apple", "grade": "", "pricePerUnit": 10, "isPerishable": false, "related_products": [], "seller": 6, "status": 1, "unit": "kg", "maxAvailableUnits": 1000, "popularityIndex": null, "coverphoto": "./image-4-compressed.jpg", "priceType": "custom rates", "description": "gdfg"}, "model": "veggex.product", "pk": 78}, {"fields": {"category": 2, "origin": "agra", "qualityRemarks": "superb quality , ideal for shakes ", "name": "ptCherry ", "grade": "", "pricePerUnit": 100, "isPerishable": false, "related_products": [], "seller": 6, "status": 1, "unit": "kg", "maxAvailableUnits": 12, "popularityIndex": 4, "coverphoto": "./cherry_PNG611.jpg", "priceType": "custom rates", "description": "red cherry "}, "model": "veggex.product", "pk": 79}, {"fields": {"category": 4, "origin": "chomu", "qualityRemarks": "yoo", "name": "2rakesh", "grade": "Grade-A", "pricePerUnit": 10, "isPerishable": true, "related_products": [2], "seller": 2, "status": 1, "unit": "kg", "maxAvailableUnits": 1000, "popularityIndex": 4, "coverphoto": "./No_image_available.png", "priceType": "as per mandi rates", "description": "fff"}, "model": "veggex.product", "pk": 101}, {"fields": {"category": 4, "origin": "delhi", "qualityRemarks": "ff", "name": "2kellaff", "grade": "Grade-B", "pricePerUnit": 12, "isPerishable": false, "related_products": [1], "seller": 2, "status": 1, "unit": "kg", "maxAvailableUnits": 12, "popularityIndex": null, "coverphoto": "./No_image_available.png", "priceType": "custom rates", "description": ""}, "model": "veggex.product", "pk": 102}, {"fields": {"category": 1, "origin": "delhi", "qualityRemarks": "dsd", "name": "21Apple", "grade": "", "pricePerUnit": 123, "isPerishable": false, "related_products": [], "seller": 4, "status": 1, "unit": "kg", "maxAvailableUnits": 12, "popularityIndex": null, "coverphoto": "./e.jpg", "priceType": "custom rates", "description": "cfsc"}, "model": "veggex.product", "pk": 105}, {"fields": {"category": 2, "origin": "Delhi", "qualityRemarks": "ff", "name": "21a", "grade": "", "pricePerUnit": 1000, "isPerishable": false, "related_products": [], "seller": 4, "status": 1, "unit": "kg", "maxAvailableUnits": 1212, "popularityIndex": null, "coverphoto": "./No_image_available.png", "priceType": "custom rates", "description": "ddd"}, "model": "veggex.product", "pk": 107}, {"fields": {"category": 1, "origin": "ggg", "qualityRemarks": "dddd", "name": "21Green Apple", "grade": "", "pricePerUnit": 10, "isPerishable": false, "related_products": [], "seller": 4, "status": 1, "unit": "kg", "maxAvailableUnits": 1000, "popularityIndex": null, "coverphoto": "./No_image_available.png", "priceType": "custom rates", "description": "gdfg"}, "model": "veggex.product", "pk": 108}, {"fields": {"category": 2, "origin": "agra", "qualityRemarks": "superb quality , ideal for shakes ", "name": "21Cherry ", "grade": "", "pricePerUnit": 100, "isPerishable": false, "related_products": [], "seller": 1, "status": 1, "unit": "kg", "maxAvailableUnits": 12, "popularityIndex": 4, "coverphoto": "./No_image_available.png", "priceType": "custom rates", "description": "red cherry "}, "model": "veggex.product", "pk": 109}, {"fields": {"category": 2, "origin": "agra ", "qualityRemarks": "amazing quality ", "name": "zoOranges", "grade": "", "pricePerUnit": 45, "isPerishable": false, "related_products": [], "seller": 5, "status": 1, "unit": "kg", "maxAvailableUnits": 100, "popularityIndex": 9, "coverphoto": "./ORANGES.jpg", "priceType": "as per mandi rates", "description": "Juicy sweet orange "}, "model": "veggex.product", "pk": 510}, {"fields": {"category": 1, "origin": "agra ", "qualityRemarks": "superp quality and perishable ", "name": "zoLemons ", "grade": "", "pricePerUnit": 100, "isPerishable": true, "related_products": [], "seller": 5, "status": 1, "unit": "kg", "maxAvailableUnits": 452, "popularityIndex": 5, "coverphoto": "./lemons.jpg", "priceType": "as per mandi rates", "description": "juicy lemon "}, "model": "veggex.product", "pk": 511}, {"fields": {"category": 1, "origin": "Agra ", "qualityRemarks": "superb quality ", "name": "zoCauliFlower ", "grade": "", "pricePerUnit": 60, "isPerishable": false, "related_products": [], "seller": 5, "status": 1, "unit": "kg", "maxAvailableUnits": 20, "popularityIndex": 5, "coverphoto": "./cauliflower.jpg", "priceType": "as per mandi rates", "description": "White Cauliflower "}, "model": "veggex.product", "pk": 512}, {"fields": {"category": 2, "origin": "china ", "qualityRemarks": "juicy litchi ", "name": "zoLitchi ", "grade": "", "pricePerUnit": 80, "isPerishable": false, "related_products": [], "seller": 5, "status": 1, "unit": "kg", "maxAvailableUnits": 4, "popularityIndex": 6, "coverphoto": "./LICHI.jpg", "priceType": "as per mandi rates", "description": "Juicy lichi "}, "model": "veggex.product", "pk": 513}, {"fields": {"category": 2, "origin": "india", "qualityRemarks": "amazing sweet grapes ", "name": "zoBlack Grapes ", "grade": "", "pricePerUnit": 80, "isPerishable": false, "related_products": [], "seller": 5, "status": 1, "unit": "kg", "maxAvailableUnits": 120, "popularityIndex": 9, "coverphoto": "./black_grapes.jpg", "priceType": "as per mandi rates", "description": "Sweet grapes "}, "model": "veggex.product", "pk": 514}, {"fields": {"category": 2, "origin": "nagpur ", "qualityRemarks": "sweet guavas with less seeds ", "name": "zoGuava ", "grade": "", "pricePerUnit": 30, "isPerishable": false, "related_products": [], "seller": 5, "status": 1, "unit": "kg", "maxAvailableUnits": 50, "popularityIndex": 4, "coverphoto": "./guava1.jpg", "priceType": "as per mandi rates", "description": "sweet guava "}, "model": "veggex.product", "pk": 515}, {"fields": {"category": 2, "origin": "newzealand", "qualityRemarks": "superb quality ", "name": "zoKiwi Fruit ", "grade": "", "pricePerUnit": 200, "isPerishable": false, "related_products": [], "seller": 5, "status": 1, "unit": "kg", "maxAvailableUnits": 10, "popularityIndex": 7, "coverphoto": "./FreshKiwiFruitPhoto5.jpg", "priceType": "as per mandi rates", "description": "Newzealand imported Kiwi fruit "}, "model": "veggex.product", "pk": 516}, {"fields": {"category": 2, "origin": "agra ", "qualityRemarks": "amazing quality ", "name": "ptOranges", "grade": "", "pricePerUnit": 45, "isPerishable": false, "related_products": [], "seller": 6, "status": 1, "unit": "kg", "maxAvailableUnits": 100, "popularityIndex": 9, "coverphoto": "./ORANGES.jpg", "priceType": "as per mandi rates", "description": "Juicy sweet orange "}, "model": "veggex.product", "pk": 710}, {"fields": {"category": 1, "origin": "agra ", "qualityRemarks": "superp quality and perishable ", "name": "ptLemons ", "grade": "", "pricePerUnit": 100, "isPerishable": true, "related_products": [], "seller": 6, "status": 1, "unit": "kg", "maxAvailableUnits": 452, "popularityIndex": 5, "coverphoto": "./lemons.jpg", "priceType": "as per mandi rates", "description": "juicy lemon "}, "model": "veggex.product", "pk": 711}, {"fields": {"category": 1, "origin": "Agra ", "qualityRemarks": "superb quality ", "name": "ptCauliFlower ", "grade": "", "pricePerUnit": 60, "isPerishable": false, "related_products": [], "seller": 6, "status": 1, "unit": "kg", "maxAvailableUnits": 20, "popularityIndex": 5, "coverphoto": "./cauliflower.jpg", "priceType": "as per mandi rates", "description": "White Cauliflower "}, "model": "veggex.product", "pk": 712}, {"fields": {"category": 2, "origin": "china ", "qualityRemarks": "juicy litchi ", "name": "ptLitchi ", "grade": "", "pricePerUnit": 80, "isPerishable": false, "related_products": [], "seller": 6, "status": 1, "unit": "kg", "maxAvailableUnits": 4, "popularityIndex": 6, "coverphoto": "./LICHI.jpg", "priceType": "as per mandi rates", "description": "Juicy lichi "}, "model": "veggex.product", "pk": 713}, {"fields": {"category": 2, "origin": "india", "qualityRemarks": "amazing sweet grapes ", "name": "ptBlack Grapes ", "grade": "", "pricePerUnit": 80, "isPerishable": false, "related_products": [], "seller": 6, "status": 1, "unit": "kg", "maxAvailableUnits": 120, "popularityIndex": 9, "coverphoto": "./black_grapes.jpg", "priceType": "as per mandi rates", "description": "Sweet grapes "}, "model": "veggex.product", "pk": 714}, {"fields": {"category": 2, "origin": "nagpur ", "qualityRemarks": "sweet guavas with less seeds ", "name": "ptGuava ", "grade": "", "pricePerUnit": 30, "isPerishable": false, "related_products": [], "seller": 6, "status": 1, "unit": "kg", "maxAvailableUnits": 50, "popularityIndex": 4, "coverphoto": "./guava1.jpg", "priceType": "as per mandi rates", "description": "sweet guava "}, "model": "veggex.product", "pk": 715}, {"fields": {"category": 2, "origin": "newzealand", "qualityRemarks": "superb quality ", "name": "ptKiwi Fruit ", "grade": "", "pricePerUnit": 200, "isPerishable": false, "related_products": [], "seller": 6, "status": 1, "unit": "kg", "maxAvailableUnits": 10, "popularityIndex": 7, "coverphoto": "./FreshKiwiFruitPhoto5.jpg", "priceType": "as per mandi rates", "description": "Newzealand imported Kiwi fruit "}, "model": "veggex.product", "pk": 716}, {"fields": {"category": 2, "origin": "agra ", "qualityRemarks": "amazing quality ", "name": "21Oranges", "grade": "", "pricePerUnit": 45, "isPerishable": false, "related_products": [], "seller": 1, "status": 1, "unit": "kg", "maxAvailableUnits": 100, "popularityIndex": 9, "coverphoto": "./No_image_available.png", "priceType": "as per mandi rates", "description": "Juicy sweet orange "}, "model": "veggex.product", "pk": 1010}, {"fields": {"category": 1, "origin": "agra ", "qualityRemarks": "superp quality and perishable ", "name": "21Lemons ", "grade": "", "pricePerUnit": 100, "isPerishable": true, "related_products": [], "seller": 1, "status": 1, "unit": "kg", "maxAvailableUnits": 452, "popularityIndex": 5, "coverphoto": "./No_image_available.png", "priceType": "as per mandi rates", "description": "juicy lemon "}, "model": "veggex.product", "pk": 1011}, {"fields": {"category": 1, "origin": "Agra ", "qualityRemarks": "superb quality ", "name": "21CauliFlower ", "grade": "", "pricePerUnit": 60, "isPerishable": false, "related_products": [], "seller": 1, "status": 1, "unit": "kg", "maxAvailableUnits": 20, "popularityIndex": 5, "coverphoto": "./No_image_available.png", "priceType": "as per mandi rates", "description": "White Cauliflower "}, "model": "veggex.product", "pk": 1012}, {"fields": {"category": 2, "origin": "china ", "qualityRemarks": "juicy litchi ", "name": "21Litchi ", "grade": "", "pricePerUnit": 80, "isPerishable": false, "related_products": [], "seller": 1, "status": 1, "unit": "kg", "maxAvailableUnits": 4, "popularityIndex": 6, "coverphoto": "./No_image_available.png", "priceType": "as per mandi rates", "description": "Juicy lichi "}, "model": "veggex.product", "pk": 1013}, {"fields": {"category": 2, "origin": "india", "qualityRemarks": "amazing sweet grapes ", "name": "21Black Grapes ", "grade": "", "pricePerUnit": 80, "isPerishable": false, "related_products": [], "seller": 1, "status": 1, "unit": "kg", "maxAvailableUnits": 120, "popularityIndex": 9, "coverphoto": "./No_image_available.png", "priceType": "as per mandi rates", "description": "Sweet grapes "}, "model": "veggex.product", "pk": 1014}, {"fields": {"category": 2, "origin": "nagpur ", "qualityRemarks": "sweet guavas with less seeds ", "name": "21Guava ", "grade": "", "pricePerUnit": 30, "isPerishable": false, "related_products": [], "seller": 1, "status": 1, "unit": "kg", "maxAvailableUnits": 50, "popularityIndex": 4, "coverphoto": "./No_image_available.png", "priceType": "as per mandi rates", "description": "sweet guava "}, "model": "veggex.product", "pk": 1015}, {"fields": {"category": 2, "origin": "newzealand", "qualityRemarks": "superb quality ", "name": "21Kiwi Fruit ", "grade": "", "pricePerUnit": 200, "isPerishable": false, "related_products": [], "seller": 1, "status": 1, "unit": "kg", "maxAvailableUnits": 10, "popularityIndex": 7, "coverphoto": "./No_image_available.png", "priceType": "as per mandi rates", "description": "Newzealand imported Kiwi fruit "}, "model": "veggex.product", "pk": 1016}, {"fields": {"category": 1, "origin": "delhi", "qualityRemarks": "dsd", "name": "2grof1Apple", "grade": "", "pricePerUnit": 123, "isPerishable": false, "related_products": [], "seller": 3, "status": 1, "unit": "kg", "maxAvailableUnits": 12, "popularityIndex": null, "coverphoto": "./No_image_available.png", "priceType": "custom rates", "description": "cfsc"}, "model": "veggex.product", "pk": 1035}, {"fields": {"category": 2, "origin": "Delhi", "qualityRemarks": "ff", "name": "2grof1a", "grade": "", "pricePerUnit": 1000, "isPerishable": false, "related_products": [], "seller": 3, "status": 1, "unit": "kg", "maxAvailableUnits": 1212, "popularityIndex": null, "coverphoto": "./No_image_available.png", "priceType": "custom rates", "description": "ddd"}, "model": "veggex.product", "pk": 1037}, {"fields": {"category": 1, "origin": "ggg", "qualityRemarks": "dddd", "name": "2grof1Green Apple", "grade": "", "pricePerUnit": 10, "isPerishable": false, "related_products": [], "seller": 3, "status": 1, "unit": "kg", "maxAvailableUnits": 1000, "popularityIndex": null, "coverphoto": "./No_image_available.png", "priceType": "custom rates", "description": "gdfg"}, "model": "veggex.product", "pk": 1038}, {"fields": {"category": 1, "origin": "delhi", "qualityRemarks": "dsd", "name": "2zoApple", "grade": "", "pricePerUnit": 123, "isPerishable": false, "related_products": [], "seller": 5, "status": 1, "unit": "kg", "maxAvailableUnits": 12, "popularityIndex": null, "coverphoto": "./No_image_available.png", "priceType": "custom rates", "description": "cfsc"}, "model": "veggex.product", "pk": 1055}, {"fields": {"category": 2, "origin": "Delhi", "qualityRemarks": "ff", "name": "2zoa", "grade": "", "pricePerUnit": 1000, "isPerishable": false, "related_products": [], "seller": 5, "status": 1, "unit": "kg", "maxAvailableUnits": 1212, "popularityIndex": null, "coverphoto": "./No_image_available.png", "priceType": "custom rates", "description": "ddd"}, "model": "veggex.product", "pk": 1057}, {"fields": {"category": 1, "origin": "ggg", "qualityRemarks": "dddd", "name": "2zoGreen Apple", "grade": "", "pricePerUnit": 10, "isPerishable": false, "related_products": [], "seller": 5, "status": 1, "unit": "kg", "maxAvailableUnits": 1000, "popularityIndex": null, "coverphoto": "./No_image_available.png", "priceType": "custom rates", "description": "gdfg"}, "model": "veggex.product", "pk": 1058}, {"fields": {"category": 2, "origin": "agra", "qualityRemarks": "superb quality , ideal for shakes ", "name": "2zoCherry ", "grade": "", "pricePerUnit": 100, "isPerishable": false, "related_products": [], "seller": 5, "status": 1, "unit": "kg", "maxAvailableUnits": 12, "popularityIndex": 4, "coverphoto": "./No_image_available.png", "priceType": "custom rates", "description": "red cherry "}, "model": "veggex.product", "pk": 1059}, {"fields": {"category": 1, "origin": "delhi", "qualityRemarks": "dsd", "name": "2ptApple", "grade": "", "pricePerUnit": 123, "isPerishable": false, "related_products": [], "seller": 6, "status": 1, "unit": "kg", "maxAvailableUnits": 12, "popularityIndex": null, "coverphoto": "./No_image_available.png", "priceType": "custom rates", "description": "cfsc"}, "model": "veggex.product", "pk": 1075}, {"fields": {"category": 2, "origin": "Delhi", "qualityRemarks": "ff", "name": "2pta", "grade": "", "pricePerUnit": 1000, "isPerishable": false, "related_products": [], "seller": 6, "status": 1, "unit": "kg", "maxAvailableUnits": 1212, "popularityIndex": null, "coverphoto": "./No_image_available.png", "priceType": "custom rates", "description": "ddd"}, "model": "veggex.product", "pk": 1077}, {"fields": {"category": 1, "origin": "ggg", "qualityRemarks": "dddd", "name": "2ptGreen Apple", "grade": "", "pricePerUnit": 10, "isPerishable": false, "related_products": [], "seller": 6, "status": 1, "unit": "kg", "maxAvailableUnits": 1000, "popularityIndex": null, "coverphoto": "./No_image_available.png", "priceType": "custom rates", "description": "gdfg"}, "model": "veggex.product", "pk": 1078}, {"fields": {"category": 2, "origin": "agra", "qualityRemarks": "superb quality , ideal for shakes ", "name": "2ptCherry ", "grade": "", "pricePerUnit": 100, "isPerishable": false, "related_products": [], "seller": 6, "status": 1, "unit": "kg", "maxAvailableUnits": 12, "popularityIndex": 4, "coverphoto": "./No_image_available.png", "priceType": "custom rates", "description": "red cherry "}, "model": "veggex.product", "pk": 1079}, {"fields": {"category": 2, "origin": "agra ", "qualityRemarks": "amazing quality ", "name": "2zoOranges", "grade": "", "pricePerUnit": 45, "isPerishable": false, "related_products": [], "seller": 5, "status": 1, "unit": "kg", "maxAvailableUnits": 100, "popularityIndex": 9, "coverphoto": "./No_image_available.png", "priceType": "as per mandi rates", "description": "Juicy sweet orange "}, "model": "veggex.product", "pk": 10510}, {"fields": {"category": 1, "origin": "agra ", "qualityRemarks": "superp quality and perishable ", "name": "2zoLemons ", "grade": "", "pricePerUnit": 100, "isPerishable": true, "related_products": [], "seller": 5, "status": 1, "unit": "kg", "maxAvailableUnits": 452, "popularityIndex": 5, "coverphoto": "./No_image_available.png", "priceType": "as per mandi rates", "description": "juicy lemon "}, "model": "veggex.product", "pk": 10511}, {"fields": {"category": 1, "origin": "Agra ", "qualityRemarks": "superb quality ", "name": "2zoCauliFlower ", "grade": "", "pricePerUnit": 60, "isPerishable": false, "related_products": [], "seller": 5, "status": 1, "unit": "kg", "maxAvailableUnits": 20, "popularityIndex": 5, "coverphoto": "./No_image_available.png", "priceType": "as per mandi rates", "description": "White Cauliflower "}, "model": "veggex.product", "pk": 10512}, {"fields": {"category": 2, "origin": "china ", "qualityRemarks": "juicy litchi ", "name": "2zoLitchi ", "grade": "", "pricePerUnit": 80, "isPerishable": false, "related_products": [], "seller": 5, "status": 1, "unit": "kg", "maxAvailableUnits": 4, "popularityIndex": 6, "coverphoto": "./No_image_available.png", "priceType": "as per mandi rates", "description": "Juicy lichi "}, "model": "veggex.product", "pk": 10513}, {"fields": {"category": 2, "origin": "india", "qualityRemarks": "amazing sweet grapes ", "name": "2zoBlack Grapes ", "grade": "", "pricePerUnit": 80, "isPerishable": false, "related_products": [], "seller": 5, "status": 1, "unit": "kg", "maxAvailableUnits": 120, "popularityIndex": 9, "coverphoto": "./No_image_available.png", "priceType": "as per mandi rates", "description": "Sweet grapes "}, "model": "veggex.product", "pk": 10514}, {"fields": {"category": 2, "origin": "nagpur ", "qualityRemarks": "sweet guavas with less seeds ", "name": "2zoGuava ", "grade": "", "pricePerUnit": 30, "isPerishable": false, "related_products": [], "seller": 5, "status": 1, "unit": "kg", "maxAvailableUnits": 50, "popularityIndex": 4, "coverphoto": "./No_image_available.png", "priceType": "as per mandi rates", "description": "sweet guava "}, "model": "veggex.product", "pk": 10515}, {"fields": {"category": 2, "origin": "newzealand", "qualityRemarks": "superb quality ", "name": "2zoKiwi Fruit ", "grade": "", "pricePerUnit": 200, "isPerishable": false, "related_products": [], "seller": 5, "status": 1, "unit": "kg", "maxAvailableUnits": 10, "popularityIndex": 7, "coverphoto": "./No_image_available.png", "priceType": "as per mandi rates", "description": "Newzealand imported Kiwi fruit "}, "model": "veggex.product", "pk": 10516}, {"fields": {"category": 2, "origin": "agra ", "qualityRemarks": "amazing quality ", "name": "2ptOranges", "grade": "", "pricePerUnit": 45, "isPerishable": false, "related_products": [], "seller": 6, "status": 1, "unit": "kg", "maxAvailableUnits": 100, "popularityIndex": 9, "coverphoto": "./No_image_available.png", "priceType": "as per mandi rates", "description": "Juicy sweet orange "}, "model": "veggex.product", "pk": 10710}, {"fields": {"category": 1, "origin": "agra ", "qualityRemarks": "superp quality and perishable ", "name": "2ptLemons ", "grade": "", "pricePerUnit": 100, "isPerishable": true, "related_products": [], "seller": 6, "status": 1, "unit": "kg", "maxAvailableUnits": 452, "popularityIndex": 5, "coverphoto": "./No_image_available.png", "priceType": "as per mandi rates", "description": "juicy lemon "}, "model": "veggex.product", "pk": 10711}, {"fields": {"category": 1, "origin": "Agra ", "qualityRemarks": "superb quality ", "name": "2ptCauliFlower ", "grade": "", "pricePerUnit": 60, "isPerishable": false, "related_products": [], "seller": 6, "status": 1, "unit": "kg", "maxAvailableUnits": 20, "popularityIndex": 5, "coverphoto": "./No_image_available.png", "priceType": "as per mandi rates", "description": "White Cauliflower "}, "model": "veggex.product", "pk": 10712}, {"fields": {"category": 2, "origin": "china ", "qualityRemarks": "juicy litchi ", "name": "2ptLitchi ", "grade": "", "pricePerUnit": 80, "isPerishable": false, "related_products": [], "seller": 6, "status": 1, "unit": "kg", "maxAvailableUnits": 4, "popularityIndex": 6, "coverphoto": "./No_image_available.png", "priceType": "as per mandi rates", "description": "Juicy lichi "}, "model": "veggex.product", "pk": 10713}, {"fields": {"category": 2, "origin": "india", "qualityRemarks": "amazing sweet grapes ", "name": "2ptBlack Grapes ", "grade": "", "pricePerUnit": 80, "isPerishable": false, "related_products": [], "seller": 6, "status": 1, "unit": "kg", "maxAvailableUnits": 120, "popularityIndex": 9, "coverphoto": "./No_image_available.png", "priceType": "as per mandi rates", "description": "Sweet grapes "}, "model": "veggex.product", "pk": 10714}, {"fields": {"category": 2, "origin": "nagpur ", "qualityRemarks": "sweet guavas with less seeds ", "name": "2ptGuava ", "grade": "", "pricePerUnit": 30, "isPerishable": false, "related_products": [], "seller": 6, "status": 1, "unit": "kg", "maxAvailableUnits": 50, "popularityIndex": 4, "coverphoto": "./No_image_available.png", "priceType": "as per mandi rates", "description": "sweet guava "}, "model": "veggex.product", "pk": 10715}, {"fields": {"category": 2, "origin": "newzealand", "qualityRemarks": "superb quality ", "name": "2ptKiwi Fruit ", "grade": "", "pricePerUnit": 200, "isPerishable": false, "related_products": [], "seller": 6, "status": 1, "unit": "kg", "maxAvailableUnits": 10, "popularityIndex": 7, "coverphoto": "./No_image_available.png", "priceType": "as per mandi rates", "description": "Newzealand imported Kiwi fruit "}, "model": "veggex.product", "pk": 10716}, {"fields": {"category": 1, "origin": "", "qualityRemarks": "Custom Product", "name": "ghishupd", "grade": "", "pricePerUnit": 12, "isPerishable": false, "related_products": [], "seller": 36, "status": 1, "unit": "10 kg", "maxAvailableUnits": 100000, "popularityIndex": null, "coverphoto": "./No_image_available.png", "priceType": "custom rates", "description": "yolo"}, "model": "veggex.product", "pk": 2210717}, {"fields": {"category": 4, "origin": "chomu", "qualityRemarks": "yoo", "name": "rakesh", "grade": "Grade-A", "pricePerUnit": 23, "isPerishable": false, "related_products": [], "seller": 36, "status": 1, "unit": "kg", "maxAvailableUnits": 1000, "popularityIndex": null, "coverphoto": "./Whatsapp.png", "priceType": "as per mandi rates", "description": "fff"}, "model": "veggex.product", "pk": 2210718}, {"fields": {"category": 1, "origin": "delhi", "qualityRemarks": "dsd", "name": "1Apple", "grade": "", "pricePerUnit": 233, "isPerishable": false, "related_products": [], "seller": 36, "status": 1, "unit": "kg", "maxAvailableUnits": 12, "popularityIndex": null, "coverphoto": "./e.jpg", "priceType": "custom rates", "description": "cfsc"}, "model": "veggex.product", "pk": 2210719}, {"fields": {"products": [9, 10, 11, 12], "seller": 1}, "model": "veggex.categoryvendor", "pk": 27}, {"fields": {"products": [7, 8, 105], "seller": 4}, "model": "veggex.categoryvendor", "pk": 34}, {"fields": {"products": [55, 59, 510, 511, 513, 514, 515], "seller": 5}, "model": "veggex.categoryvendor", "pk": 35}, {"fields": {"products": [37, 38, 1035], "seller": 3}, "model": "veggex.categoryvendor", "pk": 38}, {"fields": {"products": [10, 11, 13, 15, 1011, 1013, 1014, 1015, 1016], "seller": 1}, "model": "veggex.categoryvendor", "pk": 39}, {"fields": {"products": [79, 710, 711], "seller": 6}, "model": "veggex.categoryvendor", "pk": 42}, {"fields": {"products": [11], "seller": 1}, "model": "veggex.categoryvendor", "pk": 43}, {"fields": {"products": [55, 58, 510, 511, 512, 515, 516], "seller": 5}, "model": "veggex.categoryvendor", "pk": 44}, {"fields": {"products": [5, 8, 105, 107], "seller": 4}, "model": "veggex.categoryvendor", "pk": 45}, {"fields": {"products": [35, 37], "seller": 3}, "model": "veggex.categoryvendor", "pk": 46}, {"fields": {"products": [10, 11, 12, 13], "seller": 1}, "model": "veggex.categoryvendor", "pk": 47}, {"fields": {"products": [35, 38, 1035, 1037], "seller": 3}, "model": "veggex.categoryvendor", "pk": 48}, {"fields": {"products": [9, 10, 11, 12, 13], "seller": 1}, "model": "veggex.categoryvendor", "pk": 49}, {"fields": {"products": [7, 8, 105, 108], "seller": 4}, "model": "veggex.categoryvendor", "pk": 50}, {"fields": {"products": [2210717, 2210718, 2210719], "seller": 36}, "model": "veggex.categoryvendor", "pk": 51}, {"fields": {"products": [1035, 1038, 1055, 1057, 1058, 1059], "seller": 3}, "model": "veggex.dummyvendor", "pk": 1}, {"fields": {"products": [10511, 10512, 10513, 10514, 10515, 10516], "seller": 5}, "model": "veggex.dummyvendor", "pk": 2}, {"fields": {"products": [5, 105, 108], "seller": 4}, "model": "veggex.dummyvendor", "pk": 4}, {"fields": {"products": [2210717, 2210718, 2210719], "seller": 36}, "model": "veggex.dummyvendor", "pk": 5}, {"fields": {"products": [38, 1035, 1038], "seller": 3}, "model": "veggex.dummyvendor", "pk": 6}, {"fields": {"products": [9, 10, 11, 15, 1010, 1016], "seller": 1}, "model": "veggex.dummyvendor", "pk": 7}, {"fields": {"cartTotal": 3738, "timeOfUpdate": "2015-10-26T19:11:36.775Z", "timeOfCreate": "2015-10-26T19:11:36.775Z"}, "model": "veggex.cart", "pk": 1}, {"fields": {"cartTotal": 12, "timeOfUpdate": "2015-10-19T18:46:23.515Z", "timeOfCreate": "2015-10-19T18:46:23.515Z"}, "model": "veggex.cart", "pk": 2}, {"fields": {"cartTotal": 1223, "timeOfUpdate": null, "timeOfCreate": null}, "model": "veggex.cart", "pk": 3}, {"fields": {"cartTotal": 1246, "timeOfUpdate": "2015-10-19T19:10:35.219Z", "timeOfCreate": "2015-10-19T19:10:35.219Z"}, "model": "veggex.cart", "pk": 4}, {"fields": {"cartTotal": 931, "timeOfUpdate": "2015-10-27T08:22:44.801Z", "timeOfCreate": "2015-10-27T08:22:44.801Z"}, "model": "veggex.cart", "pk": 5}, {"fields": {"cartTotal": 0, "timeOfUpdate": "2015-10-20T12:42:24.677Z", "timeOfCreate": "2015-10-20T12:42:24.677Z"}, "model": "veggex.cart", "pk": 6}, {"fields": {"dummycartTotal": 0, "timeOfUpdate": "2015-10-27T16:27:58Z", "timeOfCreate": "2015-10-27T16:27:58Z"}, "model": "veggex.dummycart", "pk": 2}, {"fields": {"dummycartTotal": 0, "timeOfUpdate": "2015-10-27T16:27:58Z", "timeOfCreate": "2015-10-27T16:27:58Z"}, "model": "veggex.dummycart", "pk": 3}, {"fields": {"dummycartTotal": 0, "timeOfUpdate": "2015-10-27T16:27:58Z", "timeOfCreate": "2015-10-27T16:27:58Z"}, "model": "veggex.dummycart", "pk": 4}, {"fields": {"dummycartTotal": 628, "timeOfUpdate": "2015-10-27T19:27:22.073Z", "timeOfCreate": "2015-10-27T19:27:22.073Z"}, "model": "veggex.dummycart", "pk": 5}, {"fields": {"dummycartTotal": 466, "timeOfUpdate": "2015-10-27T19:17:42.384Z", "timeOfCreate": "2015-10-27T19:17:42.384Z"}, "model": "veggex.dummycart", "pk": 6}, {"fields": {"dummycartTotal": 0, "timeOfUpdate": "2015-10-27T16:27:58Z", "timeOfCreate": "2015-10-27T16:27:58Z"}, "model": "veggex.dummycart", "pk": 7}, {"fields": {"description": "Not available", "notifications": [9, 8, 7, 6, 5, 4, 2, 3], "nameOfOwner": "Rakesh Yadav", "institutionType": "hotels", "mobileNo": 8377950711, "dummyvendors": [1, 2], "profilePhoto": "./rajat_Cropped.jpg", "cart": 1, "owner": null, "nameOfInstitution": "Mezbaan restaurants", "address": 1, "mailId": "rak.dev007@gmail.com", "creditlimit": -600, "gpsLocation": "", "password": "pbkdf2_sha256$20000$xcPbF0CMVCyw$eZECZo2qDkuIVr8+UxTiIosfDPdHx6mMQNhUbp3AAjM=", "message": [], "categories": [34, 35, 38, 39, 42], "dummycart": 2}, "model": "veggex.user", "pk": 1}, {"fields": {"description": "Not available", "notifications": [], "nameOfOwner": "Shyam lal", "institutionType": "hotels", "mobileNo": 9928524925, "dummyvendors": [], "profilePhoto": "./unnamed.png", "cart": 2, "owner": null, "nameOfInstitution": "Cafe Coffe Day", "address": 1, "mailId": "info@mive.in", "creditlimit": 0, "gpsLocation": "", "password": "pbkdf2_sha256$20000$xcPbF0CMVCyw$eZECZo2qDkuIVr8+UxTiIosfDPdHx6mMQNhUbp3AAjM=", "message": [], "categories": [43, 44, 45, 46], "dummycart": 3}, "model": "veggex.user", "pk": 2}, {"fields": {"description": "Not available", "notifications": [], "nameOfOwner": "twwe", "institutionType": "hotels", "mobileNo": 9352132140, "dummyvendors": [], "profilePhoto": "./pc_205x205.jpg", "cart": 3, "owner": null, "nameOfInstitution": "New hotel", "address": 1, "mailId": "kjfjs@p.com", "creditlimit": 0, "gpsLocation": "", "password": "pbkdf2_sha256$20000$xcPbF0CMVCyw$eZECZo2qDkuIVr8+UxTiIosfDPdHx6mMQNhUbp3AAjM=", "message": [], "categories": [27], "dummycart": 4}, "model": "veggex.user", "pk": 3}, {"fields": {"description": "Not available", "notifications": [], "nameOfOwner": "Xyz singh", "institutionType": "hotels", "mobileNo": 12345, "dummyvendors": [7], "profilePhoto": "./rak_Cropped.jpg", "cart": 4, "owner": null, "nameOfInstitution": "Dominos", "address": 2, "mailId": "pcy.iitd@gmail.com", "creditlimit": 0, "gpsLocation": "", "password": "pbkdf2_sha256$20000$xcPbF0CMVCyw$eZECZo2qDkuIVr8+UxTiIosfDPdHx6mMQNhUbp3AAjM=", "message": [], "categories": [47, 48], "dummycart": 5}, "model": "veggex.user", "pk": 4}, {"fields": {"description": "Not available", "notifications": [12, 11, 10], "nameOfOwner": "Shubham Patel", "institutionType": "hotels", "mobileNo": 9999888877, "dummyvendors": [4, 5, 6], "profilePhoto": "./pc_205x205_nvlScC4.jpg", "cart": 5, "owner": null, "nameOfInstitution": "Subway", "address": 2, "mailId": "info@rees52.org", "creditlimit": 10000, "gpsLocation": "", "password": "pbkdf2_sha256$20000$iPPjS50pBKzv$LsF8/V60YPSikuFOLt1QbIsgeQfP0nlRMNzzxTh2ARs=", "message": [], "categories": [50, 51], "dummycart": 6}, "model": "veggex.user", "pk": 5}, {"fields": {"description": "Not available", "notifications": [], "nameOfOwner": "Neha ", "institutionType": "hotels", "mobileNo": 9999998888, "dummyvendors": [], "profilePhoto": "./Whatsapp_n2rodD6.png", "cart": 6, "owner": null, "nameOfInstitution": "Chi Kitchen", "address": 2, "mailId": "ra@gmail.com", "creditlimit": 10000, "gpsLocation": "", "password": "pbkdf2_sha256$20000$xcPbF0CMVCyw$eZECZo2qDkuIVr8+UxTiIosfDPdHx6mMQNhUbp3AAjM=", "message": [], "categories": [49], "dummycart": 7}, "model": "veggex.user", "pk": 6}, {"fields": {"product": 2, "timeOfUpdate": null, "timeOfCreate": null, "qtyInUnits": 1, "pricePerUnit": 0, "cart": 2}, "model": "veggex.cartitem", "pk": 56}, {"fields": {"product": 35, "timeOfUpdate": null, "timeOfCreate": null, "qtyInUnits": 1, "pricePerUnit": 0, "cart": 3}, "model": "veggex.cartitem", "pk": 62}, {"fields": {"product": 37, "timeOfUpdate": null, "timeOfCreate": null, "qtyInUnits": 1, "pricePerUnit": 0, "cart": 3}, "model": "veggex.cartitem", "pk": 63}, {"fields": {"product": 11, "timeOfUpdate": null, "timeOfCreate": null, "qtyInUnits": 1, "pricePerUnit": 0, "cart": 3}, "model": "veggex.cartitem", "pk": 64}, {"fields": {"product": 1037, "timeOfUpdate": "2015-10-19T19:08:09.712Z", "timeOfCreate": "2015-10-19T19:08:09.712Z", "qtyInUnits": 1, "pricePerUnit": 0, "cart": 4}, "model": "veggex.cartitem", "pk": 69}, {"fields": {"product": 1035, "timeOfUpdate": "2015-10-19T19:08:18.468Z", "timeOfCreate": "2015-10-19T19:08:18.468Z", "qtyInUnits": 1, "pricePerUnit": 0, "cart": 4}, "model": "veggex.cartitem", "pk": 70}, {"fields": {"product": 7, "timeOfUpdate": "2015-10-26T19:11:27.272Z", "timeOfCreate": "2015-10-26T19:11:27.272Z", "qtyInUnits": 3, "pricePerUnit": 0, "cart": 1}, "model": "veggex.cartitem", "pk": 76}, {"fields": {"product": 105, "timeOfUpdate": "2015-10-26T19:11:36.629Z", "timeOfCreate": "2015-10-26T19:11:36.629Z", "qtyInUnits": 6, "pricePerUnit": 0, "cart": 1}, "model": "veggex.cartitem", "pk": 77}, {"fields": {"product": 105, "timeOfUpdate": "2015-10-27T00:25:45.794Z", "timeOfCreate": "2015-10-27T00:25:45.794Z", "qtyInUnits": 7, "pricePerUnit": 0, "cart": 5}, "model": "veggex.cartitem", "pk": 78}, {"fields": {"product": 108, "timeOfUpdate": "2015-10-27T08:22:44.737Z", "timeOfCreate": "2015-10-27T08:22:44.737Z", "qtyInUnits": 7, "pricePerUnit": 0, "cart": 5}, "model": "veggex.cartitem", "pk": 79}, {"fields": {"product": 2210719, "timeOfUpdate": "2015-10-27T18:31:41.578Z", "timeOfCreate": "2015-10-27T18:31:41.578Z", "qtyInUnits": 2, "pricePerUnit": 233, "dummycart": 6}, "model": "veggex.dummycartitem", "pk": 20}, {"fields": {"product": 108, "timeOfUpdate": "2015-10-27T19:25:51.059Z", "timeOfCreate": "2015-10-27T19:25:51.059Z", "qtyInUnits": 1, "pricePerUnit": 10, "dummycart": 5}, "model": "veggex.dummycartitem", "pk": 22}, {"fields": {"product": 105, "timeOfUpdate": "2015-10-27T19:26:04.725Z", "timeOfCreate": "2015-10-27T19:26:04.725Z", "qtyInUnits": 1, "pricePerUnit": 123, "dummycart": 5}, "model": "veggex.dummycartitem", "pk": 23}, {"fields": {"product": 10, "timeOfUpdate": "2015-10-27T19:27:11.639Z", "timeOfCreate": "2015-10-27T19:27:11.639Z", "qtyInUnits": 1, "pricePerUnit": 45, "dummycart": 5}, "model": "veggex.dummycartitem", "pk": 24}, {"fields": {"product": 10, "timeOfUpdate": "2015-10-27T19:27:22.027Z", "timeOfCreate": "2015-10-27T19:27:22.027Z", "qtyInUnits": 1, "pricePerUnit": 450, "dummycart": 5}, "model": "veggex.dummycartitem", "pk": 25}, {"fields": {"status": "PLACED", "category": null, "timeOfUpdate": "2015-10-19T17:22:36.242Z", "timeOfCreate": "2015-10-19T17:22:36.242Z", "deliveryTime": "2015-10-15", "orderType": "real", "seller": null, "user": 1, "payment_mode": "COD", "orderMsg": "fsfsfsf", "subtotal": 360}, "model": "veggex.order", "pk": 1}, {"fields": {"status": "PLACED", "category": null, "timeOfUpdate": "2015-10-19T17:22:36.348Z", "timeOfCreate": "2015-10-19T17:22:36.348Z", "deliveryTime": "2015-10-23", "orderType": "real", "seller": null, "user": 1, "payment_mode": "COD", "orderMsg": "lklkl", "subtotal": 1090}, "model": "veggex.order", "pk": 2}, {"fields": {"status": "PLACED", "category": null, "timeOfUpdate": "2015-10-19T17:22:36.437Z", "timeOfCreate": "2015-10-19T17:22:36.437Z", "deliveryTime": "2015-10-29", "orderType": "real", "seller": null, "user": 1, "payment_mode": "COD", "orderMsg": "check", "subtotal": 22}, "model": "veggex.order", "pk": 3}, {"fields": {"status": "PLACED", "category": 2, "timeOfUpdate": "2015-10-19T17:22:36.482Z", "timeOfCreate": "2015-10-19T17:22:36.482Z", "deliveryTime": "2015-10-22", "orderType": "real", "seller": 1, "user": 1, "payment_mode": "COD", "orderMsg": "asdsff", "subtotal": 260}, "model": "veggex.order", "pk": 4}, {"fields": {"status": "PLACED", "category": 4, "timeOfUpdate": "2015-10-19T17:22:36.582Z", "timeOfCreate": "2015-10-19T17:22:36.582Z", "deliveryTime": "2015-10-17", "orderType": "real", "seller": 2, "user": 1, "payment_mode": "COD", "orderMsg": "Ggg", "subtotal": 10}, "model": "veggex.order", "pk": 5}, {"fields": {"status": "PLACED", "category": null, "timeOfUpdate": "2015-10-19T17:22:36.626Z", "timeOfCreate": "2015-10-19T17:22:36.626Z", "deliveryTime": "2015-10-16", "orderType": "real", "seller": 1, "user": 1, "payment_mode": "COD", "orderMsg": "ijk", "subtotal": 845}, "model": "veggex.order", "pk": 6}, {"fields": {"status": "PLACED", "category": null, "timeOfUpdate": "2015-10-19T17:22:36.715Z", "timeOfCreate": "2015-10-19T17:22:36.715Z", "deliveryTime": "2015-10-16", "orderType": "real", "seller": 1, "user": 1, "payment_mode": "COD", "orderMsg": "ijk", "subtotal": 845}, "model": "veggex.order", "pk": 7}, {"fields": {"status": "PLACED", "category": null, "timeOfUpdate": "2015-10-19T17:22:36.759Z", "timeOfCreate": "2015-10-19T17:22:36.759Z", "deliveryTime": "2015-10-16", "orderType": "real", "seller": 1, "user": 1, "payment_mode": "COD", "orderMsg": "ijk", "subtotal": 845}, "model": "veggex.order", "pk": 8}, {"fields": {"status": "PLACED", "category": null, "timeOfUpdate": "2015-10-19T17:22:36.848Z", "timeOfCreate": "2015-10-19T17:22:36.848Z", "deliveryTime": "2015-10-22", "orderType": "real", "seller": 2, "user": 1, "payment_mode": "COD", "orderMsg": "gjhgj", "subtotal": 12}, "model": "veggex.order", "pk": 9}, {"fields": {"status": "PLACED", "category": null, "timeOfUpdate": "2015-10-19T17:22:36.937Z", "timeOfCreate": "2015-10-19T17:22:36.937Z", "deliveryTime": "2015-10-28", "orderType": "real", "seller": 1, "user": 3, "payment_mode": "COD", "orderMsg": "fs", "subtotal": 300}, "model": "veggex.order", "pk": 10}, {"fields": {"status": "PLACED", "category": null, "timeOfUpdate": "2015-10-19T17:22:37.037Z", "timeOfCreate": "2015-10-19T17:22:37.037Z", "deliveryTime": "2015-10-16", "orderType": "real", "seller": 3, "user": 1, "payment_mode": "COD", "orderMsg": "eesrewrew", "subtotal": 4383}, "model": "veggex.order", "pk": 11}, {"fields": {"status": "PLACED", "category": null, "timeOfUpdate": "2015-10-19T17:22:37.092Z", "timeOfCreate": "2015-10-19T17:22:37.092Z", "deliveryTime": "2015-10-23", "orderType": "real", "seller": 2, "user": 1, "payment_mode": "COD", "orderMsg": "fsfsffs", "subtotal": 22}, "model": "veggex.order", "pk": 12}, {"fields": {"status": "PLACED", "category": null, "timeOfUpdate": "2015-10-19T17:22:37.181Z", "timeOfCreate": "2015-10-19T17:22:37.181Z", "deliveryTime": "2015-10-16", "orderType": "real", "seller": 2, "user": 1, "payment_mode": "COD", "orderMsg": "afdffsf", "subtotal": 220}, "model": "veggex.order", "pk": 13}, {"fields": {"status": "PLACED", "category": null, "timeOfUpdate": "2015-10-19T17:22:37.236Z", "timeOfCreate": "2015-10-19T17:22:37.236Z", "deliveryTime": "2015-10-17", "orderType": "real", "seller": 2, "user": 1, "payment_mode": "COD", "orderMsg": "dfsfsd", "subtotal": 11200}, "model": "veggex.order", "pk": 14}, {"fields": {"status": "PLACED", "category": null, "timeOfUpdate": "2015-10-19T17:22:37.325Z", "timeOfCreate": "2015-10-19T17:22:37.325Z", "deliveryTime": "2015-10-23", "orderType": "real", "seller": 1, "user": 1, "payment_mode": "COD", "orderMsg": "hkh", "subtotal": 1590}, "model": "veggex.order", "pk": 15}, {"fields": {"status": "PLACED", "category": null, "timeOfUpdate": "2015-10-19T17:22:37.425Z", "timeOfCreate": "2015-10-19T17:22:37.425Z", "deliveryTime": "2015-10-22", "orderType": "real", "seller": 6, "user": 1, "payment_mode": "COD", "orderMsg": "jhkhkjh", "subtotal": 3153}, "model": "veggex.order", "pk": 16}, {"fields": {"status": "PLACED", "category": null, "timeOfUpdate": "2015-10-19T17:22:37.480Z", "timeOfCreate": "2015-10-19T17:22:37.480Z", "deliveryTime": "2015-10-16", "orderType": "real", "seller": 1, "user": 1, "payment_mode": "COD", "orderMsg": "kjkj", "subtotal": 80}, "model": "veggex.order", "pk": 17}, {"fields": {"status": "PLACED", "category": null, "timeOfUpdate": "2015-10-19T17:22:37.535Z", "timeOfCreate": "2015-10-19T17:22:37.535Z", "deliveryTime": "2015-11-27", "orderType": "real", "seller": 1, "user": 1, "payment_mode": "COD", "orderMsg": "ddsd", "subtotal": 1180}, "model": "veggex.order", "pk": 18}, {"fields": {"status": "PLACED", "category": null, "timeOfUpdate": "2015-10-19T17:22:37.624Z", "timeOfCreate": "2015-10-19T17:22:37.624Z", "deliveryTime": "2015-10-23", "orderType": "real", "seller": 4, "user": 1, "payment_mode": "COD", "orderMsg": "uhjhkj", "subtotal": 1010}, "model": "veggex.order", "pk": 19}, {"fields": {"status": "PLACED", "category": null, "timeOfUpdate": "2015-10-19T17:22:37.680Z", "timeOfCreate": "2015-10-19T17:22:37.680Z", "deliveryTime": "2015-10-23", "orderType": "real", "seller": 3, "user": 1, "payment_mode": "COD", "orderMsg": "uhuhkh", "subtotal": 1133}, "model": "veggex.order", "pk": 20}, {"fields": {"status": "PLACED", "category": null, "timeOfUpdate": "2015-10-19T17:22:37.768Z", "timeOfCreate": "2015-10-19T17:22:37.768Z", "deliveryTime": "2015-10-16", "orderType": "real", "seller": 4, "user": 1, "payment_mode": "COD", "orderMsg": "Hgh", "subtotal": 2230}, "model": "veggex.order", "pk": 21}, {"fields": {"status": "PLACED", "category": null, "timeOfUpdate": "2015-10-19T17:22:37.824Z", "timeOfCreate": "2015-10-19T17:22:37.824Z", "deliveryTime": "2015-10-22", "orderType": "real", "seller": 4, "user": 1, "payment_mode": "COD", "orderMsg": "dasdasds", "subtotal": 12133}, "model": "veggex.order", "pk": 22}, {"fields": {"status": "PLACED", "category": null, "timeOfUpdate": "2015-10-19T17:22:37.913Z", "timeOfCreate": "2015-10-19T17:22:37.913Z", "deliveryTime": "2015-10-24", "orderType": "real", "seller": 1, "user": 1, "payment_mode": "COD", "orderMsg": "dsadasd", "subtotal": 125}, "model": "veggex.order", "pk": 23}, {"fields": {"status": "PLACED", "category": null, "timeOfUpdate": "2015-10-19T17:22:38.012Z", "timeOfCreate": "2015-10-19T17:22:38.012Z", "deliveryTime": "2015-10-23", "orderType": "real", "seller": 4, "user": 1, "payment_mode": "COD", "orderMsg": "dsdd", "subtotal": 1123}, "model": "veggex.order", "pk": 24}, {"fields": {"status": "PLACED", "category": null, "timeOfUpdate": "2015-10-19T17:22:38.068Z", "timeOfCreate": "2015-10-19T17:22:38.068Z", "deliveryTime": "2015-10-23", "orderType": "real", "seller": 3, "user": 1, "payment_mode": "COD", "orderMsg": "sdfsdfdsfs", "subtotal": 1123}, "model": "veggex.order", "pk": 25}, {"fields": {"status": "PLACED", "category": null, "timeOfUpdate": "2015-10-19T17:22:38.123Z", "timeOfCreate": "2015-10-19T17:22:38.123Z", "deliveryTime": "2015-10-23", "orderType": "real", "seller": 3, "user": 1, "payment_mode": "COD", "orderMsg": "sdfdsfsdf", "subtotal": 6738}, "model": "veggex.order", "pk": 26}, {"fields": {"status": "PLACED", "category": null, "timeOfUpdate": "2015-10-19T17:22:38.212Z", "timeOfCreate": "2015-10-19T17:22:38.212Z", "deliveryTime": "2015-10-29", "orderType": "real", "seller": 2, "user": 1, "payment_mode": "COD", "orderMsg": "", "subtotal": 108}, "model": "veggex.order", "pk": 27}, {"fields": {"status": "PLACED", "category": null, "timeOfUpdate": "2015-10-19T17:22:38.300Z", "timeOfCreate": "2015-10-19T17:22:38.300Z", "deliveryTime": "2015-10-17", "orderType": "real", "seller": 1, "user": 1, "payment_mode": "COD", "orderMsg": "sdfsf", "subtotal": 3960}, "model": "veggex.order", "pk": 28}, {"fields": {"status": "PLACED", "category": null, "timeOfUpdate": "2015-10-19T17:22:38.356Z", "timeOfCreate": "2015-10-19T17:22:38.356Z", "deliveryTime": "2015-10-23", "orderType": "real", "seller": 4, "user": 1, "payment_mode": "COD", "orderMsg": "yooo", "subtotal": 123}, "model": "veggex.order", "pk": 29}, {"fields": {"status": "PLACED", "category": null, "timeOfUpdate": "2015-10-19T17:22:38.412Z", "timeOfCreate": "2015-10-19T17:22:38.412Z", "deliveryTime": "2015-10-17", "orderType": "real", "seller": 4, "user": 1, "payment_mode": "COD", "orderMsg": "yo", "subtotal": 123}, "model": "veggex.order", "pk": 30}, {"fields": {"status": "PLACED", "category": null, "timeOfUpdate": "2015-10-19T17:22:38.511Z", "timeOfCreate": "2015-10-19T17:22:38.511Z", "deliveryTime": "2015-10-29", "orderType": "real", "seller": 5, "user": 1, "payment_mode": "COD", "orderMsg": "yo", "subtotal": 45}, "model": "veggex.order", "pk": 31}, {"fields": {"status": "PLACED", "category": null, "timeOfUpdate": "2015-10-19T17:22:38.589Z", "timeOfCreate": "2015-10-19T17:22:38.589Z", "deliveryTime": "2015-10-23", "orderType": "real", "seller": 5, "user": 1, "payment_mode": "COD", "orderMsg": "jkjk", "subtotal": 235}, "model": "veggex.order", "pk": 32}, {"fields": {"status": "PLACED", "category": null, "timeOfUpdate": "2015-10-19T17:22:38.677Z", "timeOfCreate": "2015-10-19T17:22:38.677Z", "deliveryTime": "2015-10-22", "orderType": "real", "seller": 2, "user": 1, "payment_mode": "COD", "orderMsg": "yoo", "subtotal": 44}, "model": "veggex.order", "pk": 33}, {"fields": {"status": "PLACED", "category": null, "timeOfUpdate": "2015-10-19T17:22:38.755Z", "timeOfCreate": "2015-10-19T17:22:38.755Z", "deliveryTime": "2015-10-23", "orderType": "real", "seller": 4, "user": 1, "payment_mode": "COD", "orderMsg": "dssf", "subtotal": 1230}, "model": "veggex.order", "pk": 34}, {"fields": {"status": "PLACED", "category": null, "timeOfUpdate": "2015-10-19T17:22:38.855Z", "timeOfCreate": "2015-10-19T17:22:38.855Z", "deliveryTime": "2015-10-21", "orderType": "real", "seller": 4, "user": 1, "payment_mode": "COD", "orderMsg": "dsdsd", "subtotal": 1353}, "model": "veggex.order", "pk": 35}, {"fields": {"status": "PLACED", "category": null, "timeOfUpdate": "2015-10-19T17:22:38.966Z", "timeOfCreate": "2015-10-19T17:22:38.966Z", "deliveryTime": "2015-10-05", "orderType": "real", "seller": 4, "user": 1, "payment_mode": "COD", "orderMsg": "jkxhcksajchkjdac", "subtotal": 30}, "model": "veggex.order", "pk": 36}, {"fields": {"status": "PLACED", "category": null, "timeOfUpdate": "2015-10-19T17:22:39.043Z", "timeOfCreate": "2015-10-19T17:22:39.043Z", "deliveryTime": "2015-10-16", "orderType": "real", "seller": 1, "user": 1, "payment_mode": "COD", "orderMsg": "hjjh", "subtotal": 365}, "model": "veggex.order", "pk": 37}, {"fields": {"status": "PLACED", "category": null, "timeOfUpdate": "2015-10-19T17:22:39.121Z", "timeOfCreate": "2015-10-19T17:22:39.121Z", "deliveryTime": "2015-10-16", "orderType": "real", "seller": 1, "user": 1, "payment_mode": "COD", "orderMsg": "", "subtotal": 140}, "model": "veggex.order", "pk": 38}, {"fields": {"status": "PLACED", "category": null, "timeOfUpdate": "2015-10-19T17:22:39.375Z", "timeOfCreate": "2015-10-19T17:22:39.375Z", "deliveryTime": "2015-10-20", "orderType": "real", "seller": 4, "user": 1, "payment_mode": "COD", "orderMsg": "", "subtotal": 1010}, "model": "veggex.order", "pk": 39}, {"fields": {"status": "PLACED", "category": null, "timeOfUpdate": "2015-10-19T17:22:39.475Z", "timeOfCreate": "2015-10-19T17:22:39.475Z", "deliveryTime": "2015-10-20", "orderType": "real", "seller": 4, "user": 1, "payment_mode": "COD", "orderMsg": "sdd", "subtotal": 1230}, "model": "veggex.order", "pk": 40}, {"fields": {"status": "PLACED", "category": null, "timeOfUpdate": "2015-10-19T17:21:07.289Z", "timeOfCreate": "2015-10-19T17:21:07.289Z", "deliveryTime": "2015-10-21", "orderType": "real", "seller": 4, "user": 1, "payment_mode": "COD", "orderMsg": "fmdskmskl", "subtotal": 1000}, "model": "veggex.order", "pk": 41}, {"fields": {"status": "PLACED", "category": null, "timeOfUpdate": "2015-10-19T18:38:45.322Z", "timeOfCreate": "2015-10-19T18:38:45.322Z", "deliveryTime": "2015-10-21", "orderType": "real", "seller": 1, "user": 2, "payment_mode": "COD", "orderMsg": "sfsf", "subtotal": 80}, "model": "veggex.order", "pk": 42}, {"fields": {"status": "PLACED", "category": null, "timeOfUpdate": "2015-10-19T18:40:17.609Z", "timeOfCreate": "2015-10-19T18:40:17.609Z", "deliveryTime": "2015-10-21", "orderType": "real", "seller": 4, "user": 2, "payment_mode": "COD", "orderMsg": "kdhkasdh", "subtotal": 1000}, "model": "veggex.order", "pk": 43}, {"fields": {"status": "PLACED", "category": null, "timeOfUpdate": "2015-10-19T18:45:25.905Z", "timeOfCreate": "2015-10-19T18:45:25.905Z", "deliveryTime": "2015-10-21", "orderType": "real", "seller": 1, "user": 2, "payment_mode": "COD", "orderMsg": "fdfdfdfdfdffdf", "subtotal": 100}, "model": "veggex.order", "pk": 44}, {"fields": {"status": "PLACED", "category": null, "timeOfUpdate": "2015-10-19T18:46:23.089Z", "timeOfCreate": "2015-10-19T18:46:23.089Z", "deliveryTime": "2015-10-22", "orderType": "real", "seller": 4, "user": 2, "payment_mode": "COD", "orderMsg": "sdsfsf", "subtotal": 20}, "model": "veggex.order", "pk": 45}, {"fields": {"status": "PLACED", "category": null, "timeOfUpdate": "2015-10-19T19:08:41.414Z", "timeOfCreate": "2015-10-19T19:08:41.414Z", "deliveryTime": "2015-10-20", "orderType": "real", "seller": 1, "user": 4, "payment_mode": "COD", "orderMsg": "yoo", "subtotal": 285}, "model": "veggex.order", "pk": 46}, {"fields": {"status": "PLACED", "category": null, "timeOfUpdate": "2015-10-19T19:10:34.780Z", "timeOfCreate": "2015-10-19T19:10:34.780Z", "deliveryTime": "2015-10-20", "orderType": "real", "seller": 1, "user": 4, "payment_mode": "COD", "orderMsg": "yoo", "subtotal": 285}, "model": "veggex.order", "pk": 47}, {"fields": {"status": "PLACED", "category": null, "timeOfUpdate": "2015-10-19T20:20:58.321Z", "timeOfCreate": "2015-10-19T20:20:58.321Z", "deliveryTime": "2015-10-23", "orderType": "real", "seller": 5, "user": 1, "payment_mode": "COD", "orderMsg": "yoo", "subtotal": 135}, "model": "veggex.order", "pk": 48}, {"fields": {"status": "PLACED", "category": null, "timeOfUpdate": "2015-10-19T22:03:33.001Z", "timeOfCreate": "2015-10-19T22:03:33.001Z", "deliveryTime": "2015-10-20", "orderType": "real", "seller": 4, "user": 1, "payment_mode": "COD", "orderMsg": "", "subtotal": 123}, "model": "veggex.order", "pk": 49}, {"fields": {"status": "PLACED", "category": null, "timeOfUpdate": "2015-10-19T22:08:40.438Z", "timeOfCreate": "2015-10-19T22:08:40.438Z", "deliveryTime": "2015-10-20", "orderType": "real", "seller": 5, "user": 1, "payment_mode": "COD", "orderMsg": "", "subtotal": 728}, "model": "veggex.order", "pk": 50}, {"fields": {"status": "PLACED", "category": null, "timeOfUpdate": "2015-10-20T12:42:24.010Z", "timeOfCreate": "2015-10-20T12:42:24.010Z", "deliveryTime": "2015-10-20", "orderType": "real", "seller": 1, "user": 6, "payment_mode": "COD", "orderMsg": "yo", "subtotal": 2545}, "model": "veggex.order", "pk": 51}, {"fields": {"status": "PLACED", "category": null, "timeOfUpdate": "2015-10-20T13:12:17.406Z", "timeOfCreate": "2015-10-20T13:12:17.405Z", "deliveryTime": "2015-10-21", "orderType": "real", "seller": 2, "user": 1, "payment_mode": "COD", "orderMsg": "yoo", "subtotal": 12}, "model": "veggex.order", "pk": 52}, {"fields": {"status": "PLACED", "category": null, "timeOfUpdate": "2015-10-23T16:55:17.694Z", "timeOfCreate": "2015-10-23T16:55:17.694Z", "deliveryTime": "2015-10-24", "orderType": "real", "seller": 2, "user": 1, "payment_mode": "COD", "orderMsg": "yolo", "subtotal": 12}, "model": "veggex.order", "pk": 53}, {"fields": {"status": "PLACED", "category": null, "timeOfUpdate": "2015-10-23T16:55:44.606Z", "timeOfCreate": "2015-10-23T16:55:44.606Z", "deliveryTime": "2015-10-24", "orderType": "real", "seller": 2, "user": 1, "payment_mode": "COD", "orderMsg": "", "subtotal": 10}, "model": "veggex.order", "pk": 54}, {"fields": {"status": "PLACED", "category": null, "timeOfUpdate": "2015-10-23T17:12:06.248Z", "timeOfCreate": "2015-10-23T17:12:06.248Z", "deliveryTime": "2015-10-24", "orderType": "real", "seller": 5, "user": 1, "payment_mode": "COD", "orderMsg": "", "subtotal": 123}, "model": "veggex.order", "pk": 55}, {"fields": {"status": "PLACED", "category": null, "timeOfUpdate": "2015-10-23T17:28:15.851Z", "timeOfCreate": "2015-10-23T17:28:15.851Z", "deliveryTime": "2015-10-24", "orderType": "real", "seller": 5, "user": 1, "payment_mode": "COD", "orderMsg": "", "subtotal": 200}, "model": "veggex.order", "pk": 56}, {"fields": {"status": "PLACED", "category": null, "timeOfUpdate": "2015-10-23T18:14:08.239Z", "timeOfCreate": "2015-10-23T18:14:08.239Z", "deliveryTime": "2015-10-24", "orderType": "real", "seller": 5, "user": 1, "payment_mode": "COD", "orderMsg": "", "subtotal": 45}, "model": "veggex.order", "pk": 57}, {"fields": {"status": "PLACED", "category": null, "timeOfUpdate": "2015-10-23T18:15:39.229Z", "timeOfCreate": "2015-10-23T18:15:39.229Z", "deliveryTime": "2015-10-23", "orderType": "real", "seller": 1, "user": 1, "payment_mode": "COD", "orderMsg": "", "subtotal": 200}, "model": "veggex.order", "pk": 59}, {"fields": {"status": "PLACED", "category": null, "timeOfUpdate": "2015-10-26T22:24:37.671Z", "timeOfCreate": "2015-10-26T22:24:37.671Z", "deliveryTime": "2015-10-29", "orderType": "dummy", "seller": 3, "user": 1, "payment_mode": "COD", "orderMsg": "dummy\r\n", "subtotal": 133}, "model": "veggex.order", "pk": 60}, {"fields": {"status": "PLACED", "category": null, "timeOfUpdate": "2015-10-27T00:10:16.268Z", "timeOfCreate": "2015-10-27T00:10:16.268Z", "deliveryTime": "2015-10-28", "orderType": "dummy", "seller": 36, "user": 5, "payment_mode": "COD", "orderMsg": "yolo", "subtotal": 2586}, "model": "veggex.order", "pk": 61}, {"fields": {"status": "PLACED", "category": null, "timeOfUpdate": "2015-10-27T08:55:39.681Z", "timeOfCreate": "2015-10-27T08:55:39.681Z", "deliveryTime": "2015-10-29", "orderType": "dummy", "seller": 3, "user": 5, "payment_mode": "COD", "orderMsg": "oylo", "subtotal": 20}, "model": "veggex.order", "pk": 62}, {"fields": {"status": "PLACED", "category": null, "timeOfUpdate": "2015-10-27T18:14:04.496Z", "timeOfCreate": "2015-10-27T18:14:04.496Z", "deliveryTime": "2015-10-27", "orderType": "dummy", "seller": 4, "user": 5, "payment_mode": "COD", "orderMsg": "check after price masala", "subtotal": 30}, "model": "veggex.order", "pk": 63}, {"fields": {"product": 12, "qtyInUnits": 6, "pricePerUnit": 60, "priceType": "as per mandi rates", "order": 1, "unit": "kg"}, "model": "veggex.orderitem", "pk": 1}, {"fields": {"product": 10, "qtyInUnits": 4, "pricePerUnit": 45, "priceType": "as per mandi rates", "order": 2, "unit": "kg"}, "model": "veggex.orderitem", "pk": 2}, {"fields": {"product": 13, "qtyInUnits": 2, "pricePerUnit": 80, "priceType": "as per mandi rates", "order": 2, "unit": "kg"}, "model": "veggex.orderitem", "pk": 3}, {"fields": {"product": 15, "qtyInUnits": 5, "pricePerUnit": 30, "priceType": "as per mandi rates", "order": 2, "unit": "kg"}, "model": "veggex.orderitem", "pk": 4}, {"fields": {"product": 16, "qtyInUnits": 3, "pricePerUnit": 200, "priceType": "as per mandi rates", "order": 2, "unit": "kg"}, "model": "veggex.orderitem", "pk": 5}, {"fields": {"product": 1, "qtyInUnits": 1, "pricePerUnit": 10, "priceType": "as per mandi rates", "order": 3, "unit": "kg"}, "model": "veggex.orderitem", "pk": 6}, {"fields": {"product": 2, "qtyInUnits": 1, "pricePerUnit": 12, "priceType": "custom rates", "order": 3, "unit": "kg"}, "model": "veggex.orderitem", "pk": 7}, {"fields": {"product": 9, "qtyInUnits": 1, "pricePerUnit": 100, "priceType": "custom rates", "order": 4, "unit": "kg"}, "model": "veggex.orderitem", "pk": 8}, {"fields": {"product": 13, "qtyInUnits": 2, "pricePerUnit": 80, "priceType": "as per mandi rates", "order": 4, "unit": "kg"}, "model": "veggex.orderitem", "pk": 9}, {"fields": {"product": 1, "qtyInUnits": 1, "pricePerUnit": 10, "priceType": "as per mandi rates", "order": 5, "unit": "kg"}, "model": "veggex.orderitem", "pk": 10}, {"fields": {"product": 10, "qtyInUnits": 5, "pricePerUnit": 45, "priceType": "as per mandi rates", "order": 6, "unit": "kg"}, "model": "veggex.orderitem", "pk": 11}, {"fields": {"product": 12, "qtyInUnits": 7, "pricePerUnit": 60, "priceType": "as per mandi rates", "order": 6, "unit": "kg"}, "model": "veggex.orderitem", "pk": 12}, {"fields": {"product": 16, "qtyInUnits": 1, "pricePerUnit": 200, "priceType": "as per mandi rates", "order": 6, "unit": "kg"}, "model": "veggex.orderitem", "pk": 13}, {"fields": {"product": 10, "qtyInUnits": 5, "pricePerUnit": 45, "priceType": "as per mandi rates", "order": 7, "unit": "kg"}, "model": "veggex.orderitem", "pk": 14}, {"fields": {"product": 12, "qtyInUnits": 7, "pricePerUnit": 60, "priceType": "as per mandi rates", "order": 7, "unit": "kg"}, "model": "veggex.orderitem", "pk": 15}, {"fields": {"product": 16, "qtyInUnits": 1, "pricePerUnit": 200, "priceType": "as per mandi rates", "order": 7, "unit": "kg"}, "model": "veggex.orderitem", "pk": 16}, {"fields": {"product": 10, "qtyInUnits": 5, "pricePerUnit": 45, "priceType": "as per mandi rates", "order": 8, "unit": "kg"}, "model": "veggex.orderitem", "pk": 17}, {"fields": {"product": 12, "qtyInUnits": 7, "pricePerUnit": 60, "priceType": "as per mandi rates", "order": 8, "unit": "kg"}, "model": "veggex.orderitem", "pk": 18}, {"fields": {"product": 16, "qtyInUnits": 1, "pricePerUnit": 200, "priceType": "as per mandi rates", "order": 8, "unit": "kg"}, "model": "veggex.orderitem", "pk": 19}, {"fields": {"product": 2, "qtyInUnits": 1, "pricePerUnit": 12, "priceType": "custom rates", "order": 9, "unit": "kg"}, "model": "veggex.orderitem", "pk": 20}, {"fields": {"product": 11, "qtyInUnits": 3, "pricePerUnit": 100, "priceType": "as per mandi rates", "order": 10, "unit": "kg"}, "model": "veggex.orderitem", "pk": 21}, {"fields": {"product": 35, "qtyInUnits": 11, "pricePerUnit": 123, "priceType": "custom rates", "order": 11, "unit": "kg"}, "model": "veggex.orderitem", "pk": 22}, {"fields": {"product": 37, "qtyInUnits": 3, "pricePerUnit": 1000, "priceType": "custom rates", "order": 11, "unit": "kg"}, "model": "veggex.orderitem", "pk": 23}, {"fields": {"product": 38, "qtyInUnits": 3, "pricePerUnit": 10, "priceType": "custom rates", "order": 11, "unit": "kg"}, "model": "veggex.orderitem", "pk": 24}, {"fields": {"product": 1, "qtyInUnits": 1, "pricePerUnit": 10, "priceType": "as per mandi rates", "order": 12, "unit": "kg"}, "model": "veggex.orderitem", "pk": 25}, {"fields": {"product": 2, "qtyInUnits": 1, "pricePerUnit": 12, "priceType": "custom rates", "order": 12, "unit": "kg"}, "model": "veggex.orderitem", "pk": 26}, {"fields": {"product": 1, "qtyInUnits": 10, "pricePerUnit": 10, "priceType": "as per mandi rates", "order": 13, "unit": "kg"}, "model": "veggex.orderitem", "pk": 27}, {"fields": {"product": 2, "qtyInUnits": 10, "pricePerUnit": 12, "priceType": "custom rates", "order": 13, "unit": "kg"}, "model": "veggex.orderitem", "pk": 28}, {"fields": {"product": 1, "qtyInUnits": 1000, "pricePerUnit": 10, "priceType": "as per mandi rates", "order": 14, "unit": "kg"}, "model": "veggex.orderitem", "pk": 29}, {"fields": {"product": 2, "qtyInUnits": 100, "pricePerUnit": 12, "priceType": "custom rates", "order": 14, "unit": "kg"}, "model": "veggex.orderitem", "pk": 30}, {"fields": {"product": 9, "qtyInUnits": 2, "pricePerUnit": 100, "priceType": "custom rates", "order": 15, "unit": "kg"}, "model": "veggex.orderitem", "pk": 31}, {"fields": {"product": 11, "qtyInUnits": 1, "pricePerUnit": 100, "priceType": "as per mandi rates", "order": 15, "unit": "kg"}, "model": "veggex.orderitem", "pk": 32}, {"fields": {"product": 12, "qtyInUnits": 1, "pricePerUnit": 60, "priceType": "as per mandi rates", "order": 15, "unit": "kg"}, "model": "veggex.orderitem", "pk": 33}, {"fields": {"product": 15, "qtyInUnits": 1, "pricePerUnit": 30, "priceType": "as per mandi rates", "order": 15, "unit": "kg"}, "model": "veggex.orderitem", "pk": 34}, {"fields": {"product": 16, "qtyInUnits": 6, "pricePerUnit": 200, "priceType": "as per mandi rates", "order": 15, "unit": "kg"}, "model": "veggex.orderitem", "pk": 35}, {"fields": {"product": 78, "qtyInUnits": 3, "pricePerUnit": 10, "priceType": "custom rates", "order": 16, "unit": "kg"}, "model": "veggex.orderitem", "pk": 36}, {"fields": {"product": 77, "qtyInUnits": 3, "pricePerUnit": 1000, "priceType": "custom rates", "order": 16, "unit": "kg"}, "model": "veggex.orderitem", "pk": 37}, {"fields": {"product": 75, "qtyInUnits": 1, "pricePerUnit": 123, "priceType": "custom rates", "order": 16, "unit": "kg"}, "model": "veggex.orderitem", "pk": 38}, {"fields": {"product": 14, "qtyInUnits": 1, "pricePerUnit": 80, "priceType": "as per mandi rates", "order": 17, "unit": "kg"}, "model": "veggex.orderitem", "pk": 39}, {"fields": {"product": 14, "qtyInUnits": 1, "pricePerUnit": 80, "priceType": "as per mandi rates", "order": 18, "unit": "kg"}, "model": "veggex.orderitem", "pk": 40}, {"fields": {"product": 11, "qtyInUnits": 11, "pricePerUnit": 100, "priceType": "as per mandi rates", "order": 18, "unit": "kg"}, "model": "veggex.orderitem", "pk": 41}, {"fields": {"product": 8, "qtyInUnits": 1, "pricePerUnit": 10, "priceType": "custom rates", "order": 19, "unit": "kg"}, "model": "veggex.orderitem", "pk": 42}, {"fields": {"product": 7, "qtyInUnits": 1, "pricePerUnit": 1000, "priceType": "custom rates", "order": 19, "unit": "kg"}, "model": "veggex.orderitem", "pk": 43}, {"fields": {"product": 35, "qtyInUnits": 1, "pricePerUnit": 123, "priceType": "custom rates", "order": 20, "unit": "kg"}, "model": "veggex.orderitem", "pk": 44}, {"fields": {"product": 37, "qtyInUnits": 1, "pricePerUnit": 1000, "priceType": "custom rates", "order": 20, "unit": "kg"}, "model": "veggex.orderitem", "pk": 45}, {"fields": {"product": 38, "qtyInUnits": 1, "pricePerUnit": 10, "priceType": "custom rates", "order": 20, "unit": "kg"}, "model": "veggex.orderitem", "pk": 46}, {"fields": {"product": 5, "qtyInUnits": 10, "pricePerUnit": 123, "priceType": "custom rates", "order": 21, "unit": "kg"}, "model": "veggex.orderitem", "pk": 47}, {"fields": {"product": 7, "qtyInUnits": 1, "pricePerUnit": 1000, "priceType": "custom rates", "order": 21, "unit": "kg"}, "model": "veggex.orderitem", "pk": 48}, {"fields": {"product": 5, "qtyInUnits": 1, "pricePerUnit": 123, "priceType": "custom rates", "order": 22, "unit": "kg"}, "model": "veggex.orderitem", "pk": 49}, {"fields": {"product": 7, "qtyInUnits": 12, "pricePerUnit": 1000, "priceType": "custom rates", "order": 22, "unit": "kg"}, "model": "veggex.orderitem", "pk": 50}, {"fields": {"product": 8, "qtyInUnits": 1, "pricePerUnit": 10, "priceType": "custom rates", "order": 22, "unit": "kg"}, "model": "veggex.orderitem", "pk": 51}, {"fields": {"product": 14, "qtyInUnits": 1, "pricePerUnit": 80, "priceType": "as per mandi rates", "order": 23, "unit": "kg"}, "model": "veggex.orderitem", "pk": 52}, {"fields": {"product": 10, "qtyInUnits": 1, "pricePerUnit": 45, "priceType": "as per mandi rates", "order": 23, "unit": "kg"}, "model": "veggex.orderitem", "pk": 53}, {"fields": {"product": 5, "qtyInUnits": 1, "pricePerUnit": 123, "priceType": "custom rates", "order": 24, "unit": "kg"}, "model": "veggex.orderitem", "pk": 54}, {"fields": {"product": 7, "qtyInUnits": 1, "pricePerUnit": 1000, "priceType": "custom rates", "order": 24, "unit": "kg"}, "model": "veggex.orderitem", "pk": 55}, {"fields": {"product": 37, "qtyInUnits": 1, "pricePerUnit": 1000, "priceType": "custom rates", "order": 25, "unit": "kg"}, "model": "veggex.orderitem", "pk": 56}, {"fields": {"product": 35, "qtyInUnits": 1, "pricePerUnit": 123, "priceType": "custom rates", "order": 25, "unit": "kg"}, "model": "veggex.orderitem", "pk": 57}, {"fields": {"product": 37, "qtyInUnits": 6, "pricePerUnit": 1000, "priceType": "custom rates", "order": 26, "unit": "kg"}, "model": "veggex.orderitem", "pk": 58}, {"fields": {"product": 35, "qtyInUnits": 6, "pricePerUnit": 123, "priceType": "custom rates", "order": 26, "unit": "kg"}, "model": "veggex.orderitem", "pk": 59}, {"fields": {"product": 2, "qtyInUnits": 9, "pricePerUnit": 12, "priceType": "custom rates", "order": 27, "unit": "kg"}, "model": "veggex.orderitem", "pk": 60}, {"fields": {"product": 12, "qtyInUnits": 66, "pricePerUnit": 60, "priceType": "as per mandi rates", "order": 28, "unit": "kg"}, "model": "veggex.orderitem", "pk": 61}, {"fields": {"product": 5, "qtyInUnits": 1, "pricePerUnit": 123, "priceType": "custom rates", "order": 30, "unit": "kg"}, "model": "veggex.orderitem", "pk": 62}, {"fields": {"product": 510, "qtyInUnits": 1, "pricePerUnit": 45, "priceType": "as per mandi rates", "order": 31, "unit": "kg"}, "model": "veggex.orderitem", "pk": 63}, {"fields": {"product": 510, "qtyInUnits": 3, "pricePerUnit": 45, "priceType": "as per mandi rates", "order": 32, "unit": "kg"}, "model": "veggex.orderitem", "pk": 64}, {"fields": {"product": 511, "qtyInUnits": 1, "pricePerUnit": 100, "priceType": "as per mandi rates", "order": 32, "unit": "kg"}, "model": "veggex.orderitem", "pk": 65}, {"fields": {"product": 2, "qtyInUnits": 2, "pricePerUnit": 12, "priceType": "custom rates", "order": 33, "unit": "kg"}, "model": "veggex.orderitem", "pk": 66}, {"fields": {"product": 1, "qtyInUnits": 2, "pricePerUnit": 10, "priceType": "as per mandi rates", "order": 33, "unit": "kg"}, "model": "veggex.orderitem", "pk": 67}, {"fields": {"product": 5, "qtyInUnits": 10, "pricePerUnit": 123, "priceType": "custom rates", "order": 34, "unit": "kg"}, "model": "veggex.orderitem", "pk": 68}, {"fields": {"product": 5, "qtyInUnits": 11, "pricePerUnit": 123, "priceType": "custom rates", "order": 35, "unit": "kg"}, "model": "veggex.orderitem", "pk": 69}, {"fields": {"product": 8, "qtyInUnits": 3, "pricePerUnit": 10, "priceType": "custom rates", "order": 36, "unit": "kg"}, "model": "veggex.orderitem", "pk": 70}, {"fields": {"product": 14, "qtyInUnits": 2, "pricePerUnit": 80, "priceType": "as per mandi rates", "order": 37, "unit": "kg"}, "model": "veggex.orderitem", "pk": 71}, {"fields": {"product": 12, "qtyInUnits": 1, "pricePerUnit": 60, "priceType": "as per mandi rates", "order": 37, "unit": "kg"}, "model": "veggex.orderitem", "pk": 72}, {"fields": {"product": 11, "qtyInUnits": 1, "pricePerUnit": 100, "priceType": "as per mandi rates", "order": 37, "unit": "kg"}, "model": "veggex.orderitem", "pk": 73}, {"fields": {"product": 10, "qtyInUnits": 1, "pricePerUnit": 45, "priceType": "as per mandi rates", "order": 37, "unit": "kg"}, "model": "veggex.orderitem", "pk": 74}, {"fields": {"product": 13, "qtyInUnits": 1, "pricePerUnit": 80, "priceType": "as per mandi rates", "order": 38, "unit": "kg"}, "model": "veggex.orderitem", "pk": 75}, {"fields": {"product": 12, "qtyInUnits": 1, "pricePerUnit": 60, "priceType": "as per mandi rates", "order": 38, "unit": "kg"}, "model": "veggex.orderitem", "pk": 76}, {"fields": {"product": 8, "qtyInUnits": 1, "pricePerUnit": 10, "priceType": "custom rates", "order": 39, "unit": "kg"}, "model": "veggex.orderitem", "pk": 77}, {"fields": {"product": 7, "qtyInUnits": 1, "pricePerUnit": 1000, "priceType": "custom rates", "order": 39, "unit": "kg"}, "model": "veggex.orderitem", "pk": 78}, {"fields": {"product": 5, "qtyInUnits": 10, "pricePerUnit": 123, "priceType": "custom rates", "order": 40, "unit": "kg"}, "model": "veggex.orderitem", "pk": 79}, {"fields": {"product": 7, "qtyInUnits": 1, "pricePerUnit": 1000, "priceType": "custom rates", "order": 41, "unit": "kg"}, "model": "veggex.orderitem", "pk": 80}, {"fields": {"product": 13, "qtyInUnits": 1, "pricePerUnit": 80, "priceType": "as per mandi rates", "order": 42, "unit": "kg"}, "model": "veggex.orderitem", "pk": 81}, {"fields": {"product": 7, "qtyInUnits": 1, "pricePerUnit": 1000, "priceType": "custom rates", "order": 43, "unit": "kg"}, "model": "veggex.orderitem", "pk": 82}, {"fields": {"product": 11, "qtyInUnits": 1, "pricePerUnit": 100, "priceType": "as per mandi rates", "order": 44, "unit": "kg"}, "model": "veggex.orderitem", "pk": 83}, {"fields": {"product": 8, "qtyInUnits": 2, "pricePerUnit": 10, "priceType": "custom rates", "order": 45, "unit": "kg"}, "model": "veggex.orderitem", "pk": 84}, {"fields": {"product": 10, "qtyInUnits": 1, "pricePerUnit": 45, "priceType": "as per mandi rates", "order": 46, "unit": "kg"}, "model": "veggex.orderitem", "pk": 85}, {"fields": {"product": 10, "qtyInUnits": 1, "pricePerUnit": 45, "priceType": "as per mandi rates", "order": 47, "unit": "kg"}, "model": "veggex.orderitem", "pk": 86}, {"fields": {"product": 11, "qtyInUnits": 1, "pricePerUnit": 100, "priceType": "as per mandi rates", "order": 47, "unit": "kg"}, "model": "veggex.orderitem", "pk": 87}, {"fields": {"product": 12, "qtyInUnits": 1, "pricePerUnit": 60, "priceType": "as per mandi rates", "order": 47, "unit": "kg"}, "model": "veggex.orderitem", "pk": 88}, {"fields": {"product": 13, "qtyInUnits": 1, "pricePerUnit": 80, "priceType": "as per mandi rates", "order": 47, "unit": "kg"}, "model": "veggex.orderitem", "pk": 89}, {"fields": {"product": 510, "qtyInUnits": 3, "pricePerUnit": 45, "priceType": "as per mandi rates", "order": 48, "unit": "kg"}, "model": "veggex.orderitem", "pk": 90}, {"fields": {"product": 5, "qtyInUnits": 1, "pricePerUnit": 123, "priceType": "custom rates", "order": 49, "unit": "kg"}, "model": "veggex.orderitem", "pk": 91}, {"fields": {"product": 512, "qtyInUnits": 6, "pricePerUnit": 60, "priceType": "as per mandi rates", "order": 50, "unit": "kg"}, "model": "veggex.orderitem", "pk": 92}, {"fields": {"product": 511, "qtyInUnits": 1, "pricePerUnit": 100, "priceType": "as per mandi rates", "order": 50, "unit": "kg"}, "model": "veggex.orderitem", "pk": 93}, {"fields": {"product": 510, "qtyInUnits": 1, "pricePerUnit": 45, "priceType": "as per mandi rates", "order": 50, "unit": "kg"}, "model": "veggex.orderitem", "pk": 94}, {"fields": {"product": 55, "qtyInUnits": 1, "pricePerUnit": 123, "priceType": "custom rates", "order": 50, "unit": "kg"}, "model": "veggex.orderitem", "pk": 95}, {"fields": {"product": 59, "qtyInUnits": 1, "pricePerUnit": 100, "priceType": "custom rates", "order": 50, "unit": "kg"}, "model": "veggex.orderitem", "pk": 96}, {"fields": {"product": 9, "qtyInUnits": 25, "pricePerUnit": 100, "priceType": "custom rates", "order": 51, "unit": "kg"}, "model": "veggex.orderitem", "pk": 97}, {"fields": {"product": 10, "qtyInUnits": 1, "pricePerUnit": 45, "priceType": "as per mandi rates", "order": 51, "unit": "kg"}, "model": "veggex.orderitem", "pk": 98}, {"fields": {"product": 2, "qtyInUnits": 1, "pricePerUnit": 12, "priceType": "custom rates", "order": 52, "unit": "kg"}, "model": "veggex.orderitem", "pk": 99}, {"fields": {"product": 2, "qtyInUnits": 1, "pricePerUnit": 12, "priceType": "custom rates", "order": 53, "unit": "kg"}, "model": "veggex.orderitem", "pk": 100}, {"fields": {"product": 1, "qtyInUnits": 1, "pricePerUnit": 10, "priceType": "as per mandi rates", "order": 54, "unit": "kg"}, "model": "veggex.orderitem", "pk": 101}, {"fields": {"product": 55, "qtyInUnits": 1, "pricePerUnit": 123, "priceType": "custom rates", "order": 55, "unit": "kg"}, "model": "veggex.orderitem", "pk": 102}, {"fields": {"product": 59, "qtyInUnits": 1, "pricePerUnit": 100, "priceType": "custom rates", "order": 56, "unit": "kg"}, "model": "veggex.orderitem", "pk": 103}, {"fields": {"product": 511, "qtyInUnits": 1, "pricePerUnit": 100, "priceType": "as per mandi rates", "order": 56, "unit": "kg"}, "model": "veggex.orderitem", "pk": 104}, {"fields": {"product": 510, "qtyInUnits": 1, "pricePerUnit": 45, "priceType": "as per mandi rates", "order": 57, "unit": "kg"}, "model": "veggex.orderitem", "pk": 105}, {"fields": {"product": 1016, "qtyInUnits": 1, "pricePerUnit": 200, "priceType": "as per mandi rates", "order": 59, "unit": "kg"}, "model": "veggex.orderitem", "pk": 107}, {"fields": {"product": 1035, "qtyInUnits": 1, "pricePerUnit": 123, "priceType": "custom rates", "order": 60, "unit": "kg"}, "model": "veggex.orderitem", "pk": 108}, {"fields": {"product": 1038, "qtyInUnits": 1, "pricePerUnit": 10, "priceType": "custom rates", "order": 60, "unit": "kg"}, "model": "veggex.orderitem", "pk": 109}, {"fields": {"product": 2210719, "qtyInUnits": 11, "pricePerUnit": 233, "priceType": "custom rates", "order": 61, "unit": "kg"}, "model": "veggex.orderitem", "pk": 110}, {"fields": {"product": 2210718, "qtyInUnits": 1, "pricePerUnit": 23, "priceType": "as per mandi rates", "order": 61, "unit": "kg"}, "model": "veggex.orderitem", "pk": 111}, {"fields": {"product": 1038, "qtyInUnits": 2, "pricePerUnit": 10, "priceType": "custom rates", "order": 62, "unit": "kg"}, "model": "veggex.orderitem", "pk": 112}, {"fields": {"product": 108, "qtyInUnits": 1, "pricePerUnit": 20, "priceType": "custom rates", "order": 63, "unit": "kg"}, "model": "veggex.orderitem", "pk": 113}, {"fields": {"product": 108, "qtyInUnits": 1, "pricePerUnit": 10, "priceType": "custom rates", "order": 63, "unit": "kg"}, "model": "veggex.orderitem", "pk": 114}, {"fields": {"remainingstock": 0.0, "product": 5, "timeOfCreate": "2015-10-20", "user": 1}, "model": "veggex.currentstock", "pk": 23}, {"fields": {"remainingstock": 0.0, "product": 512, "timeOfCreate": "2015-10-20", "user": 1}, "model": "veggex.currentstock", "pk": 24}, {"fields": {"remainingstock": 1.0, "product": 511, "timeOfCreate": "2015-10-20", "user": 1}, "model": "veggex.currentstock", "pk": 25}, {"fields": {"remainingstock": 1.0, "product": 510, "timeOfCreate": "2015-10-20", "user": 1}, "model": "veggex.currentstock", "pk": 26}, {"fields": {"remainingstock": 1.0, "product": 55, "timeOfCreate": "2015-10-20", "user": 1}, "model": "veggex.currentstock", "pk": 27}, {"fields": {"remainingstock": 1.0, "product": 59, "timeOfCreate": "2015-10-20", "user": 1}, "model": "veggex.currentstock", "pk": 28}, {"fields": {"remainingstock": 25.0, "product": 9, "timeOfCreate": "2015-10-20", "user": 6}, "model": "veggex.currentstock", "pk": 29}, {"fields": {"remainingstock": 1.0, "product": 10, "timeOfCreate": "2015-10-20", "user": 6}, "model": "veggex.currentstock", "pk": 30}, {"fields": {"remainingstock": 2.0, "product": 2, "timeOfCreate": "2015-10-20", "user": 1}, "model": "veggex.currentstock", "pk": 31}, {"fields": {"remainingstock": 1.0, "product": 1, "timeOfCreate": "2015-10-23", "user": 1}, "model": "veggex.currentstock", "pk": 32}, {"fields": {"remainingstock": 1.0, "product": 1016, "timeOfCreate": "2015-10-23", "user": 1}, "model": "veggex.currentstock", "pk": 34}, {"fields": {"remainingstock": 1.0, "product": 1035, "timeOfCreate": "2015-10-27", "user": 1}, "model": "veggex.currentstock", "pk": 35}, {"fields": {"remainingstock": 1.0, "product": 1038, "timeOfCreate": "2015-10-27", "user": 1}, "model": "veggex.currentstock", "pk": 36}, {"fields": {"remainingstock": 11.0, "product": 2210719, "timeOfCreate": "2015-10-27", "user": 5}, "model": "veggex.currentstock", "pk": 37}, {"fields": {"remainingstock": 1.0, "product": 2210718, "timeOfCreate": "2015-10-27", "user": 5}, "model": "veggex.currentstock", "pk": 38}, {"fields": {"remainingstock": 2.0, "product": 1038, "timeOfCreate": "2015-10-27", "user": 5}, "model": "veggex.currentstock", "pk": 39}, {"fields": {"remainingstock": 2.0, "product": 108, "timeOfCreate": "2015-10-27", "user": 5}, "model": "veggex.currentstock", "pk": 40}, {"fields": {"comment": "", "timeOfCreate": "2015-10-14", "user": 1, "consumption": 1.0, "stock": 24}, "model": "veggex.stockconsumption", "pk": 1}, {"fields": {"comment": "", "timeOfCreate": "2015-10-18", "user": 1, "consumption": 0.1, "stock": 25}, "model": "veggex.stockconsumption", "pk": 2}, {"fields": {"comment": null, "timeOfCreate": "2015-10-20", "user": 1, "consumption": 0.3, "stock": 25}, "model": "veggex.stockconsumption", "pk": 3}, {"fields": {"comment": "", "timeOfCreate": "2015-10-13", "user": 1, "consumption": 0.1, "stock": 25}, "model": "veggex.stockconsumption", "pk": 4}, {"fields": {"comment": null, "timeOfCreate": "2015-10-20", "user": 1, "consumption": 0.2, "stock": 25}, "model": "veggex.stockconsumption", "pk": 5}, {"fields": {"comment": "", "timeOfCreate": "2015-10-16", "user": 1, "consumption": 0.0, "stock": 25}, "model": "veggex.stockconsumption", "pk": 6}, {"fields": {"comment": null, "timeOfCreate": "2015-10-20", "user": 1, "consumption": 0.0, "stock": 23}, "model": "veggex.stockconsumption", "pk": 7}, {"fields": {"comment": null, "timeOfCreate": "2015-10-20", "user": 1, "consumption": 0.1, "stock": 27}, "model": "veggex.stockconsumption", "pk": 8}, {"fields": {"comment": null, "wastage": 1.0, "timeOfCreate": "2015-10-20", "user": 1, "stock": 23}, "model": "veggex.stockwastage", "pk": 10}, {"fields": {"comment": null, "wastage": 0.0, "timeOfCreate": "2015-10-20", "user": 1, "stock": 23}, "model": "veggex.stockwastage", "pk": 11}, {"fields": {"comment": null, "wastage": 5.0, "timeOfCreate": "2015-10-20", "user": 1, "stock": 24}, "model": "veggex.stockwastage", "pk": 12}, {"fields": {"comment": null, "wastage": 1.0, "timeOfCreate": "2015-10-20", "user": 1, "stock": 28}, "model": "veggex.stockwastage", "pk": 13}, {"fields": {"comment": null, "wastage": 0.9, "timeOfCreate": "2015-10-20", "user": 1, "stock": 27}, "model": "veggex.stockwastage", "pk": 14}, {"fields": {"comment": null, "wastage": 1.0, "timeOfCreate": "2015-10-20", "user": 1, "stock": 26}, "model": "veggex.stockwastage", "pk": 15}, {"fields": {"comment": null, "wastage": 0.0, "timeOfCreate": "2015-10-23", "user": 1, "stock": 23}, "model": "veggex.stockwastage", "pk": 16}]