[{"fields": {"body": "Test Notification from mive", "timeOfCreate": null, "seen": 1, "link": "#", "title": "New Notification"}, "model": "veggex.sellernotification", "pk": 4}, {"fields": {"body": "Congratulations you have recieved a new order orderId57", "timeOfCreate": null, "seen": 0, "link": "seller/orderDetail?orderId=57", "title": "Order recieved"}, "model": "veggex.sellernotification", "pk": 5}, {"fields": {"body": "Congratulations you have recieved a new order orderId58", "timeOfCreate": null, "seen": 0, "link": "seller/orderDetail?orderId=58", "title": "Order recieved"}, "model": "veggex.sellernotification", "pk": 6}, {"fields": {"body": "Congratulations you have recieved a new order orderId59", "timeOfCreate": null, "seen": 1, "link": "seller/orderDetail?orderId=59", "title": "Order recieved"}, "model": "veggex.sellernotification", "pk": 7}, {"fields": {"body": "Test notification from mive", "timeOfCreate": null, "seen": 0, "link": "#", "title": "New Notification"}, "model": "veggex.notification", "pk": 1}, {"fields": {"body": "Your order has been placed succesfully with orderId:53", "timeOfCreate": null, "seen": 1, "link": "#", "title": "Order Placed"}, "model": "veggex.notification", "pk": 2}, {"fields": {"body": "Your order has been placed succesfully with orderId:54", "timeOfCreate": null, "seen": 1, "link": "#", "title": "Order Placed"}, "model": "veggex.notification", "pk": 3}, {"fields": {"body": "Your order has been placed succesfully with orderId:55", "timeOfCreate": null, "seen": 1, "link": "#", "title": "Order Placed"}, "model": "veggex.notification", "pk": 4}, {"fields": {"body": "Your order has been placed succesfully with orderId:56", "timeOfCreate": null, "seen": 1, "link": "orderDetail?orderId=56", "title": "Order Placed"}, "model": "veggex.notification", "pk": 5}, {"fields": {"body": "Your order has been placed succesfully with orderId:57", "timeOfCreate": null, "seen": 0, "link": "orderDetail?orderId=57", "title": "Order Placed"}, "model": "veggex.notification", "pk": 6}, {"fields": {"body": "Your order has been placed succesfully with orderId:58", "timeOfCreate": null, "seen": 0, "link": "orderDetail?orderId=58", "title": "Order Placed"}, "model": "veggex.notification", "pk": 7}, {"fields": {"body": "Your order has been placed succesfully with orderId:59", "timeOfCreate": null, "seen": 0, "link": "orderDetail?orderId=59", "title": "Order Placed"}, "model": "veggex.notification", "pk": 8}, {"fields": {"body": "Your order has been recieved succesfully with orderId:60", "timeOfCreate": null, "seen": 1, "link": "orderDetail?orderId=60", "title": "Order Recieved"}, "model": "veggex.notification", "pk": 9}, {"fields": {"body": "Your order has been recieved succesfully with orderId:61", "timeOfCreate": null, "seen": 1, "link": "orderDetail?orderId=61", "title": "Order Recieved"}, "model": "veggex.notification", "pk": 10}, {"fields": {"body": "Your order has been recieved succesfully with orderId:62", "timeOfCreate": null, "seen": 0, "link": "orderDetail?orderId=62", "title": "Order Recieved"}, "model": "veggex.notification", "pk": 11}, {"fields": {"body": "Your order has been recieved succesfully with orderId:63", "timeOfCreate": null, "seen": 1, "link": "orderDetail?orderId=63", "title": "Order Recieved"}, "model": "veggex.notification", "pk": 12}, {"fields": {"body": "Your order has been recieved succesfully with orderId:64", "timeOfCreate": null, "seen": 0, "link": "orderDetail?orderId=64", "title": "Order Recieved"}, "model": "veggex.notification", "pk": 13}, {"fields": {"body": "Your order has been recieved succesfully with orderId:65", "timeOfCreate": null, "seen": 0, "link": "orderDetail?orderId=65", "title": "Order Recieved"}, "model": "veggex.notification", "pk": 14}, {"fields": {"body": "Your order has been recieved succesfully with orderId:66", "timeOfCreate": null, "seen": 0, "link": "orderDetail?orderId=66", "title": "Order Recieved"}, "model": "veggex.notification", "pk": 15}, {"fields": {"body": "Your order has been recieved succesfully with orderId:67", "timeOfCreate": null, "seen": 0, "link": "orderDetail?orderId=67", "title": "Order Recieved"}, "model": "veggex.notification", "pk": 16}, {"fields": {"body": "Your order has been recieved succesfully with orderId:68", "timeOfCreate": null, "seen": 0, "link": "orderDetail?orderId=68", "title": "Order Recieved"}, "model": "veggex.notification", "pk": 17}, {"fields": {"body": "Your order has been recieved succesfully with orderId:69", "timeOfCreate": null, "seen": 0, "link": "orderDetail?orderId=69", "title": "Order Recieved"}, "model": "veggex.notification", "pk": 18}, {"fields": {"body": "Your order has been recieved succesfully with orderId:70", "timeOfCreate": null, "seen": 0, "link": "orderDetail?orderId=70", "title": "Order Recieved"}, "model": "veggex.notification", "pk": 19}, {"fields": {"body": "Your order has been recieved succesfully with orderId:71", "timeOfCreate": null, "seen": 0, "link": "orderDetail?orderId=71", "title": "Order Recieved"}, "model": "veggex.notification", "pk": 20}, {"fields": {"body": "Your order has been recieved succesfully with orderId:83", "timeOfCreate": null, "seen": 0, "link": "orderDetail?orderId=83", "title": "Order Recieved"}, "model": "veggex.notification", "pk": 21}, {"fields": {"body": "Your order has been recieved succesfully with orderId:99", "timeOfCreate": null, "seen": 0, "link": "orderDetail?orderId=99", "title": "Order Recieved"}, "model": "veggex.notification", "pk": 22}, {"fields": {"body": "Your order has been recieved succesfully with orderId:100", "timeOfCreate": null, "seen": 0, "link": "orderDetail?orderId=100", "title": "Order Recieved"}, "model": "veggex.notification", "pk": 23}, {"fields": {"body": "Your order has been recieved succesfully with orderId:101", "timeOfCreate": null, "seen": 0, "link": "orderDetail?orderId=101", "title": "Order Recieved"}, "model": "veggex.notification", "pk": 24}, {"fields": {"body": "Your order has been recieved succesfully with orderId:102", "timeOfCreate": null, "seen": 0, "link": "orderDetail?orderId=102", "title": "Order Recieved"}, "model": "veggex.notification", "pk": 25}, {"fields": {"body": "Your order has been recieved succesfully with orderId:103", "timeOfCreate": null, "seen": 0, "link": "orderDetail?orderId=103", "title": "Order Recieved"}, "model": "veggex.notification", "pk": 26}, {"fields": {"body": "Your order has been recieved succesfully with orderId:104", "timeOfCreate": null, "seen": 0, "link": "orderDetail?orderId=104", "title": "Order Recieved"}, "model": "veggex.notification", "pk": 27}, {"fields": {"body": "Your order has been recieved succesfully with orderId:105", "timeOfCreate": null, "seen": 0, "link": "orderDetail?orderId=105", "title": "Order Recieved"}, "model": "veggex.notification", "pk": 28}, {"fields": {"body": "Your order has been recieved succesfully with orderId:106", "timeOfCreate": null, "seen": 0, "link": "orderDetail?orderId=106", "title": "Order Recieved"}, "model": "veggex.notification", "pk": 29}, {"fields": {"body": "Your order has been recieved succesfully with orderId:107", "timeOfCreate": null, "seen": 0, "link": "orderDetail?orderId=107", "title": "Order Recieved"}, "model": "veggex.notification", "pk": 30}, {"fields": {"body": "Your order has been recieved succesfully with orderId:108", "timeOfCreate": null, "seen": 0, "link": "orderDetail?orderId=108", "title": "Order Recieved"}, "model": "veggex.notification", "pk": 31}, {"fields": {"body": "Your order has been recieved succesfully with orderId:109", "timeOfCreate": null, "seen": 0, "link": "orderDetail?orderId=109", "title": "Order Recieved"}, "model": "veggex.notification", "pk": 32}, {"fields": {"body": "Your order has been recieved succesfully with orderId:110", "timeOfCreate": null, "seen": 0, "link": "orderDetail?orderId=110", "title": "Order Recieved"}, "model": "veggex.notification", "pk": 33}, {"fields": {"body": "Your order has been recieved succesfully with orderId:111", "timeOfCreate": null, "seen": 0, "link": "orderDetail?orderId=111", "title": "Order Recieved"}, "model": "veggex.notification", "pk": 34}, {"fields": {"body": "Your order has been recieved succesfully with orderId:112", "timeOfCreate": null, "seen": 0, "link": "orderDetail?orderId=112", "title": "Order Recieved"}, "model": "veggex.notification", "pk": 35}, {"fields": {"body": "Your order has been recieved succesfully with orderId:113", "timeOfCreate": null, "seen": 0, "link": "orderDetail?orderId=113", "title": "Order Recieved"}, "model": "veggex.notification", "pk": 36}, {"fields": {"body": "Your order has been recieved succesfully with orderId:114", "timeOfCreate": null, "seen": 0, "link": "orderDetail?orderId=114", "title": "Order Recieved"}, "model": "veggex.notification", "pk": 37}, {"fields": {"body": "Your order has been recieved succesfully with orderId:115", "timeOfCreate": null, "seen": 0, "link": "orderDetail?orderId=115", "title": "Order Recieved"}, "model": "veggex.notification", "pk": 38}, {"fields": {"body": "Your order has been recieved succesfully with orderId:116", "timeOfCreate": null, "seen": 0, "link": "orderDetail?orderId=116", "title": "Order Recieved"}, "model": "veggex.notification", "pk": 39}, {"fields": {"body": "Your order has been recieved succesfully with orderId:117", "timeOfCreate": null, "seen": 0, "link": "orderDetail?orderId=117", "title": "Order Recieved"}, "model": "veggex.notification", "pk": 40}, {"fields": {"body": "Your order has been recieved succesfully with orderId:118", "timeOfCreate": null, "seen": 0, "link": "orderDetail?orderId=118", "title": "Order Recieved"}, "model": "veggex.notification", "pk": 41}, {"fields": {"city": "delhi", "state": "delhi", "pincode": 110016, "area": "delhi"}, "model": "veggex.address", "pk": 1}, {"fields": {"city": "New Delhi", "state": "Delhi", "pincode": 110016, "area": "Hauz Khas"}, "model": "veggex.address", "pk": 2}, {"fields": {"city": "Delhi", "state": "DL", "pincode": 110016, "area": "delhi"}, "model": "veggex.address", "pk": 3}, {"fields": {"city": "Delhi", "state": "DL", "pincode": 110016, "area": "delhi"}, "model": "veggex.address", "pk": 4}, {"fields": {"nameOfMandi": "azadpur", "Photo": "", "description": "dadasdd", "address": 1}, "model": "veggex.mandi", "pk": 1}, {"fields": {"description": "these kind of vegetables are being used for fuck", "name": "Chicken", "coverphoto": ""}, "model": "veggex.category", "pk": 1}, {"fields": {"description": "Django administration Welcome, admin. View site / Change password / Log out Home \u203a Veggex \u203a Products \u203a rakesh Change product History  Name: Description: Category:  Change  Add PopularityIndex: Unit: PriceType: PricePerUnit: Coverphoto: Currently: ./Rees52-Raspberry-Pi-2-Model-SDL605139026-1-07246_r4", "name": "Mutton", "coverphoto": ""}, "model": "veggex.category", "pk": 2}, {"fields": {"description": "Django administration Welcome, admin. View site / Change password / Log out Home \u203a Veggex \u203a Products \u203a rakesh Change product History  Name: Description: Category:  Change  Add PopularityIndex: Unit: PriceType: PricePerUnit: Coverphoto: Currently: ./Rees52-Raspberry-Pi-2-Model-SDL605139026-1-07246_r4", "name": "Mutton", "coverphoto": ""}, "model": "veggex.category", "pk": 3}, {"fields": {"description": "Django administration Welcome, admin. View site / Change password / Log out Home \u203a Veggex \u203a Products \u203a rakesh Change product History  Name: Description: Category:  Change  Add PopularityIndex: Unit: PriceType: PricePerUnit: Coverphoto: Currently: ./Rees52-Raspberry-Pi-2-Model-SDL605139026-1-07246_r4", "name": "Fruits", "coverphoto": ""}, "model": "veggex.category", "pk": 4}, {"fields": {"description": "these kind of vegetables are being used for fuck", "name": "Spices", "coverphoto": ""}, "model": "veggex.category", "pk": 5}, {"fields": {"status": 1, "rating": 0, "mobileNo": 8377950711, "profilePhoto": "./web.png", "nameOfSeller": "Mive", "notifications": [7, 4], "address": 1, "mailId": "ra@gmail.com", "password": "pbkdf2_sha256$20000$xcPbF0CMVCyw$eZECZo2qDkuIVr8+UxTiIosfDPdHx6mMQNhUbp3AAjM=", "categories": ""}, "model": "veggex.seller", "pk": 1}, {"fields": {"status": 1, "rating": 0, "mobileNo": 14, "profilePhoto": "", "nameOfSeller": "aonwhe", "notifications": [], "address": 1, "mailId": "rak.dev007@gmail.com", "password": "pbkdf2_sha256$20000$xcPbF0CMVCyw$eZECZo2qDkuIVr8+UxTiIosfDPdHx6mMQNhUbp3AAjM=", "categories": null}, "model": "veggex.seller", "pk": 2}, {"fields": {"status": 1, "rating": 0, "mobileNo": 12378, "profilePhoto": "", "nameOfSeller": "Grofers", "notifications": [], "address": 1, "mailId": "grof@gmail.com", "password": "pbkdf2_sha256$20000$xcPbF0CMVCyw$eZECZo2qDkuIVr8+UxTiIosfDPdHx6mMQNhUbp3AAjM=", "categories": ""}, "model": "veggex.seller", "pk": 3}, {"fields": {"status": 1, "rating": 0, "mobileNo": 12349, "profilePhoto": "./website17_sI0Nfj3.png", "nameOfSeller": "Bigba", "notifications": [], "address": 1, "mailId": "rak.dev007@gmail.com", "password": "pbkdf2_sha256$20000$xcPbF0CMVCyw$eZECZo2qDkuIVr8+UxTiIosfDPdHx6mMQNhUbp3AAjM=", "categories": "fyt,ret,tyu"}, "model": "veggex.seller", "pk": 4}, {"fields": {"status": 1, "rating": 0, "mobileNo": 77777783, "profilePhoto": "./Vegetable_2.png", "nameOfSeller": "zopnow", "notifications": [5], "address": 1, "mailId": "rak.dev007@gmail.com", "password": "pbkdf2_sha256$20000$xcPbF0CMVCyw$eZECZo2qDkuIVr8+UxTiIosfDPdHx6mMQNhUbp3AAjM=", "categories": "fyt,ret,tyu"}, "model": "veggex.seller", "pk": 5}, {"fields": {"status": 1, "rating": 0, "mobileNo": 9289010339, "profilePhoto": "./Vegetable_1.png", "nameOfSeller": "Prtap", "notifications": [], "address": 1, "mailId": "pcy.iitd@gmail.com", "password": "pbkdf2_sha256$20000$xcPbF0CMVCyw$eZECZo2qDkuIVr8+UxTiIosfDPdHx6mMQNhUbp3AAjM=", "categories": "chicken,paranthe"}, "model": "veggex.seller", "pk": 6}, {"fields": {"status": 1, "rating": 0, "mobileNo": 91289010345, "profilePhoto": "./Vegetable_1.png", "nameOfSeller": "petap", "notifications": [], "address": 1, "mailId": "pcy.iitd1@gmail.com", "password": "pbkdf2_sha256$20000$xcPbF0CMVCyw$eZECZo2qDkuIVr8+UxTiIosfDPdHx6mMQNhUbp3AAjM=", "categories": "chicken,paranthe"}, "model": "veggex.seller", "pk": 16}, {"fields": {"status": 0, "rating": 0, "mobileNo": 121212, "profilePhoto": "", "nameOfSeller": "Bibyan", "notifications": [], "address": 3, "mailId": "ry197089@gmail.com", "password": "pbkdf2_sha256$20000$xcPbF0CMVCyw$eZECZo2qDkuIVr8+UxTiIosfDPdHx6mMQNhUbp3AAjM=", "categories": "xuz"}, "model": "veggex.seller", "pk": 35}, {"fields": {"status": 1, "rating": 0, "mobileNo": 1111, "profilePhoto": "", "nameOfSeller": "Ghisu", "notifications": [], "address": 4, "mailId": "ry197089@gmail.com", "password": "pbkdf2_sha256$20000$xcPbF0CMVCyw$eZECZo2qDkuIVr8+UxTiIosfDPdHx6mMQNhUbp3AAjM=", "categories": "dummy names"}, "model": "veggex.seller", "pk": 36}, {"fields": {"category": 4, "origin": "chomu", "qualityRemarks": "yoo", "name": "rakesh", "grade": "Grade-A", "pricePerUnit": 10, "isPerishable": true, "related_products": [2, 102], "seller": 2, "status": 1, "unit": "kg", "maxAvailableUnits": 1000, "popularityIndex": 4, "coverphoto": "./Whatsapp.png", "priceType": "as per mandi rates", "description": "fff"}, "model": "veggex.product", "pk": 1}, {"fields": {"category": 4, "origin": "delhi", "qualityRemarks": "ff", "name": "kellaff", "grade": "Grade-B", "pricePerUnit": 12, "isPerishable": false, "related_products": [1, 101], "seller": 2, "status": 1, "unit": "kg", "maxAvailableUnits": 12, "popularityIndex": null, "coverphoto": "./website17.png", "priceType": "custom rates", "description": ""}, "model": "veggex.product", "pk": 2}, {"fields": {"category": 1, "origin": "delhi", "qualityRemarks": "dsd", "name": "1Apple", "grade": "", "pricePerUnit": 123, "isPerishable": false, "related_products": [], "seller": 4, "status": 1, "unit": "kg", "maxAvailableUnits": 12, "popularityIndex": null, "coverphoto": "./e.jpg", "priceType": "custom rates", "description": "cfsc"}, "model": "veggex.product", "pk": 5}, {"fields": {"category": 2, "origin": "Delhi", "qualityRemarks": "ff", "name": "1a", "grade": "", "pricePerUnit": 1000, "isPerishable": false, "related_products": [], "seller": 4, "status": 1, "unit": "kg", "maxAvailableUnits": 1212, "popularityIndex": null, "coverphoto": "./image-2-compressed.jpg", "priceType": "custom rates", "description": "ddd"}, "model": "veggex.product", "pk": 7}, {"fields": {"category": 1, "origin": "ggg", "qualityRemarks": "dddd", "name": "1Green Apple", "grade": "", "pricePerUnit": 10, "isPerishable": false, "related_products": [], "seller": 4, "status": 1, "unit": "kg", "maxAvailableUnits": 1000, "popularityIndex": null, "coverphoto": "./image-4-compressed.jpg", "priceType": "custom rates", "description": "gdfg"}, "model": "veggex.product", "pk": 8}, {"fields": {"category": 2, "origin": "agra", "qualityRemarks": "superb quality , ideal for shakes ", "name": "1Cherry ", "grade": "", "pricePerUnit": 100, "isPerishable": false, "related_products": [], "seller": 1, "status": 1, "unit": "kg", "maxAvailableUnits": 12, "popularityIndex": 4, "coverphoto": "./cherry_PNG611.jpg", "priceType": "custom rates", "description": "red cherry "}, "model": "veggex.product", "pk": 9}, {"fields": {"category": 2, "origin": "agra ", "qualityRemarks": "amazing quality ", "name": "1Oranges", "grade": "", "pricePerUnit": 45, "isPerishable": false, "related_products": [], "seller": 1, "status": 1, "unit": "kg", "maxAvailableUnits": 100, "popularityIndex": 9, "coverphoto": "./ORANGES.jpg", "priceType": "as per mandi rates", "description": "Juicy sweet orange "}, "model": "veggex.product", "pk": 10}, {"fields": {"category": 1, "origin": "agra ", "qualityRemarks": "superp quality and perishable ", "name": "1Lemons ", "grade": "", "pricePerUnit": 100, "isPerishable": true, "related_products": [], "seller": 1, "status": 1, "unit": "kg", "maxAvailableUnits": 452, "popularityIndex": 5, "coverphoto": "./lemons.jpg", "priceType": "as per mandi rates", "description": "juicy lemon "}, "model": "veggex.product", "pk": 11}, {"fields": {"category": 1, "origin": "Agra ", "qualityRemarks": "superb quality ", "name": "1CauliFlower ", "grade": "", "pricePerUnit": 60, "isPerishable": false, "related_products": [], "seller": 1, "status": 1, "unit": "kg", "maxAvailableUnits": 20, "popularityIndex": 5, "coverphoto": "./cauliflower.jpg", "priceType": "as per mandi rates", "description": "White Cauliflower "}, "model": "veggex.product", "pk": 12}, {"fields": {"category": 2, "origin": "china ", "qualityRemarks": "juicy litchi ", "name": "1Litchi ", "grade": "", "pricePerUnit": 80, "isPerishable": false, "related_products": [], "seller": 1, "status": 1, "unit": "kg", "maxAvailableUnits": 4, "popularityIndex": 6, "coverphoto": "./LICHI.jpg", "priceType": "as per mandi rates", "description": "Juicy lichi "}, "model": "veggex.product", "pk": 13}, {"fields": {"category": 2, "origin": "india", "qualityRemarks": "amazing sweet grapes ", "name": "1Black Grapes ", "grade": "", "pricePerUnit": 80, "isPerishable": false, "related_products": [], "seller": 1, "status": 1, "unit": "kg", "maxAvailableUnits": 120, "popularityIndex": 9, "coverphoto": "./black_grapes.jpg", "priceType": "as per mandi rates", "description": "Sweet grapes "}, "model": "veggex.product", "pk": 14}, {"fields": {"category": 2, "origin": "nagpur ", "qualityRemarks": "sweet guavas with less seeds ", "name": "1Guava ", "grade": "", "pricePerUnit": 30, "isPerishable": false, "related_products": [], "seller": 1, "status": 1, "unit": "kg", "maxAvailableUnits": 50, "popularityIndex": 4, "coverphoto": "./guava1.jpg", "priceType": "as per mandi rates", "description": "sweet guava "}, "model": "veggex.product", "pk": 15}, {"fields": {"category": 2, "origin": "newzealand", "qualityRemarks": "superb quality ", "name": "1Kiwi Fruit ", "grade": "", "pricePerUnit": 200, "isPerishable": false, "related_products": [], "seller": 1, "status": 1, "unit": "kg", "maxAvailableUnits": 10, "popularityIndex": 7, "coverphoto": "./FreshKiwiFruitPhoto5.jpg", "priceType": "as per mandi rates", "description": "Newzealand imported Kiwi fruit "}, "model": "veggex.product", "pk": 16}, {"fields": {"category": 1, "origin": "delhi", "qualityRemarks": "dsd", "name": "grof1Apple", "grade": "", "pricePerUnit": 123, "isPerishable": false, "related_products": [], "seller": 3, "status": 1, "unit": "kg", "maxAvailableUnits": 12, "popularityIndex": null, "coverphoto": "./e.jpg", "priceType": "custom rates", "description": "cfsc"}, "model": "veggex.product", "pk": 35}, {"fields": {"category": 2, "origin": "Delhi", "qualityRemarks": "ff", "name": "grof1a", "grade": "", "pricePerUnit": 1000, "isPerishable": false, "related_products": [], "seller": 3, "status": 1, "unit": "kg", "maxAvailableUnits": 1212, "popularityIndex": null, "coverphoto": "./image-2-compressed.jpg", "priceType": "custom rates", "description": "ddd"}, "model": "veggex.product", "pk": 37}, {"fields": {"category": 1, "origin": "ggg", "qualityRemarks": "dddd", "name": "grof1Green Apple", "grade": "", "pricePerUnit": 10, "isPerishable": false, "related_products": [], "seller": 3, "status": 1, "unit": "kg", "maxAvailableUnits": 1000, "popularityIndex": null, "coverphoto": "./image-4-compressed.jpg", "priceType": "custom rates", "description": "gdfg"}, "model": "veggex.product", "pk": 38}, {"fields": {"category": 1, "origin": "delhi", "qualityRemarks": "dsd", "name": "zoApple", "grade": "", "pricePerUnit": 123, "isPerishable": false, "related_products": [], "seller": 5, "status": 1, "unit": "kg", "maxAvailableUnits": 12, "popularityIndex": null, "coverphoto": "./e.jpg", "priceType": "custom rates", "description": "cfsc"}, "model": "veggex.product", "pk": 55}, {"fields": {"category": 2, "origin": "Delhi", "qualityRemarks": "ff", "name": "zoa", "grade": "", "pricePerUnit": 1000, "isPerishable": false, "related_products": [], "seller": 5, "status": 1, "unit": "kg", "maxAvailableUnits": 1212, "popularityIndex": null, "coverphoto": "./image-2-compressed.jpg", "priceType": "custom rates", "description": "ddd"}, "model": "veggex.product", "pk": 57}, {"fields": {"category": 1, "origin": "ggg", "qualityRemarks": "dddd", "name": "zoGreen Apple", "grade": "", "pricePerUnit": 10, "isPerishable": false, "related_products": [], "seller": 5, "status": 1, "unit": "kg", "maxAvailableUnits": 1000, "popularityIndex": null, "coverphoto": "./image-4-compressed.jpg", "priceType": "custom rates", "description": "gdfg"}, "model": "veggex.product", "pk": 58}, {"fields": {"category": 2, "origin": "agra", "qualityRemarks": "superb quality , ideal for shakes ", "name": "zoCherry ", "grade": "", "pricePerUnit": 100, "isPerishable": false, "related_products": [], "seller": 5, "status": 1, "unit": "kg", "maxAvailableUnits": 12, "popularityIndex": 4, "coverphoto": "./cherry_PNG611.jpg", "priceType": "custom rates", "description": "red cherry "}, "model": "veggex.product", "pk": 59}, {"fields": {"category": 1, "origin": "delhi", "qualityRemarks": "dsd", "name": "ptApple", "grade": "", "pricePerUnit": 123, "isPerishable": false, "related_products": [], "seller": 6, "status": 1, "unit": "kg", "maxAvailableUnits": 12, "popularityIndex": null, "coverphoto": "./e.jpg", "priceType": "custom rates", "description": "cfsc"}, "model": "veggex.product", "pk": 75}, {"fields": {"category": 2, "origin": "Delhi", "qualityRemarks": "ff", "name": "pta", "grade": "", "pricePerUnit": 1000, "isPerishable": false, "related_products": [], "seller": 6, "status": 1, "unit": "kg", "maxAvailableUnits": 1212, "popularityIndex": null, "coverphoto": "./image-2-compressed.jpg", "priceType": "custom rates", "description": "ddd"}, "model": "veggex.product", "pk": 77}, {"fields": {"category": 1, "origin": "ggg", "qualityRemarks": "dddd", "name": "ptGreen Apple", "grade": "", "pricePerUnit": 10, "isPerishable": false, "related_products": [], "seller": 6, "status": 1, "unit": "kg", "maxAvailableUnits": 1000, "popularityIndex": null, "coverphoto": "./image-4-compressed.jpg", "priceType": "custom rates", "description": "gdfg"}, "model": "veggex.product", "pk": 78}, {"fields": {"category": 2, "origin": "agra", "qualityRemarks": "superb quality , ideal for shakes ", "name": "ptCherry ", "grade": "", "pricePerUnit": 100, "isPerishable": false, "related_products": [], "seller": 6, "status": 1, "unit": "kg", "maxAvailableUnits": 12, "popularityIndex": 4, "coverphoto": "./cherry_PNG611.jpg", "priceType": "custom rates", "description": "red cherry "}, "model": "veggex.product", "pk": 79}, {"fields": {"category": 4, "origin": "chomu", "qualityRemarks": "yoo", "name": "2rakesh", "grade": "Grade-A", "pricePerUnit": 10, "isPerishable": true, "related_products": [2], "seller": 2, "status": 1, "unit": "kg", "maxAvailableUnits": 1000, "popularityIndex": 4, "coverphoto": "./No_image_available.png", "priceType": "as per mandi rates", "description": "fff"}, "model": "veggex.product", "pk": 101}, {"fields": {"category": 4, "origin": "delhi", "qualityRemarks": "ff", "name": "2kellaff", "grade": "Grade-B", "pricePerUnit": 12, "isPerishable": false, "related_products": [1], "seller": 2, "status": 1, "unit": "kg", "maxAvailableUnits": 12, "popularityIndex": null, "coverphoto": "./No_image_available.png", "priceType": "custom rates", "description": ""}, "model": "veggex.product", "pk": 102}, {"fields": {"category": 1, "origin": "delhi", "qualityRemarks": "dsd", "name": "21Apple", "grade": "", "pricePerUnit": 123, "isPerishable": false, "related_products": [], "seller": 4, "status": 1, "unit": "kg", "maxAvailableUnits": 12, "popularityIndex": null, "coverphoto": "./e.jpg", "priceType": "custom rates", "description": "cfsc"}, "model": "veggex.product", "pk": 105}, {"fields": {"category": 2, "origin": "Delhi", "qualityRemarks": "ff", "name": "21a", "grade": "", "pricePerUnit": 1000, "isPerishable": false, "related_products": [], "seller": 4, "status": 1, "unit": "kg", "maxAvailableUnits": 1212, "popularityIndex": null, "coverphoto": "./No_image_available.png", "priceType": "custom rates", "description": "ddd"}, "model": "veggex.product", "pk": 107}, {"fields": {"category": 1, "origin": "ggg", "qualityRemarks": "dddd", "name": "21Green Apple", "grade": "", "pricePerUnit": 10, "isPerishable": false, "related_products": [], "seller": 4, "status": 1, "unit": "kg", "maxAvailableUnits": 1000, "popularityIndex": null, "coverphoto": "./No_image_available.png", "priceType": "custom rates", "description": "gdfg"}, "model": "veggex.product", "pk": 108}, {"fields": {"category": 2, "origin": "agra", "qualityRemarks": "superb quality , ideal for shakes ", "name": "21Cherry ", "grade": "", "pricePerUnit": 100, "isPerishable": false, "related_products": [], "seller": 1, "status": 1, "unit": "kg", "maxAvailableUnits": 12, "popularityIndex": 4, "coverphoto": "./No_image_available.png", "priceType": "custom rates", "description": "red cherry "}, "model": "veggex.product", "pk": 109}, {"fields": {"category": 2, "origin": "agra ", "qualityRemarks": "amazing quality ", "name": "zoOranges", "grade": "", "pricePerUnit": 45, "isPerishable": false, "related_products": [], "seller": 5, "status": 1, "unit": "kg", "maxAvailableUnits": 100, "popularityIndex": 9, "coverphoto": "./ORANGES.jpg", "priceType": "as per mandi rates", "description": "Juicy sweet orange "}, "model": "veggex.product", "pk": 510}, {"fields": {"category": 1, "origin": "agra ", "qualityRemarks": "superp quality and perishable ", "name": "zoLemons ", "grade": "", "pricePerUnit": 100, "isPerishable": true, "related_products": [], "seller": 5, "status": 1, "unit": "kg", "maxAvailableUnits": 452, "popularityIndex": 5, "coverphoto": "./lemons.jpg", "priceType": "as per mandi rates", "description": "juicy lemon "}, "model": "veggex.product", "pk": 511}, {"fields": {"category": 1, "origin": "Agra ", "qualityRemarks": "superb quality ", "name": "zoCauliFlower ", "grade": "", "pricePerUnit": 60, "isPerishable": false, "related_products": [], "seller": 5, "status": 1, "unit": "kg", "maxAvailableUnits": 20, "popularityIndex": 5, "coverphoto": "./cauliflower.jpg", "priceType": "as per mandi rates", "description": "White Cauliflower "}, "model": "veggex.product", "pk": 512}, {"fields": {"category": 2, "origin": "china ", "qualityRemarks": "juicy litchi ", "name": "zoLitchi ", "grade": "", "pricePerUnit": 80, "isPerishable": false, "related_products": [], "seller": 5, "status": 1, "unit": "kg", "maxAvailableUnits": 4, "popularityIndex": 6, "coverphoto": "./LICHI.jpg", "priceType": "as per mandi rates", "description": "Juicy lichi "}, "model": "veggex.product", "pk": 513}, {"fields": {"category": 2, "origin": "india", "qualityRemarks": "amazing sweet grapes ", "name": "zoBlack Grapes ", "grade": "", "pricePerUnit": 80, "isPerishable": false, "related_products": [], "seller": 5, "status": 1, "unit": "kg", "maxAvailableUnits": 120, "popularityIndex": 9, "coverphoto": "./black_grapes.jpg", "priceType": "as per mandi rates", "description": "Sweet grapes "}, "model": "veggex.product", "pk": 514}, {"fields": {"category": 2, "origin": "nagpur ", "qualityRemarks": "sweet guavas with less seeds ", "name": "zoGuava ", "grade": "", "pricePerUnit": 30, "isPerishable": false, "related_products": [], "seller": 5, "status": 1, "unit": "kg", "maxAvailableUnits": 50, "popularityIndex": 4, "coverphoto": "./guava1.jpg", "priceType": "as per mandi rates", "description": "sweet guava "}, "model": "veggex.product", "pk": 515}, {"fields": {"category": 2, "origin": "newzealand", "qualityRemarks": "superb quality ", "name": "zoKiwi Fruit ", "grade": "", "pricePerUnit": 200, "isPerishable": false, "related_products": [], "seller": 5, "status": 1, "unit": "kg", "maxAvailableUnits": 10, "popularityIndex": 7, "coverphoto": "./FreshKiwiFruitPhoto5.jpg", "priceType": "as per mandi rates", "description": "Newzealand imported Kiwi fruit "}, "model": "veggex.product", "pk": 516}, {"fields": {"category": 2, "origin": "agra ", "qualityRemarks": "amazing quality ", "name": "ptOranges", "grade": "", "pricePerUnit": 45, "isPerishable": false, "related_products": [], "seller": 6, "status": 1, "unit": "kg", "maxAvailableUnits": 100, "popularityIndex": 9, "coverphoto": "./ORANGES.jpg", "priceType": "as per mandi rates", "description": "Juicy sweet orange "}, "model": "veggex.product", "pk": 710}, {"fields": {"category": 1, "origin": "agra ", "qualityRemarks": "superp quality and perishable ", "name": "ptLemons ", "grade": "", "pricePerUnit": 100, "isPerishable": true, "related_products": [], "seller": 6, "status": 1, "unit": "kg", "maxAvailableUnits": 452, "popularityIndex": 5, "coverphoto": "./lemons.jpg", "priceType": "as per mandi rates", "description": "juicy lemon "}, "model": "veggex.product", "pk": 711}, {"fields": {"category": 1, "origin": "Agra ", "qualityRemarks": "superb quality ", "name": "ptCauliFlower ", "grade": "", "pricePerUnit": 60, "isPerishable": false, "related_products": [], "seller": 6, "status": 1, "unit": "kg", "maxAvailableUnits": 20, "popularityIndex": 5, "coverphoto": "./cauliflower.jpg", "priceType": "as per mandi rates", "description": "White Cauliflower "}, "model": "veggex.product", "pk": 712}, {"fields": {"category": 2, "origin": "china ", "qualityRemarks": "juicy litchi ", "name": "ptLitchi ", "grade": "", "pricePerUnit": 80, "isPerishable": false, "related_products": [], "seller": 6, "status": 1, "unit": "kg", "maxAvailableUnits": 4, "popularityIndex": 6, "coverphoto": "./LICHI.jpg", "priceType": "as per mandi rates", "description": "Juicy lichi "}, "model": "veggex.product", "pk": 713}, {"fields": {"category": 2, "origin": "india", "qualityRemarks": "amazing sweet grapes ", "name": "ptBlack Grapes ", "grade": "", "pricePerUnit": 80, "isPerishable": false, "related_products": [], "seller": 6, "status": 1, "unit": "kg", "maxAvailableUnits": 120, "popularityIndex": 9, "coverphoto": "./black_grapes.jpg", "priceType": "as per mandi rates", "description": "Sweet grapes "}, "model": "veggex.product", "pk": 714}, {"fields": {"category": 2, "origin": "nagpur ", "qualityRemarks": "sweet guavas with less seeds ", "name": "ptGuava ", "grade": "", "pricePerUnit": 30, "isPerishable": false, "related_products": [], "seller": 6, "status": 1, "unit": "kg", "maxAvailableUnits": 50, "popularityIndex": 4, "coverphoto": "./guava1.jpg", "priceType": "as per mandi rates", "description": "sweet guava "}, "model": "veggex.product", "pk": 715}, {"fields": {"category": 2, "origin": "newzealand", "qualityRemarks": "superb quality ", "name": "ptKiwi Fruit ", "grade": "", "pricePerUnit": 200, "isPerishable": false, "related_products": [], "seller": 6, "status": 1, "unit": "kg", "maxAvailableUnits": 10, "popularityIndex": 7, "coverphoto": "./FreshKiwiFruitPhoto5.jpg", "priceType": "as per mandi rates", "description": "Newzealand imported Kiwi fruit "}, "model": "veggex.product", "pk": 716}, {"fields": {"category": 2, "origin": "agra ", "qualityRemarks": "amazing quality ", "name": "21Oranges", "grade": "", "pricePerUnit": 45, "isPerishable": false, "related_products": [], "seller": 1, "status": 1, "unit": "kg", "maxAvailableUnits": 100, "popularityIndex": 9, "coverphoto": "./No_image_available.png", "priceType": "as per mandi rates", "description": "Juicy sweet orange "}, "model": "veggex.product", "pk": 1010}, {"fields": {"category": 1, "origin": "agra ", "qualityRemarks": "superp quality and perishable ", "name": "21Lemons ", "grade": "", "pricePerUnit": 100, "isPerishable": true, "related_products": [], "seller": 1, "status": 1, "unit": "kg", "maxAvailableUnits": 452, "popularityIndex": 5, "coverphoto": "./No_image_available.png", "priceType": "as per mandi rates", "description": "juicy lemon "}, "model": "veggex.product", "pk": 1011}, {"fields": {"category": 1, "origin": "Agra ", "qualityRemarks": "superb quality ", "name": "21CauliFlower ", "grade": "", "pricePerUnit": 60, "isPerishable": false, "related_products": [], "seller": 1, "status": 1, "unit": "kg", "maxAvailableUnits": 20, "popularityIndex": 5, "coverphoto": "./No_image_available.png", "priceType": "as per mandi rates", "description": "White Cauliflower "}, "model": "veggex.product", "pk": 1012}, {"fields": {"category": 2, "origin": "china ", "qualityRemarks": "juicy litchi ", "name": "21Litchi ", "grade": "", "pricePerUnit": 80, "isPerishable": false, "related_products": [], "seller": 1, "status": 1, "unit": "kg", "maxAvailableUnits": 4, "popularityIndex": 6, "coverphoto": "./No_image_available.png", "priceType": "as per mandi rates", "description": "Juicy lichi "}, "model": "veggex.product", "pk": 1013}, {"fields": {"category": 2, "origin": "india", "qualityRemarks": "amazing sweet grapes ", "name": "21Black Grapes ", "grade": "", "pricePerUnit": 80, "isPerishable": false, "related_products": [], "seller": 1, "status": 1, "unit": "kg", "maxAvailableUnits": 120, "popularityIndex": 9, "coverphoto": "./No_image_available.png", "priceType": "as per mandi rates", "description": "Sweet grapes "}, "model": "veggex.product", "pk": 1014}, {"fields": {"category": 2, "origin": "nagpur ", "qualityRemarks": "sweet guavas with less seeds ", "name": "21Guava ", "grade": "", "pricePerUnit": 30, "isPerishable": false, "related_products": [], "seller": 1, "status": 1, "unit": "kg", "maxAvailableUnits": 50, "popularityIndex": 4, "coverphoto": "./No_image_available.png", "priceType": "as per mandi rates", "description": "sweet guava "}, "model": "veggex.product", "pk": 1015}, {"fields": {"category": 2, "origin": "newzealand", "qualityRemarks": "superb quality ", "name": "21Kiwi Fruit ", "grade": "", "pricePerUnit": 200, "isPerishable": false, "related_products": [], "seller": 1, "status": 1, "unit": "kg", "maxAvailableUnits": 10, "popularityIndex": 7, "coverphoto": "./No_image_available.png", "priceType": "as per mandi rates", "description": "Newzealand imported Kiwi fruit "}, "model": "veggex.product", "pk": 1016}, {"fields": {"category": 1, "origin": "delhi", "qualityRemarks": "dsd", "name": "2grof1Apple", "grade": "", "pricePerUnit": 123, "isPerishable": false, "related_products": [], "seller": 3, "status": 1, "unit": "kg", "maxAvailableUnits": 12, "popularityIndex": null, "coverphoto": "./No_image_available.png", "priceType": "custom rates", "description": "cfsc"}, "model": "veggex.product", "pk": 1035}, {"fields": {"category": 2, "origin": "Delhi", "qualityRemarks": "ff", "name": "2grof1a", "grade": "", "pricePerUnit": 1000, "isPerishable": false, "related_products": [], "seller": 3, "status": 1, "unit": "kg", "maxAvailableUnits": 1212, "popularityIndex": null, "coverphoto": "./No_image_available.png", "priceType": "custom rates", "description": "ddd"}, "model": "veggex.product", "pk": 1037}, {"fields": {"category": 1, "origin": "ggg", "qualityRemarks": "dddd", "name": "2grof1Green Apple", "grade": "", "pricePerUnit": 10, "isPerishable": false, "related_products": [], "seller": 3, "status": 1, "unit": "kg", "maxAvailableUnits": 1000, "popularityIndex": null, "coverphoto": "./No_image_available.png", "priceType": "custom rates", "description": "gdfg"}, "model": "veggex.product", "pk": 1038}, {"fields": {"category": 1, "origin": "delhi", "qualityRemarks": "dsd", "name": "2zoApple", "grade": "", "pricePerUnit": 123, "isPerishable": false, "related_products": [], "seller": 5, "status": 1, "unit": "kg", "maxAvailableUnits": 12, "popularityIndex": null, "coverphoto": "./No_image_available.png", "priceType": "custom rates", "description": "cfsc"}, "model": "veggex.product", "pk": 1055}, {"fields": {"category": 2, "origin": "Delhi", "qualityRemarks": "ff", "name": "2zoa", "grade": "", "pricePerUnit": 1000, "isPerishable": false, "related_products": [], "seller": 5, "status": 1, "unit": "kg", "maxAvailableUnits": 1212, "popularityIndex": null, "coverphoto": "./No_image_available.png", "priceType": "custom rates", "description": "ddd"}, "model": "veggex.product", "pk": 1057}, {"fields": {"category": 1, "origin": "ggg", "qualityRemarks": "dddd", "name": "2zoGreen Apple", "grade": "", "pricePerUnit": 10, "isPerishable": false, "related_products": [], "seller": 5, "status": 1, "unit": "kg", "maxAvailableUnits": 1000, "popularityIndex": null, "coverphoto": "./No_image_available.png", "priceType": "custom rates", "description": "gdfg"}, "model": "veggex.product", "pk": 1058}, {"fields": {"category": 2, "origin": "agra", "qualityRemarks": "superb quality , ideal for shakes ", "name": "2zoCherry ", "grade": "", "pricePerUnit": 100, "isPerishable": false, "related_products": [], "seller": 5, "status": 1, "unit": "kg", "maxAvailableUnits": 12, "popularityIndex": 4, "coverphoto": "./No_image_available.png", "priceType": "custom rates", "description": "red cherry "}, "model": "veggex.product", "pk": 1059}, {"fields": {"category": 1, "origin": "delhi", "qualityRemarks": "dsd", "name": "2ptApple", "grade": "", "pricePerUnit": 123, "isPerishable": false, "related_products": [], "seller": 6, "status": 1, "unit": "kg", "maxAvailableUnits": 12, "popularityIndex": null, "coverphoto": "./No_image_available.png", "priceType": "custom rates", "description": "cfsc"}, "model": "veggex.product", "pk": 1075}, {"fields": {"category": 2, "origin": "Delhi", "qualityRemarks": "ff", "name": "2pta", "grade": "", "pricePerUnit": 1000, "isPerishable": false, "related_products": [], "seller": 6, "status": 1, "unit": "kg", "maxAvailableUnits": 1212, "popularityIndex": null, "coverphoto": "./No_image_available.png", "priceType": "custom rates", "description": "ddd"}, "model": "veggex.product", "pk": 1077}, {"fields": {"category": 1, "origin": "ggg", "qualityRemarks": "dddd", "name": "2ptGreen Apple", "grade": "", "pricePerUnit": 10, "isPerishable": false, "related_products": [], "seller": 6, "status": 1, "unit": "kg", "maxAvailableUnits": 1000, "popularityIndex": null, "coverphoto": "./No_image_available.png", "priceType": "custom rates", "description": "gdfg"}, "model": "veggex.product", "pk": 1078}, {"fields": {"category": 2, "origin": "agra", "qualityRemarks": "superb quality , ideal for shakes ", "name": "2ptCherry ", "grade": "", "pricePerUnit": 100, "isPerishable": false, "related_products": [], "seller": 6, "status": 1, "unit": "kg", "maxAvailableUnits": 12, "popularityIndex": 4, "coverphoto": "./No_image_available.png", "priceType": "custom rates", "description": "red cherry "}, "model": "veggex.product", "pk": 1079}, {"fields": {"category": 2, "origin": "agra ", "qualityRemarks": "amazing quality ", "name": "2zoOranges", "grade": "", "pricePerUnit": 45, "isPerishable": false, "related_products": [], "seller": 5, "status": 1, "unit": "kg", "maxAvailableUnits": 100, "popularityIndex": 9, "coverphoto": "./No_image_available.png", "priceType": "as per mandi rates", "description": "Juicy sweet orange "}, "model": "veggex.product", "pk": 10510}, {"fields": {"category": 1, "origin": "agra ", "qualityRemarks": "superp quality and perishable ", "name": "2zoLemons ", "grade": "", "pricePerUnit": 100, "isPerishable": true, "related_products": [], "seller": 5, "status": 1, "unit": "kg", "maxAvailableUnits": 452, "popularityIndex": 5, "coverphoto": "./No_image_available.png", "priceType": "as per mandi rates", "description": "juicy lemon "}, "model": "veggex.product", "pk": 10511}, {"fields": {"category": 1, "origin": "Agra ", "qualityRemarks": "superb quality ", "name": "2zoCauliFlower ", "grade": "", "pricePerUnit": 60, "isPerishable": false, "related_products": [], "seller": 5, "status": 1, "unit": "kg", "maxAvailableUnits": 20, "popularityIndex": 5, "coverphoto": "./No_image_available.png", "priceType": "as per mandi rates", "description": "White Cauliflower "}, "model": "veggex.product", "pk": 10512}, {"fields": {"category": 2, "origin": "china ", "qualityRemarks": "juicy litchi ", "name": "2zoLitchi ", "grade": "", "pricePerUnit": 80, "isPerishable": false, "related_products": [], "seller": 5, "status": 1, "unit": "kg", "maxAvailableUnits": 4, "popularityIndex": 6, "coverphoto": "./No_image_available.png", "priceType": "as per mandi rates", "description": "Juicy lichi "}, "model": "veggex.product", "pk": 10513}, {"fields": {"category": 2, "origin": "india", "qualityRemarks": "amazing sweet grapes ", "name": "2zoBlack Grapes ", "grade": "", "pricePerUnit": 80, "isPerishable": false, "related_products": [], "seller": 5, "status": 1, "unit": "kg", "maxAvailableUnits": 120, "popularityIndex": 9, "coverphoto": "./No_image_available.png", "priceType": "as per mandi rates", "description": "Sweet grapes "}, "model": "veggex.product", "pk": 10514}, {"fields": {"category": 2, "origin": "nagpur ", "qualityRemarks": "sweet guavas with less seeds ", "name": "2zoGuava ", "grade": "", "pricePerUnit": 30, "isPerishable": false, "related_products": [], "seller": 5, "status": 1, "unit": "kg", "maxAvailableUnits": 50, "popularityIndex": 4, "coverphoto": "./No_image_available.png", "priceType": "as per mandi rates", "description": "sweet guava "}, "model": "veggex.product", "pk": 10515}, {"fields": {"category": 2, "origin": "newzealand", "qualityRemarks": "superb quality ", "name": "2zoKiwi Fruit ", "grade": "", "pricePerUnit": 200, "isPerishable": false, "related_products": [], "seller": 5, "status": 1, "unit": "kg", "maxAvailableUnits": 10, "popularityIndex": 7, "coverphoto": "./No_image_available.png", "priceType": "as per mandi rates", "description": "Newzealand imported Kiwi fruit "}, "model": "veggex.product", "pk": 10516}, {"fields": {"category": 2, "origin": "agra ", "qualityRemarks": "amazing quality ", "name": "2ptOranges", "grade": "", "pricePerUnit": 45, "isPerishable": false, "related_products": [], "seller": 6, "status": 1, "unit": "kg", "maxAvailableUnits": 100, "popularityIndex": 9, "coverphoto": "./No_image_available.png", "priceType": "as per mandi rates", "description": "Juicy sweet orange "}, "model": "veggex.product", "pk": 10710}, {"fields": {"category": 1, "origin": "agra ", "qualityRemarks": "superp quality and perishable ", "name": "2ptLemons ", "grade": "", "pricePerUnit": 100, "isPerishable": true, "related_products": [], "seller": 6, "status": 1, "unit": "kg", "maxAvailableUnits": 452, "popularityIndex": 5, "coverphoto": "./No_image_available.png", "priceType": "as per mandi rates", "description": "juicy lemon "}, "model": "veggex.product", "pk": 10711}, {"fields": {"category": 1, "origin": "Agra ", "qualityRemarks": "superb quality ", "name": "2ptCauliFlower ", "grade": "", "pricePerUnit": 60, "isPerishable": false, "related_products": [], "seller": 6, "status": 1, "unit": "kg", "maxAvailableUnits": 20, "popularityIndex": 5, "coverphoto": "./No_image_available.png", "priceType": "as per mandi rates", "description": "White Cauliflower "}, "model": "veggex.product", "pk": 10712}, {"fields": {"category": 2, "origin": "china ", "qualityRemarks": "juicy litchi ", "name": "2ptLitchi ", "grade": "", "pricePerUnit": 80, "isPerishable": false, "related_products": [], "seller": 6, "status": 1, "unit": "kg", "maxAvailableUnits": 4, "popularityIndex": 6, "coverphoto": "./No_image_available.png", "priceType": "as per mandi rates", "description": "Juicy lichi "}, "model": "veggex.product", "pk": 10713}, {"fields": {"category": 2, "origin": "india", "qualityRemarks": "amazing sweet grapes ", "name": "2ptBlack Grapes ", "grade": "", "pricePerUnit": 80, "isPerishable": false, "related_products": [], "seller": 6, "status": 1, "unit": "kg", "maxAvailableUnits": 120, "popularityIndex": 9, "coverphoto": "./No_image_available.png", "priceType": "as per mandi rates", "description": "Sweet grapes "}, "model": "veggex.product", "pk": 10714}, {"fields": {"category": 2, "origin": "nagpur ", "qualityRemarks": "sweet guavas with less seeds ", "name": "2ptGuava ", "grade": "", "pricePerUnit": 30, "isPerishable": false, "related_products": [], "seller": 6, "status": 1, "unit": "kg", "maxAvailableUnits": 50, "popularityIndex": 4, "coverphoto": "./No_image_available.png", "priceType": "as per mandi rates", "description": "sweet guava "}, "model": "veggex.product", "pk": 10715}, {"fields": {"category": 2, "origin": "newzealand", "qualityRemarks": "superb quality ", "name": "2ptKiwi Fruit ", "grade": "", "pricePerUnit": 200, "isPerishable": false, "related_products": [], "seller": 6, "status": 1, "unit": "kg", "maxAvailableUnits": 10, "popularityIndex": 7, "coverphoto": "./No_image_available.png", "priceType": "as per mandi rates", "description": "Newzealand imported Kiwi fruit "}, "model": "veggex.product", "pk": 10716}, {"fields": {"category": 1, "origin": "", "qualityRemarks": "Custom Product", "name": "ghishupd", "grade": "", "pricePerUnit": 12, "isPerishable": false, "related_products": [], "seller": 36, "status": 1, "unit": "10 kg", "maxAvailableUnits": 100000, "popularityIndex": null, "coverphoto": "./No_image_available.png", "priceType": "custom rates", "description": "yolo"}, "model": "veggex.product", "pk": 2210717}, {"fields": {"category": 4, "origin": "chomu", "qualityRemarks": "yoo", "name": "rakesh", "grade": "Grade-A", "pricePerUnit": 23, "isPerishable": false, "related_products": [], "seller": 36, "status": 1, "unit": "kg", "maxAvailableUnits": 1000, "popularityIndex": null, "coverphoto": "./Whatsapp.png", "priceType": "as per mandi rates", "description": "fff"}, "model": "veggex.product", "pk": 2210718}, {"fields": {"category": 1, "origin": "delhi", "qualityRemarks": "dsd", "name": "1Apple", "grade": "", "pricePerUnit": 233, "isPerishable": false, "related_products": [], "seller": 36, "status": 1, "unit": "kg", "maxAvailableUnits": 12, "popularityIndex": null, "coverphoto": "./e.jpg", "priceType": "custom rates", "description": "cfsc"}, "model": "veggex.product", "pk": 2210719}, {"fields": {"products": [9, 10, 11, 12], "seller": 1}, "model": "veggex.categoryvendor", "pk": 27}, {"fields": {"products": [7, 8, 105], "seller": 4}, "model": "veggex.categoryvendor", "pk": 34}, {"fields": {"products": [55, 59, 510, 511, 513, 514, 515], "seller": 5}, "model": "veggex.categoryvendor", "pk": 35}, {"fields": {"products": [37, 38, 1035], "seller": 3}, "model": "veggex.categoryvendor", "pk": 38}, {"fields": {"products": [9, 10, 11, 12, 13, 14, 15, 16, 109, 1010, 1011, 1012, 1013, 1014, 1015, 1016], "seller": 1}, "model": "veggex.categoryvendor", "pk": 39}, {"fields": {"products": [79, 710, 711], "seller": 6}, "model": "veggex.categoryvendor", "pk": 42}, {"fields": {"products": [11], "seller": 1}, "model": "veggex.categoryvendor", "pk": 43}, {"fields": {"products": [55, 58, 510, 511, 512, 515, 516], "seller": 5}, "model": "veggex.categoryvendor", "pk": 44}, {"fields": {"products": [5, 8, 105, 107], "seller": 4}, "model": "veggex.categoryvendor", "pk": 45}, {"fields": {"products": [35, 37], "seller": 3}, "model": "veggex.categoryvendor", "pk": 46}, {"fields": {"products": [10, 11, 12, 13], "seller": 1}, "model": "veggex.categoryvendor", "pk": 47}, {"fields": {"products": [35, 38, 1035, 1037], "seller": 3}, "model": "veggex.categoryvendor", "pk": 48}, {"fields": {"products": [9, 10, 11, 12, 13], "seller": 1}, "model": "veggex.categoryvendor", "pk": 49}, {"fields": {"products": [7, 8, 105, 108], "seller": 4}, "model": "veggex.categoryvendor", "pk": 50}, {"fields": {"products": [2210717, 2210718, 2210719], "seller": 36}, "model": "veggex.categoryvendor", "pk": 51}, {"fields": {"products": [5, 105, 108], "seller": 4}, "model": "veggex.dummyvendor", "pk": 4}, {"fields": {"products": [2210717, 2210718, 2210719], "seller": 36}, "model": "veggex.dummyvendor", "pk": 5}, {"fields": {"products": [38, 1035, 1038], "seller": 3}, "model": "veggex.dummyvendor", "pk": 6}, {"fields": {"products": [9, 10, 11, 15, 1010, 1016], "seller": 1}, "model": "veggex.dummyvendor", "pk": 7}, {"fields": {"products": [9, 10, 11, 12, 13, 14, 15, 16, 109, 1016], "seller": 1}, "model": "veggex.dummyvendor", "pk": 9}, {"fields": {"products": [35, 37, 38, 1035], "seller": 3}, "model": "veggex.dummyvendor", "pk": 10}, {"fields": {"products": [75, 77, 79, 710, 713, 715, 1075, 1079, 10710, 10711], "seller": 6}, "model": "veggex.dummyvendor", "pk": 11}, {"fields": {"products": [5, 7], "seller": 4}, "model": "veggex.dummyvendor", "pk": 12}, {"fields": {"cartTotal": 100, "timeOfUpdate": null, "timeOfCreate": null}, "model": "veggex.cart", "pk": 1}, {"fields": {"cartTotal": 12, "timeOfUpdate": null, "timeOfCreate": null}, "model": "veggex.cart", "pk": 2}, {"fields": {"cartTotal": 1223, "timeOfUpdate": null, "timeOfCreate": null}, "model": "veggex.cart", "pk": 3}, {"fields": {"cartTotal": 1246, "timeOfUpdate": null, "timeOfCreate": null}, "model": "veggex.cart", "pk": 4}, {"fields": {"cartTotal": 0, "timeOfUpdate": null, "timeOfCreate": null}, "model": "veggex.cart", "pk": 5}, {"fields": {"cartTotal": 0, "timeOfUpdate": null, "timeOfCreate": null}, "model": "veggex.cart", "pk": 6}, {"fields": {"dummycartTotal": 656, "timeOfUpdate": null, "timeOfCreate": null}, "model": "veggex.dummycart", "pk": 2}, {"fields": {"dummycartTotal": 0, "timeOfUpdate": null, "timeOfCreate": null}, "model": "veggex.dummycart", "pk": 3}, {"fields": {"dummycartTotal": 0, "timeOfUpdate": null, "timeOfCreate": null}, "model": "veggex.dummycart", "pk": 4}, {"fields": {"dummycartTotal": 628, "timeOfUpdate": null, "timeOfCreate": null}, "model": "veggex.dummycart", "pk": 5}, {"fields": {"dummycartTotal": 453, "timeOfUpdate": null, "timeOfCreate": null}, "model": "veggex.dummycart", "pk": 6}, {"fields": {"dummycartTotal": 0, "timeOfUpdate": null, "timeOfCreate": null}, "model": "veggex.dummycart", "pk": 7}, {"fields": {"description": "Not available", "notifications": [41, 40, 39, 38, 37, 36, 35, 34, 33, 32, 31, 30, 29, 28, 27, 26, 25, 24, 23, 22, 21, 20, 19, 18, 17, 16, 15, 14, 13, 9, 8, 7, 6, 5, 4, 2, 3], "nameOfOwner": "Rakesh Yadav", "institutionType": "hotels", "mobileNo": 8377950711, "dummyvendors": [9, 10, 11, 12], "profilePhoto": "./rajat_Cropped.jpg", "cart": 1, "owner": null, "nameOfInstitution": "Mezbaan restaurants", "address": 1, "mailId": "rak.dev007@gmail.com", "creditlimit": -600, "gpsLocation": "", "password": "pbkdf2_sha256$20000$xcPbF0CMVCyw$eZECZo2qDkuIVr8+UxTiIosfDPdHx6mMQNhUbp3AAjM=", "message": [], "categories": [34, 35, 38, 39, 42], "dummycart": 2}, "model": "veggex.user", "pk": 1}, {"fields": {"description": "Not available", "notifications": [], "nameOfOwner": "Shyam lal", "institutionType": "hotels", "mobileNo": 9928524925, "dummyvendors": [], "profilePhoto": "./unnamed.png", "cart": 2, "owner": null, "nameOfInstitution": "Cafe Coffe Day", "address": 1, "mailId": "info@mive.in", "creditlimit": 0, "gpsLocation": "", "password": "pbkdf2_sha256$20000$xcPbF0CMVCyw$eZECZo2qDkuIVr8+UxTiIosfDPdHx6mMQNhUbp3AAjM=", "message": [], "categories": [43, 44, 45, 46], "dummycart": 3}, "model": "veggex.user", "pk": 2}, {"fields": {"description": "Not available", "notifications": [], "nameOfOwner": "twwe", "institutionType": "hotels", "mobileNo": 9352132140, "dummyvendors": [], "profilePhoto": "./pc_205x205.jpg", "cart": 3, "owner": null, "nameOfInstitution": "New hotel", "address": 1, "mailId": "kjfjs@p.com", "creditlimit": 0, "gpsLocation": "", "password": "pbkdf2_sha256$20000$xcPbF0CMVCyw$eZECZo2qDkuIVr8+UxTiIosfDPdHx6mMQNhUbp3AAjM=", "message": [], "categories": [27], "dummycart": 4}, "model": "veggex.user", "pk": 3}, {"fields": {"description": "Not available", "notifications": [], "nameOfOwner": "Xyz singh", "institutionType": "hotels", "mobileNo": 12345, "dummyvendors": [7], "profilePhoto": "./rak_Cropped.jpg", "cart": 4, "owner": null, "nameOfInstitution": "Dominos", "address": 2, "mailId": "pcy.iitd@gmail.com", "creditlimit": 0, "gpsLocation": "", "password": "pbkdf2_sha256$20000$xcPbF0CMVCyw$eZECZo2qDkuIVr8+UxTiIosfDPdHx6mMQNhUbp3AAjM=", "message": [], "categories": [47, 48], "dummycart": 5}, "model": "veggex.user", "pk": 4}, {"fields": {"description": "Not available", "notifications": [12, 11, 10], "nameOfOwner": "Shubham Patel", "institutionType": "hotels", "mobileNo": 9999888877, "dummyvendors": [4, 5, 6], "profilePhoto": "./pc_205x205_nvlScC4.jpg", "cart": 5, "owner": null, "nameOfInstitution": "Subway", "address": 2, "mailId": "info@rees52.org", "creditlimit": 10000, "gpsLocation": "", "password": "pbkdf2_sha256$20000$iPPjS50pBKzv$LsF8/V60YPSikuFOLt1QbIsgeQfP0nlRMNzzxTh2ARs=", "message": [], "categories": [50, 51], "dummycart": 6}, "model": "veggex.user", "pk": 5}, {"fields": {"description": "Not available", "notifications": [], "nameOfOwner": "Neha ", "institutionType": "hotels", "mobileNo": 9999998888, "dummyvendors": [], "profilePhoto": "./Whatsapp_n2rodD6.png", "cart": 6, "owner": null, "nameOfInstitution": "Chi Kitchen", "address": 2, "mailId": "ra@gmail.com", "creditlimit": 10000, "gpsLocation": "", "password": "pbkdf2_sha256$20000$xcPbF0CMVCyw$eZECZo2qDkuIVr8+UxTiIosfDPdHx6mMQNhUbp3AAjM=", "message": [], "categories": [49], "dummycart": 7}, "model": "veggex.user", "pk": 6}, {"fields": {"product": 2, "timeOfUpdate": null, "timeOfCreate": null, "qtyInUnits": 1, "pricePerUnit": 0, "cart": 2}, "model": "veggex.cartitem", "pk": 56}, {"fields": {"product": 35, "timeOfUpdate": null, "timeOfCreate": null, "qtyInUnits": 1, "pricePerUnit": 0, "cart": 3}, "model": "veggex.cartitem", "pk": 62}, {"fields": {"product": 37, "timeOfUpdate": null, "timeOfCreate": null, "qtyInUnits": 1, "pricePerUnit": 0, "cart": 3}, "model": "veggex.cartitem", "pk": 63}, {"fields": {"product": 11, "timeOfUpdate": null, "timeOfCreate": null, "qtyInUnits": 1, "pricePerUnit": 0, "cart": 3}, "model": "veggex.cartitem", "pk": 64}, {"fields": {"product": 1037, "timeOfUpdate": null, "timeOfCreate": null, "qtyInUnits": 1, "pricePerUnit": 0, "cart": 4}, "model": "veggex.cartitem", "pk": 69}, {"fields": {"product": 1035, "timeOfUpdate": null, "timeOfCreate": null, "qtyInUnits": 1, "pricePerUnit": 0, "cart": 4}, "model": "veggex.cartitem", "pk": 70}, {"fields": {"product": 11, "timeOfUpdate": null, "timeOfCreate": null, "qtyInUnits": 1, "pricePerUnit": 100, "cart": 1}, "model": "veggex.cartitem", "pk": 81}, {"fields": {"product": 108, "timeOfUpdate": null, "timeOfCreate": null, "qtyInUnits": 1, "pricePerUnit": 10, "dummycart": 5}, "model": "veggex.dummycartitem", "pk": 22}, {"fields": {"product": 105, "timeOfUpdate": null, "timeOfCreate": null, "qtyInUnits": 1, "pricePerUnit": 123, "dummycart": 5}, "model": "veggex.dummycartitem", "pk": 23}, {"fields": {"product": 10, "timeOfUpdate": null, "timeOfCreate": null, "qtyInUnits": 1, "pricePerUnit": 45, "dummycart": 5}, "model": "veggex.dummycartitem", "pk": 24}, {"fields": {"product": 10, "timeOfUpdate": null, "timeOfCreate": null, "qtyInUnits": 1, "pricePerUnit": 450, "dummycart": 5}, "model": "veggex.dummycartitem", "pk": 25}, {"fields": {"product": 5, "timeOfUpdate": null, "timeOfCreate": null, "qtyInUnits": 1, "pricePerUnit": 123, "dummycart": 6}, "model": "veggex.dummycartitem", "pk": 26}, {"fields": {"product": 5, "timeOfUpdate": null, "timeOfCreate": null, "qtyInUnits": 1, "pricePerUnit": 300, "dummycart": 6}, "model": "veggex.dummycartitem", "pk": 27}, {"fields": {"product": 108, "timeOfUpdate": null, "timeOfCreate": null, "qtyInUnits": 30, "pricePerUnit": 1, "dummycart": 6}, "model": "veggex.dummycartitem", "pk": 28}, {"fields": {"product": 10511, "timeOfUpdate": null, "timeOfCreate": null, "qtyInUnits": 2, "pricePerUnit": 100, "dummycart": 2}, "model": "veggex.dummycartitem", "pk": 29}, {"fields": {"product": 10511, "timeOfUpdate": null, "timeOfCreate": null, "qtyInUnits": 1, "pricePerUnit": 10, "dummycart": 2}, "model": "veggex.dummycartitem", "pk": 30}, {"fields": {"product": 10513, "timeOfUpdate": null, "timeOfCreate": null, "qtyInUnits": 2, "pricePerUnit": 111, "dummycart": 2}, "model": "veggex.dummycartitem", "pk": 31}, {"fields": {"product": 10513, "timeOfUpdate": null, "timeOfCreate": null, "qtyInUnits": 2, "pricePerUnit": 112, "dummycart": 2}, "model": "veggex.dummycartitem", "pk": 32}, {"fields": {"image": "invoices/test2.png"}, "model": "veggex.invoiceimage", "pk": 1}, {"fields": {"image": "invoices/unnamed_1.png"}, "model": "veggex.invoiceimage", "pk": 2}, {"fields": {"image": "invoices/unnamed_1_SzpD5SH.png"}, "model": "veggex.invoiceimage", "pk": 3}, {"fields": {"image": "u"}, "model": "veggex.invoiceimage", "pk": 4}, {"fields": {"image": "n"}, "model": "veggex.invoiceimage", "pk": 5}, {"fields": {"image": "n"}, "model": "veggex.invoiceimage", "pk": 6}, {"fields": {"image": "a"}, "model": "veggex.invoiceimage", "pk": 7}, {"fields": {"image": "m"}, "model": "veggex.invoiceimage", "pk": 8}, {"fields": {"image": "e"}, "model": "veggex.invoiceimage", "pk": 9}, {"fields": {"image": "d"}, "model": "veggex.invoiceimage", "pk": 10}, {"fields": {"image": " "}, "model": "veggex.invoiceimage", "pk": 11}, {"fields": {"image": "("}, "model": "veggex.invoiceimage", "pk": 12}, {"fields": {"image": "1"}, "model": "veggex.invoiceimage", "pk": 13}, {"fields": {"image": ")"}, "model": "veggex.invoiceimage", "pk": 14}, {"fields": {"image": "."}, "model": "veggex.invoiceimage", "pk": 15}, {"fields": {"image": "p"}, "model": "veggex.invoiceimage", "pk": 16}, {"fields": {"image": "n"}, "model": "veggex.invoiceimage", "pk": 17}, {"fields": {"image": "g"}, "model": "veggex.invoiceimage", "pk": 18}, {"fields": {"image": "u"}, "model": "veggex.invoiceimage", "pk": 19}, {"fields": {"image": "n"}, "model": "veggex.invoiceimage", "pk": 20}, {"fields": {"image": "n"}, "model": "veggex.invoiceimage", "pk": 21}, {"fields": {"image": "a"}, "model": "veggex.invoiceimage", "pk": 22}, {"fields": {"image": "m"}, "model": "veggex.invoiceimage", "pk": 23}, {"fields": {"image": "e"}, "model": "veggex.invoiceimage", "pk": 24}, {"fields": {"image": "d"}, "model": "veggex.invoiceimage", "pk": 25}, {"fields": {"image": "."}, "model": "veggex.invoiceimage", "pk": 26}, {"fields": {"image": "p"}, "model": "veggex.invoiceimage", "pk": 27}, {"fields": {"image": "n"}, "model": "veggex.invoiceimage", "pk": 28}, {"fields": {"image": "g"}, "model": "veggex.invoiceimage", "pk": 29}, {"fields": {"image": "u"}, "model": "veggex.invoiceimage", "pk": 30}, {"fields": {"image": "n"}, "model": "veggex.invoiceimage", "pk": 31}, {"fields": {"image": "n"}, "model": "veggex.invoiceimage", "pk": 32}, {"fields": {"image": "a"}, "model": "veggex.invoiceimage", "pk": 33}, {"fields": {"image": "m"}, "model": "veggex.invoiceimage", "pk": 34}, {"fields": {"image": "e"}, "model": "veggex.invoiceimage", "pk": 35}, {"fields": {"image": "d"}, "model": "veggex.invoiceimage", "pk": 36}, {"fields": {"image": "."}, "model": "veggex.invoiceimage", "pk": 37}, {"fields": {"image": "p"}, "model": "veggex.invoiceimage", "pk": 38}, {"fields": {"image": "n"}, "model": "veggex.invoiceimage", "pk": 39}, {"fields": {"image": "g"}, "model": "veggex.invoiceimage", "pk": 40}, {"fields": {"image": "u"}, "model": "veggex.invoiceimage", "pk": 41}, {"fields": {"image": "n"}, "model": "veggex.invoiceimage", "pk": 42}, {"fields": {"image": "n"}, "model": "veggex.invoiceimage", "pk": 43}, {"fields": {"image": "a"}, "model": "veggex.invoiceimage", "pk": 44}, {"fields": {"image": "m"}, "model": "veggex.invoiceimage", "pk": 45}, {"fields": {"image": "e"}, "model": "veggex.invoiceimage", "pk": 46}, {"fields": {"image": "d"}, "model": "veggex.invoiceimage", "pk": 47}, {"fields": {"image": "."}, "model": "veggex.invoiceimage", "pk": 48}, {"fields": {"image": "p"}, "model": "veggex.invoiceimage", "pk": 49}, {"fields": {"image": "n"}, "model": "veggex.invoiceimage", "pk": 50}, {"fields": {"image": "g"}, "model": "veggex.invoiceimage", "pk": 51}, {"fields": {"image": "u"}, "model": "veggex.invoiceimage", "pk": 52}, {"fields": {"image": "n"}, "model": "veggex.invoiceimage", "pk": 53}, {"fields": {"image": "n"}, "model": "veggex.invoiceimage", "pk": 54}, {"fields": {"image": "a"}, "model": "veggex.invoiceimage", "pk": 55}, {"fields": {"image": "m"}, "model": "veggex.invoiceimage", "pk": 56}, {"fields": {"image": "e"}, "model": "veggex.invoiceimage", "pk": 57}, {"fields": {"image": "d"}, "model": "veggex.invoiceimage", "pk": 58}, {"fields": {"image": " "}, "model": "veggex.invoiceimage", "pk": 59}, {"fields": {"image": "("}, "model": "veggex.invoiceimage", "pk": 60}, {"fields": {"image": "1"}, "model": "veggex.invoiceimage", "pk": 61}, {"fields": {"image": ")"}, "model": "veggex.invoiceimage", "pk": 62}, {"fields": {"image": "."}, "model": "veggex.invoiceimage", "pk": 63}, {"fields": {"image": "p"}, "model": "veggex.invoiceimage", "pk": 64}, {"fields": {"image": "n"}, "model": "veggex.invoiceimage", "pk": 65}, {"fields": {"image": "g"}, "model": "veggex.invoiceimage", "pk": 66}, {"fields": {"image": "invoices/test2_pWIuIbJ.png"}, "model": "veggex.invoiceimage", "pk": 67}, {"fields": {"image": "invoices/test2_GW0PqWi.png"}, "model": "veggex.invoiceimage", "pk": 68}, {"fields": {"image": "invoices/test2_7TZFFcs.png"}, "model": "veggex.invoiceimage", "pk": 69}, {"fields": {"image": "invoices/unnamed_1_khJ6m3x.png"}, "model": "veggex.invoiceimage", "pk": 70}, {"fields": {"image": "invoices/unnamed.png"}, "model": "veggex.invoiceimage", "pk": 71}, {"fields": {"image": "invoices/test2_hrfa6GB.png"}, "model": "veggex.invoiceimage", "pk": 72}, {"fields": {"status": "PLACED", "category": null, "timeOfUpdate": null, "timeOfCreate": null, "deliveryTime": "2015-10-30", "invoices": [], "orderType": "dummy", "seller": 1, "user": 1, "payment_mode": "COD", "orderMsg": "dongdong", "subtotal": 45}, "model": "veggex.order", "pk": 104}, {"fields": {"status": "PLACED", "category": null, "timeOfUpdate": null, "timeOfCreate": null, "deliveryTime": "2015-10-30", "invoices": [], "orderType": "dummy", "seller": 1, "user": 1, "payment_mode": "COD", "orderMsg": "", "subtotal": 1}, "model": "veggex.order", "pk": 105}, {"fields": {"status": "PLACED", "category": null, "timeOfUpdate": null, "timeOfCreate": null, "deliveryTime": "2015-10-29", "invoices": [], "orderType": "dummy", "seller": 1, "user": 1, "payment_mode": "COD", "orderMsg": "", "subtotal": 45}, "model": "veggex.order", "pk": 106}, {"fields": {"status": "PLACED", "category": null, "timeOfUpdate": null, "timeOfCreate": null, "deliveryTime": "2015-10-29", "invoices": [], "orderType": "dummy", "seller": 1, "user": 1, "payment_mode": "COD", "orderMsg": "", "subtotal": 1}, "model": "veggex.order", "pk": 107}, {"fields": {"status": "PLACED", "category": null, "timeOfUpdate": null, "timeOfCreate": null, "deliveryTime": "2015-10-30", "invoices": [], "orderType": "dummy", "seller": 1, "user": 1, "payment_mode": "COD", "orderMsg": "", "subtotal": 100}, "model": "veggex.order", "pk": 108}, {"fields": {"status": "PLACED", "category": null, "timeOfUpdate": null, "timeOfCreate": null, "deliveryTime": "2015-10-29", "invoices": [], "orderType": "dummy", "seller": 1, "user": 1, "payment_mode": "COD", "orderMsg": "", "subtotal": 1}, "model": "veggex.order", "pk": 109}, {"fields": {"status": "PLACED", "category": null, "timeOfUpdate": null, "timeOfCreate": null, "deliveryTime": "2015-10-30", "invoices": [], "orderType": "dummy", "seller": 1, "user": 1, "payment_mode": "COD", "orderMsg": "", "subtotal": 1000}, "model": "veggex.order", "pk": 110}, {"fields": {"status": "PLACED", "category": null, "timeOfUpdate": null, "timeOfCreate": null, "deliveryTime": "2015-10-30", "invoices": [], "orderType": "dummy", "seller": 1, "user": 1, "payment_mode": "COD", "orderMsg": "", "subtotal": 100}, "model": "veggex.order", "pk": 111}, {"fields": {"status": "PLACED", "category": null, "timeOfUpdate": null, "timeOfCreate": null, "deliveryTime": "2015-10-29", "invoices": [], "orderType": "dummy", "seller": 1, "user": 1, "payment_mode": "COD", "orderMsg": "", "subtotal": 200}, "model": "veggex.order", "pk": 112}, {"fields": {"status": "PLACED", "category": null, "timeOfUpdate": null, "timeOfCreate": null, "deliveryTime": "2015-10-29", "invoices": [], "orderType": "dummy", "seller": 1, "user": 1, "payment_mode": "COD", "orderMsg": "", "subtotal": 2}, "model": "veggex.order", "pk": 113}, {"fields": {"status": "PLACED", "category": null, "timeOfUpdate": null, "timeOfCreate": null, "deliveryTime": "2015-10-30", "invoices": [], "orderType": "dummy", "seller": 1, "user": 1, "payment_mode": "COD", "orderMsg": "", "subtotal": 80}, "model": "veggex.order", "pk": 114}, {"fields": {"status": "PLACED", "category": null, "timeOfUpdate": null, "timeOfCreate": null, "deliveryTime": "2015-10-29", "invoices": [], "orderType": "dummy", "seller": 1, "user": 1, "payment_mode": "COD", "orderMsg": "", "subtotal": 20}, "model": "veggex.order", "pk": 115}, {"fields": {"status": "PLACED", "category": null, "timeOfUpdate": null, "timeOfCreate": null, "deliveryTime": "2015-10-30", "invoices": [], "orderType": "dummy", "seller": 3, "user": 1, "payment_mode": "COD", "orderMsg": "", "subtotal": 1000}, "model": "veggex.order", "pk": 116}, {"fields": {"status": "PLACED", "category": null, "timeOfUpdate": null, "timeOfCreate": null, "deliveryTime": "2015-10-30", "invoices": [], "orderType": "dummy", "seller": 6, "user": 1, "payment_mode": "COD", "orderMsg": "", "subtotal": 1000}, "model": "veggex.order", "pk": 117}, {"fields": {"status": "PLACED", "category": null, "timeOfUpdate": null, "timeOfCreate": null, "deliveryTime": "2015-10-30", "invoices": [], "orderType": "dummy", "seller": 6, "user": 1, "payment_mode": "COD", "orderMsg": "", "subtotal": 10}, "model": "veggex.order", "pk": 118}, {"fields": {"product": 10, "qtyInUnits": 1, "pricePerUnit": 45, "priceType": "as per mandi rates", "order": 104, "unit": "kg"}, "model": "veggex.orderitem", "pk": 138}, {"fields": {"product": 10, "qtyInUnits": 1, "pricePerUnit": 1, "priceType": "as per mandi rates", "order": 105, "unit": "kg"}, "model": "veggex.orderitem", "pk": 139}, {"fields": {"product": 10, "qtyInUnits": 1, "pricePerUnit": 45, "priceType": "as per mandi rates", "order": 106, "unit": "kg"}, "model": "veggex.orderitem", "pk": 140}, {"fields": {"product": 10, "qtyInUnits": 1, "pricePerUnit": 1, "priceType": "as per mandi rates", "order": 107, "unit": "kg"}, "model": "veggex.orderitem", "pk": 141}, {"fields": {"product": 11, "qtyInUnits": 1, "pricePerUnit": 100, "priceType": "as per mandi rates", "order": 108, "unit": "kg"}, "model": "veggex.orderitem", "pk": 142}, {"fields": {"product": 11, "qtyInUnits": 1, "pricePerUnit": 1, "priceType": "as per mandi rates", "order": 109, "unit": "kg"}, "model": "veggex.orderitem", "pk": 143}, {"fields": {"product": 11, "qtyInUnits": 1, "pricePerUnit": 1000, "priceType": "as per mandi rates", "order": 110, "unit": "kg"}, "model": "veggex.orderitem", "pk": 144}, {"fields": {"product": 11, "qtyInUnits": 1, "pricePerUnit": 100, "priceType": "as per mandi rates", "order": 111, "unit": "kg"}, "model": "veggex.orderitem", "pk": 145}, {"fields": {"product": 11, "qtyInUnits": 1, "pricePerUnit": 200, "priceType": "as per mandi rates", "order": 112, "unit": "kg"}, "model": "veggex.orderitem", "pk": 146}, {"fields": {"product": 11, "qtyInUnits": 1, "pricePerUnit": 2, "priceType": "as per mandi rates", "order": 113, "unit": "kg"}, "model": "veggex.orderitem", "pk": 147}, {"fields": {"product": 13, "qtyInUnits": 1, "pricePerUnit": 80, "priceType": "as per mandi rates", "order": 114, "unit": "kg"}, "model": "veggex.orderitem", "pk": 148}, {"fields": {"product": 13, "qtyInUnits": 1, "pricePerUnit": 20, "priceType": "as per mandi rates", "order": 115, "unit": "kg"}, "model": "veggex.orderitem", "pk": 149}, {"fields": {"product": 37, "qtyInUnits": 1, "pricePerUnit": 1000, "priceType": "custom rates", "order": 116, "unit": "kg"}, "model": "veggex.orderitem", "pk": 150}, {"fields": {"product": 77, "qtyInUnits": 1, "pricePerUnit": 1000, "priceType": "custom rates", "order": 117, "unit": "kg"}, "model": "veggex.orderitem", "pk": 151}, {"fields": {"product": 79, "qtyInUnits": 1, "pricePerUnit": 10, "priceType": "custom rates", "order": 118, "unit": "kg"}, "model": "veggex.orderitem", "pk": 152}, {"fields": {"remainingstock": 0.0, "product": 5, "timeOfCreate": "2015-10-20", "user": 1}, "model": "veggex.currentstock", "pk": 23}, {"fields": {"remainingstock": 0.0, "product": 512, "timeOfCreate": "2015-10-20", "user": 1}, "model": "veggex.currentstock", "pk": 24}, {"fields": {"remainingstock": 1.0, "product": 511, "timeOfCreate": "2015-10-20", "user": 1}, "model": "veggex.currentstock", "pk": 25}, {"fields": {"remainingstock": 1.0, "product": 510, "timeOfCreate": "2015-10-20", "user": 1}, "model": "veggex.currentstock", "pk": 26}, {"fields": {"remainingstock": 1.0, "product": 55, "timeOfCreate": "2015-10-20", "user": 1}, "model": "veggex.currentstock", "pk": 27}, {"fields": {"remainingstock": 1.0, "product": 59, "timeOfCreate": "2015-10-20", "user": 1}, "model": "veggex.currentstock", "pk": 28}, {"fields": {"remainingstock": 25.0, "product": 9, "timeOfCreate": "2015-10-20", "user": 6}, "model": "veggex.currentstock", "pk": 29}, {"fields": {"remainingstock": 1.0, "product": 10, "timeOfCreate": "2015-10-20", "user": 6}, "model": "veggex.currentstock", "pk": 30}, {"fields": {"remainingstock": 2.0, "product": 2, "timeOfCreate": "2015-10-20", "user": 1}, "model": "veggex.currentstock", "pk": 31}, {"fields": {"remainingstock": 1.0, "product": 1, "timeOfCreate": "2015-10-23", "user": 1}, "model": "veggex.currentstock", "pk": 32}, {"fields": {"remainingstock": 1.0, "product": 1016, "timeOfCreate": "2015-10-23", "user": 1}, "model": "veggex.currentstock", "pk": 34}, {"fields": {"remainingstock": 1.0, "product": 1035, "timeOfCreate": "2015-10-27", "user": 1}, "model": "veggex.currentstock", "pk": 35}, {"fields": {"remainingstock": 1.0, "product": 1038, "timeOfCreate": "2015-10-27", "user": 1}, "model": "veggex.currentstock", "pk": 36}, {"fields": {"remainingstock": 11.0, "product": 2210719, "timeOfCreate": "2015-10-27", "user": 5}, "model": "veggex.currentstock", "pk": 37}, {"fields": {"remainingstock": 1.0, "product": 2210718, "timeOfCreate": "2015-10-27", "user": 5}, "model": "veggex.currentstock", "pk": 38}, {"fields": {"remainingstock": 2.0, "product": 1038, "timeOfCreate": "2015-10-27", "user": 5}, "model": "veggex.currentstock", "pk": 39}, {"fields": {"remainingstock": 2.0, "product": 108, "timeOfCreate": "2015-10-27", "user": 5}, "model": "veggex.currentstock", "pk": 40}, {"fields": {"remainingstock": 17.0, "product": 11, "timeOfCreate": "2015-10-28", "user": 1}, "model": "veggex.currentstock", "pk": 41}, {"fields": {"remainingstock": 15.0, "product": 10, "timeOfCreate": "2015-10-28", "user": 1}, "model": "veggex.currentstock", "pk": 42}, {"fields": {"remainingstock": 1.0, "product": 15, "timeOfCreate": "2015-10-28", "user": 1}, "model": "veggex.currentstock", "pk": 43}, {"fields": {"remainingstock": 2.0, "product": 13, "timeOfCreate": "2015-10-29", "user": 1}, "model": "veggex.currentstock", "pk": 44}, {"fields": {"remainingstock": 1.0, "product": 37, "timeOfCreate": "2015-10-29", "user": 1}, "model": "veggex.currentstock", "pk": 45}, {"fields": {"remainingstock": 1.0, "product": 77, "timeOfCreate": "2015-10-29", "user": 1}, "model": "veggex.currentstock", "pk": 46}, {"fields": {"remainingstock": 1.0, "product": 79, "timeOfCreate": "2015-10-29", "user": 1}, "model": "veggex.currentstock", "pk": 47}, {"fields": {"comment": "", "timeOfCreate": "2015-10-14", "user": 1, "consumption": 1.0, "stock": 24}, "model": "veggex.stockconsumption", "pk": 1}, {"fields": {"comment": "", "timeOfCreate": "2015-10-18", "user": 1, "consumption": 0.1, "stock": 25}, "model": "veggex.stockconsumption", "pk": 2}, {"fields": {"comment": null, "timeOfCreate": "2015-10-20", "user": 1, "consumption": 0.3, "stock": 25}, "model": "veggex.stockconsumption", "pk": 3}, {"fields": {"comment": "", "timeOfCreate": "2015-10-13", "user": 1, "consumption": 0.1, "stock": 25}, "model": "veggex.stockconsumption", "pk": 4}, {"fields": {"comment": null, "timeOfCreate": "2015-10-20", "user": 1, "consumption": 0.2, "stock": 25}, "model": "veggex.stockconsumption", "pk": 5}, {"fields": {"comment": "", "timeOfCreate": "2015-10-16", "user": 1, "consumption": 0.0, "stock": 25}, "model": "veggex.stockconsumption", "pk": 6}, {"fields": {"comment": null, "timeOfCreate": "2015-10-20", "user": 1, "consumption": 0.0, "stock": 23}, "model": "veggex.stockconsumption", "pk": 7}, {"fields": {"comment": null, "timeOfCreate": "2015-10-20", "user": 1, "consumption": 0.1, "stock": 27}, "model": "veggex.stockconsumption", "pk": 8}, {"fields": {"comment": null, "wastage": 1.0, "timeOfCreate": "2015-10-20", "user": 1, "stock": 23}, "model": "veggex.stockwastage", "pk": 10}, {"fields": {"comment": null, "wastage": 0.0, "timeOfCreate": "2015-10-20", "user": 1, "stock": 23}, "model": "veggex.stockwastage", "pk": 11}, {"fields": {"comment": null, "wastage": 5.0, "timeOfCreate": "2015-10-20", "user": 1, "stock": 24}, "model": "veggex.stockwastage", "pk": 12}, {"fields": {"comment": null, "wastage": 1.0, "timeOfCreate": "2015-10-20", "user": 1, "stock": 28}, "model": "veggex.stockwastage", "pk": 13}, {"fields": {"comment": null, "wastage": 0.9, "timeOfCreate": "2015-10-20", "user": 1, "stock": 27}, "model": "veggex.stockwastage", "pk": 14}, {"fields": {"comment": null, "wastage": 1.0, "timeOfCreate": "2015-10-20", "user": 1, "stock": 26}, "model": "veggex.stockwastage", "pk": 15}, {"fields": {"comment": null, "wastage": 0.0, "timeOfCreate": "2015-10-23", "user": 1, "stock": 23}, "model": "veggex.stockwastage", "pk": 16}]